Global Batch Size: 4096
Micro Batch Size (B): 1024
Number of GPUs: 1
Gradient Accumulation Steps: 4
/venv/main/lib/python3.12/site-packages/webdataset/compat.py:381: UserWarning: set WebDataset(shardshuffle=...) to a positive integer or 0 or False
  warnings.warn("set WebDataset(shardshuffle=...) to a positive integer or 0 or False")
Decay params: 52 tensors, 86,490,624 elements
Non-decay params: 100 tensors, 123,112 elements
Using fused AdamW: True
SOTA SPRINT: Weights successfully mapped (File -> Model).
Resuming from step 105139. Total tensors loaded: 152
step 105139 | loss: 2.523714 | lr 2.0000e-05 | norm: 0.4846 | dt: 8043.89ms | img/sec: 509.21
step 105140 | loss: 2.482926 | lr 2.0000e-05 | norm: 0.4839 | dt: 2063.05ms | img/sec: 1985.41
step 105141 | loss: 2.523933 | lr 2.0000e-05 | norm: 0.4778 | dt: 2132.53ms | img/sec: 1920.72
step 105142 | loss: 2.416869 | lr 2.0000e-05 | norm: 0.4764 | dt: 2101.07ms | img/sec: 1949.48
step 105143 | loss: 2.440283 | lr 2.0000e-05 | norm: 0.4758 | dt: 2055.30ms | img/sec: 1992.90
step 105144 | loss: 2.486905 | lr 1.9999e-05 | norm: 0.4800 | dt: 2087.80ms | img/sec: 1961.87
step 105145 | loss: 2.505089 | lr 1.9999e-05 | norm: 0.4768 | dt: 2068.33ms | img/sec: 1980.34
step 105146 | loss: 2.468146 | lr 1.9999e-05 | norm: 0.4697 | dt: 2085.30ms | img/sec: 1964.23
step 105147 | loss: 2.474028 | lr 1.9999e-05 | norm: 0.4704 | dt: 2085.59ms | img/sec: 1963.96
step 105148 | loss: 2.530485 | lr 1.9998e-05 | norm: 0.4821 | dt: 2059.43ms | img/sec: 1988.90
step 105149 | loss: 2.456530 | lr 1.9998e-05 | norm: 0.4732 | dt: 2142.01ms | img/sec: 1912.22
step 105150 | loss: 2.512923 | lr 1.9998e-05 | norm: 0.4829 | dt: 2060.18ms | img/sec: 1988.18
step 105151 | loss: 2.484837 | lr 1.9997e-05 | norm: 0.4872 | dt: 2067.38ms | img/sec: 1981.25
step 105152 | loss: 2.514410 | lr 1.9997e-05 | norm: 0.4858 | dt: 2117.13ms | img/sec: 1934.69
step 105153 | loss: 2.489355 | lr 1.9996e-05 | norm: 0.4865 | dt: 2073.22ms | img/sec: 1975.67
step 105154 | loss: 2.473610 | lr 1.9995e-05 | norm: 0.4833 | dt: 2062.01ms | img/sec: 1986.41
step 105155 | loss: 2.460163 | lr 1.9995e-05 | norm: 0.4819 | dt: 2058.51ms | img/sec: 1989.78
step 105156 | loss: 2.466532 | lr 1.9994e-05 | norm: 0.4834 | dt: 2070.70ms | img/sec: 1978.07
step 105157 | loss: 2.472692 | lr 1.9993e-05 | norm: 0.4814 | dt: 2075.84ms | img/sec: 1973.17
step 105158 | loss: 2.500855 | lr 1.9993e-05 | norm: 0.4860 | dt: 2145.51ms | img/sec: 1909.10
step 105159 | loss: 2.480607 | lr 1.9992e-05 | norm: 0.4674 | dt: 2081.82ms | img/sec: 1967.51
step 105160 | loss: 2.489119 | lr 1.9991e-05 | norm: 0.4850 | dt: 2078.21ms | img/sec: 1970.92
step 105161 | loss: 2.552939 | lr 1.9990e-05 | norm: 0.4934 | dt: 2161.40ms | img/sec: 1895.06
step 105162 | loss: 2.461078 | lr 1.9989e-05 | norm: 0.4880 | dt: 2119.49ms | img/sec: 1932.54
step 105163 | loss: 2.471678 | lr 1.9988e-05 | norm: 0.4695 | dt: 2070.16ms | img/sec: 1978.59
step 105164 | loss: 2.442037 | lr 1.9987e-05 | norm: 0.4788 | dt: 2060.69ms | img/sec: 1987.69
step 105165 | loss: 2.503230 | lr 1.9986e-05 | norm: 0.4801 | dt: 2107.60ms | img/sec: 1943.44
step 105166 | loss: 2.425435 | lr 1.9985e-05 | norm: 0.4865 | dt: 2075.55ms | img/sec: 1973.45
step 105167 | loss: 2.508959 | lr 1.9984e-05 | norm: 0.4880 | dt: 2065.34ms | img/sec: 1983.21
step 105168 | loss: 2.498532 | lr 1.9983e-05 | norm: 0.4937 | dt: 2130.17ms | img/sec: 1922.85
step 105169 | loss: 2.482065 | lr 1.9982e-05 | norm: 0.4790 | dt: 2071.85ms | img/sec: 1976.97
step 105170 | loss: 2.457045 | lr 1.9981e-05 | norm: 0.4784 | dt: 2067.48ms | img/sec: 1981.15
step 105171 | loss: 2.521028 | lr 1.9979e-05 | norm: 0.4856 | dt: 2075.16ms | img/sec: 1973.82
step 105172 | loss: 2.482160 | lr 1.9978e-05 | norm: 0.4758 | dt: 2145.12ms | img/sec: 1909.45
step 105173 | loss: 2.431992 | lr 1.9977e-05 | norm: 0.4786 | dt: 2106.70ms | img/sec: 1944.27
step 105174 | loss: 2.495579 | lr 1.9975e-05 | norm: 0.4759 | dt: 2076.63ms | img/sec: 1972.43
step 105175 | loss: 2.465656 | lr 1.9974e-05 | norm: 0.4816 | dt: 2066.75ms | img/sec: 1981.85
step 105176 | loss: 2.432913 | lr 1.9972e-05 | norm: 0.4886 | dt: 2066.25ms | img/sec: 1982.34
step 105177 | loss: 2.494837 | lr 1.9971e-05 | norm: 0.4792 | dt: 2073.47ms | img/sec: 1975.43
step 105178 | loss: 2.504124 | lr 1.9969e-05 | norm: 0.4889 | dt: 2102.25ms | img/sec: 1948.39
step 105179 | loss: 2.483455 | lr 1.9968e-05 | norm: 0.5019 | dt: 2068.39ms | img/sec: 1980.28
step 105180 | loss: 2.478283 | lr 1.9966e-05 | norm: 0.4853 | dt: 2076.58ms | img/sec: 1972.48
step 105181 | loss: 2.515089 | lr 1.9964e-05 | norm: 0.5068 | dt: 2104.98ms | img/sec: 1945.86
step 105182 | loss: 2.548458 | lr 1.9963e-05 | norm: 0.4905 | dt: 2078.30ms | img/sec: 1970.84
step 105183 | loss: 2.521842 | lr 1.9961e-05 | norm: 0.4834 | dt: 2120.89ms | img/sec: 1931.27
step 105184 | loss: 2.527033 | lr 1.9959e-05 | norm: 0.5014 | dt: 2066.58ms | img/sec: 1982.02
step 105185 | loss: 2.441024 | lr 1.9957e-05 | norm: 0.4776 | dt: 2076.97ms | img/sec: 1972.10
step 105186 | loss: 2.537697 | lr 1.9955e-05 | norm: 0.4765 | dt: 2067.92ms | img/sec: 1980.73
step 105187 | loss: 2.530414 | lr 1.9954e-05 | norm: 0.4857 | dt: 2079.58ms | img/sec: 1969.63
step 105188 | loss: 2.543764 | lr 1.9952e-05 | norm: 0.5011 | dt: 2095.78ms | img/sec: 1954.41
step 105189 | loss: 2.498113 | lr 1.9950e-05 | norm: 0.4883 | dt: 2070.21ms | img/sec: 1978.55
step 105190 | loss: 2.462378 | lr 1.9948e-05 | norm: 0.4822 | dt: 2066.27ms | img/sec: 1982.32
step 105191 | loss: 2.497719 | lr 1.9945e-05 | norm: 0.4639 | dt: 2100.40ms | img/sec: 1950.10
step 105192 | loss: 2.501232 | lr 1.9943e-05 | norm: 0.4904 | dt: 2093.76ms | img/sec: 1956.29
step 105193 | loss: 2.533789 | lr 1.9941e-05 | norm: 0.4829 | dt: 2070.25ms | img/sec: 1978.50
step 105194 | loss: 2.522681 | lr 1.9939e-05 | norm: 0.4659 | dt: 2069.94ms | img/sec: 1978.80
step 105195 | loss: 2.507262 | lr 1.9937e-05 | norm: 0.4946 | dt: 2078.98ms | img/sec: 1970.20
step 105196 | loss: 2.468426 | lr 1.9935e-05 | norm: 0.4975 | dt: 2123.25ms | img/sec: 1929.12
step 105197 | loss: 2.544477 | lr 1.9932e-05 | norm: 0.4906 | dt: 2087.75ms | img/sec: 1961.92
step 105198 | loss: 2.506614 | lr 1.9930e-05 | norm: 0.4786 | dt: 2122.84ms | img/sec: 1929.49
step 105199 | loss: 2.503911 | lr 1.9927e-05 | norm: 0.4994 | dt: 2138.89ms | img/sec: 1915.01
step 105200 | loss: 2.489410 | lr 1.9925e-05 | norm: 0.4708 | dt: 2080.80ms | img/sec: 1968.48
step 105201 | loss: 2.483720 | lr 1.9923e-05 | norm: 0.5001 | dt: 2085.34ms | img/sec: 1964.18
step 105202 | loss: 2.536216 | lr 1.9920e-05 | norm: 0.4896 | dt: 2061.54ms | img/sec: 1986.86
step 105203 | loss: 2.494948 | lr 1.9917e-05 | norm: 0.4813 | dt: 2068.46ms | img/sec: 1980.22
step 105204 | loss: 2.475581 | lr 1.9915e-05 | norm: 0.4853 | dt: 2177.51ms | img/sec: 1881.05
step 105205 | loss: 2.496313 | lr 1.9912e-05 | norm: 0.4818 | dt: 2063.13ms | img/sec: 1985.34
step 105206 | loss: 2.515242 | lr 1.9910e-05 | norm: 0.4743 | dt: 2081.59ms | img/sec: 1967.73
step 105207 | loss: 2.519944 | lr 1.9907e-05 | norm: 0.4806 | dt: 2100.65ms | img/sec: 1949.88
step 105208 | loss: 2.505214 | lr 1.9904e-05 | norm: 0.4763 | dt: 2066.20ms | img/sec: 1982.38
step 105209 | loss: 2.478330 | lr 1.9901e-05 | norm: 0.4774 | dt: 2077.38ms | img/sec: 1971.71
step 105210 | loss: 2.495921 | lr 1.9898e-05 | norm: 0.4800 | dt: 2068.73ms | img/sec: 1979.96
step 105211 | loss: 2.520225 | lr 1.9896e-05 | norm: 0.4823 | dt: 2073.39ms | img/sec: 1975.51
step 105212 | loss: 2.485944 | lr 1.9893e-05 | norm: 0.4822 | dt: 2150.00ms | img/sec: 1905.12
step 105213 | loss: 2.488280 | lr 1.9890e-05 | norm: 0.4830 | dt: 2125.57ms | img/sec: 1927.01
step 105214 | loss: 2.483604 | lr 1.9887e-05 | norm: 0.4947 | dt: 2137.50ms | img/sec: 1916.26
step 105215 | loss: 2.422731 | lr 1.9884e-05 | norm: 0.4694 | dt: 2079.76ms | img/sec: 1969.46
step 105216 | loss: 2.511309 | lr 1.9881e-05 | norm: 0.4776 | dt: 2065.89ms | img/sec: 1982.68
step 105217 | loss: 2.461553 | lr 1.9877e-05 | norm: 0.4616 | dt: 2081.28ms | img/sec: 1968.02
step 105218 | loss: 2.408453 | lr 1.9874e-05 | norm: 0.4922 | dt: 2083.33ms | img/sec: 1966.08
step 105219 | loss: 2.490746 | lr 1.9871e-05 | norm: 0.4725 | dt: 2169.09ms | img/sec: 1888.35
step 105220 | loss: 2.496703 | lr 1.9868e-05 | norm: 0.4966 | dt: 2146.06ms | img/sec: 1908.62
step 105221 | loss: 2.438710 | lr 1.9865e-05 | norm: 0.4737 | dt: 2111.45ms | img/sec: 1939.90
step 105222 | loss: 2.507038 | lr 1.9861e-05 | norm: 0.4721 | dt: 2061.84ms | img/sec: 1986.57
step 105223 | loss: 2.562304 | lr 1.9858e-05 | norm: 0.4886 | dt: 2061.56ms | img/sec: 1986.85
step 105224 | loss: 2.489985 | lr 1.9855e-05 | norm: 0.4784 | dt: 2067.87ms | img/sec: 1980.78
step 105225 | loss: 2.413472 | lr 1.9851e-05 | norm: 0.4560 | dt: 2062.73ms | img/sec: 1985.72
step 105226 | loss: 2.416489 | lr 1.9848e-05 | norm: 0.4735 | dt: 2106.16ms | img/sec: 1944.77
step 105227 | loss: 2.474931 | lr 1.9844e-05 | norm: 0.4902 | dt: 2078.13ms | img/sec: 1971.00
step 105228 | loss: 2.463672 | lr 1.9841e-05 | norm: 0.4823 | dt: 2072.73ms | img/sec: 1976.13
step 105229 | loss: 2.469709 | lr 1.9837e-05 | norm: 0.4665 | dt: 2061.44ms | img/sec: 1986.96
step 105230 | loss: 2.434717 | lr 1.9833e-05 | norm: 0.4814 | dt: 2062.48ms | img/sec: 1985.96
step 105231 | loss: 2.447216 | lr 1.9830e-05 | norm: 0.4801 | dt: 2154.76ms | img/sec: 1900.90
step 105232 | loss: 2.538574 | lr 1.9826e-05 | norm: 0.4917 | dt: 2072.03ms | img/sec: 1976.81
step 105233 | loss: 2.484486 | lr 1.9822e-05 | norm: 0.4705 | dt: 2179.92ms | img/sec: 1878.97
step 105234 | loss: 2.432276 | lr 1.9818e-05 | norm: 0.4839 | dt: 2210.04ms | img/sec: 1853.36
step 105235 | loss: 2.472288 | lr 1.9815e-05 | norm: 0.4755 | dt: 2072.13ms | img/sec: 1976.71
step 105236 | loss: 2.458733 | lr 1.9811e-05 | norm: 0.4885 | dt: 2107.27ms | img/sec: 1943.75
step 105237 | loss: 2.517615 | lr 1.9807e-05 | norm: 0.4912 | dt: 2092.61ms | img/sec: 1957.36
step 105238 | loss: 2.508991 | lr 1.9803e-05 | norm: 0.4706 | dt: 2067.31ms | img/sec: 1981.31
step 105239 | loss: 2.523192 | lr 1.9799e-05 | norm: 0.4928 | dt: 2071.81ms | img/sec: 1977.02
step 105240 | loss: 2.543001 | lr 1.9795e-05 | norm: 0.4786 | dt: 2085.27ms | img/sec: 1964.26
step 105241 | loss: 2.497984 | lr 1.9791e-05 | norm: 0.4953 | dt: 2075.53ms | img/sec: 1973.48
step 105242 | loss: 2.503094 | lr 1.9787e-05 | norm: 0.4797 | dt: 2100.53ms | img/sec: 1949.98
step 105243 | loss: 2.553433 | lr 1.9783e-05 | norm: 0.4833 | dt: 2083.51ms | img/sec: 1965.91
step 105244 | loss: 2.499781 | lr 1.9778e-05 | norm: 0.4819 | dt: 2194.23ms | img/sec: 1866.72
step 105245 | loss: 2.452694 | lr 1.9774e-05 | norm: 0.4807 | dt: 2058.15ms | img/sec: 1990.14
step 105246 | loss: 2.429064 | lr 1.9770e-05 | norm: 0.4768 | dt: 2108.13ms | img/sec: 1942.95
step 105247 | loss: 2.505464 | lr 1.9766e-05 | norm: 0.4774 | dt: 2073.95ms | img/sec: 1974.98
step 105248 | loss: 2.489882 | lr 1.9761e-05 | norm: 0.5037 | dt: 2088.28ms | img/sec: 1961.42
step 105249 | loss: 2.430064 | lr 1.9757e-05 | norm: 0.4754 | dt: 2067.16ms | img/sec: 1981.46
step 105250 | loss: 2.489335 | lr 1.9752e-05 | norm: 0.4852 | dt: 2165.16ms | img/sec: 1891.78
step 105251 | loss: 2.493340 | lr 1.9748e-05 | norm: 0.4866 | dt: 2069.97ms | img/sec: 1978.77
step 105252 | loss: 2.485831 | lr 1.9743e-05 | norm: 0.4804 | dt: 2158.38ms | img/sec: 1897.72
step 105253 | loss: 2.519745 | lr 1.9739e-05 | norm: 0.4927 | dt: 2113.57ms | img/sec: 1937.95
step 105254 | loss: 2.473836 | lr 1.9734e-05 | norm: 0.4828 | dt: 2169.07ms | img/sec: 1888.37
step 105255 | loss: 2.457295 | lr 1.9730e-05 | norm: 0.4815 | dt: 2085.09ms | img/sec: 1964.43
step 105256 | loss: 2.473139 | lr 1.9725e-05 | norm: 0.4741 | dt: 2085.26ms | img/sec: 1964.26
step 105257 | loss: 2.437718 | lr 1.9720e-05 | norm: 0.4784 | dt: 2081.60ms | img/sec: 1967.72
step 105258 | loss: 2.442115 | lr 1.9716e-05 | norm: 0.4748 | dt: 2093.68ms | img/sec: 1956.36
step 105259 | loss: 2.545571 | lr 1.9711e-05 | norm: 0.4953 | dt: 2139.49ms | img/sec: 1914.47
step 105260 | loss: 2.500364 | lr 1.9706e-05 | norm: 0.4825 | dt: 2065.75ms | img/sec: 1982.81
step 105261 | loss: 2.495783 | lr 1.9701e-05 | norm: 0.4804 | dt: 2070.55ms | img/sec: 1978.22
step 105262 | loss: 2.501816 | lr 1.9696e-05 | norm: 0.4824 | dt: 2123.62ms | img/sec: 1928.78
step 105263 | loss: 2.474068 | lr 1.9691e-05 | norm: 0.4864 | dt: 2192.54ms | img/sec: 1868.15
step 105264 | loss: 2.496813 | lr 1.9686e-05 | norm: 0.4872 | dt: 2294.15ms | img/sec: 1785.41
step 105265 | loss: 2.442660 | lr 1.9681e-05 | norm: 0.4833 | dt: 2167.06ms | img/sec: 1890.12
step 105266 | loss: 2.467138 | lr 1.9676e-05 | norm: 0.4856 | dt: 2062.43ms | img/sec: 1986.00
step 105267 | loss: 2.504553 | lr 1.9671e-05 | norm: 0.4911 | dt: 2065.43ms | img/sec: 1983.12
step 105268 | loss: 2.507231 | lr 1.9666e-05 | norm: 0.4903 | dt: 2077.95ms | img/sec: 1971.18
step 105269 | loss: 2.457085 | lr 1.9661e-05 | norm: 0.4840 | dt: 2068.00ms | img/sec: 1980.66
step 105270 | loss: 2.449915 | lr 1.9656e-05 | norm: 0.4844 | dt: 2092.97ms | img/sec: 1957.03
step 105271 | loss: 2.451797 | lr 1.9651e-05 | norm: 0.4817 | dt: 2123.77ms | img/sec: 1928.64
step 105272 | loss: 2.431792 | lr 1.9645e-05 | norm: 0.4903 | dt: 2144.18ms | img/sec: 1910.29
step 105273 | loss: 2.527492 | lr 1.9640e-05 | norm: 0.4935 | dt: 2061.85ms | img/sec: 1986.56
step 105274 | loss: 2.444418 | lr 1.9635e-05 | norm: 0.4790 | dt: 2171.65ms | img/sec: 1886.13
step 105275 | loss: 2.488101 | lr 1.9629e-05 | norm: 0.4838 | dt: 2151.52ms | img/sec: 1903.77
step 105276 | loss: 2.458903 | lr 1.9624e-05 | norm: 0.4800 | dt: 2102.77ms | img/sec: 1947.91
step 105277 | loss: 2.484624 | lr 1.9618e-05 | norm: 0.4813 | dt: 2071.66ms | img/sec: 1977.16
step 105278 | loss: 2.485472 | lr 1.9613e-05 | norm: 0.4845 | dt: 2067.04ms | img/sec: 1981.58
step 105279 | loss: 2.512666 | lr 1.9607e-05 | norm: 0.4872 | dt: 2073.29ms | img/sec: 1975.60
step 105280 | loss: 2.383322 | lr 1.9602e-05 | norm: 0.4837 | dt: 2062.56ms | img/sec: 1985.89
step 105281 | loss: 2.527710 | lr 1.9596e-05 | norm: 0.5026 | dt: 2063.59ms | img/sec: 1984.89
step 105282 | loss: 2.537329 | lr 1.9590e-05 | norm: 0.4896 | dt: 2081.18ms | img/sec: 1968.11
step 105283 | loss: 2.503998 | lr 1.9585e-05 | norm: 0.4993 | dt: 2083.78ms | img/sec: 1965.66
step 105284 | loss: 2.466060 | lr 1.9579e-05 | norm: 0.4800 | dt: 2072.37ms | img/sec: 1976.48
step 105285 | loss: 2.480564 | lr 1.9573e-05 | norm: 0.4766 | dt: 2059.83ms | img/sec: 1988.51
step 105286 | loss: 2.499838 | lr 1.9567e-05 | norm: 0.4750 | dt: 2096.74ms | img/sec: 1953.51
step 105287 | loss: 2.532235 | lr 1.9561e-05 | norm: 0.4819 | dt: 2091.21ms | img/sec: 1958.68
step 105288 | loss: 2.472707 | lr 1.9555e-05 | norm: 0.4717 | dt: 2214.40ms | img/sec: 1849.71
step 105289 | loss: 2.457127 | lr 1.9549e-05 | norm: 0.4832 | dt: 2081.64ms | img/sec: 1967.68
step 105290 | loss: 2.491843 | lr 1.9543e-05 | norm: 0.4904 | dt: 2062.45ms | img/sec: 1985.99
step 105291 | loss: 2.512997 | lr 1.9537e-05 | norm: 0.4966 | dt: 2173.80ms | img/sec: 1884.26
step 105292 | loss: 2.490715 | lr 1.9531e-05 | norm: 0.5041 | dt: 2113.32ms | img/sec: 1938.18
step 105293 | loss: 2.465970 | lr 1.9525e-05 | norm: 0.5024 | dt: 2065.01ms | img/sec: 1983.53
step 105294 | loss: 2.502050 | lr 1.9519e-05 | norm: 0.4922 | dt: 2102.79ms | img/sec: 1947.89
step 105295 | loss: 2.531007 | lr 1.9513e-05 | norm: 0.4736 | dt: 2078.15ms | img/sec: 1970.99
step 105296 | loss: 2.485813 | lr 1.9507e-05 | norm: 0.4854 | dt: 2088.16ms | img/sec: 1961.53
step 105297 | loss: 2.509934 | lr 1.9501e-05 | norm: 0.4846 | dt: 2110.33ms | img/sec: 1940.93
step 105298 | loss: 2.488326 | lr 1.9494e-05 | norm: 0.4813 | dt: 2068.40ms | img/sec: 1980.28
step 105299 | loss: 2.449629 | lr 1.9488e-05 | norm: 0.5049 | dt: 2060.25ms | img/sec: 1988.11
step 105300 | loss: 2.429226 | lr 1.9482e-05 | norm: 0.4684 | dt: 2084.05ms | img/sec: 1965.41
step 105301 | loss: 2.439567 | lr 1.9475e-05 | norm: 0.4853 | dt: 2078.53ms | img/sec: 1970.62
step 105302 | loss: 2.461258 | lr 1.9469e-05 | norm: 0.4796 | dt: 2063.45ms | img/sec: 1985.02
step 105303 | loss: 2.518113 | lr 1.9462e-05 | norm: 0.5090 | dt: 2098.21ms | img/sec: 1952.14
step 105304 | loss: 2.513494 | lr 1.9456e-05 | norm: 0.4806 | dt: 2090.46ms | img/sec: 1959.38
step 105305 | loss: 2.478682 | lr 1.9449e-05 | norm: 0.4918 | dt: 2082.41ms | img/sec: 1966.95
step 105306 | loss: 2.460198 | lr 1.9443e-05 | norm: 0.4797 | dt: 2097.65ms | img/sec: 1952.66
step 105307 | loss: 2.545112 | lr 1.9436e-05 | norm: 0.4916 | dt: 2069.34ms | img/sec: 1979.38
step 105308 | loss: 2.434186 | lr 1.9429e-05 | norm: 0.4891 | dt: 2139.37ms | img/sec: 1914.58
step 105309 | loss: 2.442161 | lr 1.9423e-05 | norm: 0.4765 | dt: 2077.97ms | img/sec: 1971.16
step 105310 | loss: 2.508738 | lr 1.9416e-05 | norm: 0.4915 | dt: 2091.67ms | img/sec: 1958.25
step 105311 | loss: 2.481519 | lr 1.9409e-05 | norm: 0.4860 | dt: 2081.40ms | img/sec: 1967.90
step 105312 | loss: 2.548298 | lr 1.9402e-05 | norm: 0.4857 | dt: 2128.63ms | img/sec: 1924.24
step 105313 | loss: 2.514912 | lr 1.9395e-05 | norm: 0.4885 | dt: 2061.43ms | img/sec: 1986.97
step 105314 | loss: 2.489580 | lr 1.9388e-05 | norm: 0.4819 | dt: 2069.33ms | img/sec: 1979.38
step 105315 | loss: 2.495095 | lr 1.9382e-05 | norm: 0.4801 | dt: 2258.43ms | img/sec: 1813.65
step 105316 | loss: 2.501755 | lr 1.9375e-05 | norm: 0.4994 | dt: 2127.99ms | img/sec: 1924.82
step 105317 | loss: 2.502754 | lr 1.9368e-05 | norm: 0.4855 | dt: 2090.50ms | img/sec: 1959.34
step 105318 | loss: 2.543012 | lr 1.9360e-05 | norm: 0.4789 | dt: 2079.60ms | img/sec: 1969.61
step 105319 | loss: 2.448946 | lr 1.9353e-05 | norm: 0.4819 | dt: 2079.50ms | img/sec: 1969.71
step 105320 | loss: 2.473380 | lr 1.9346e-05 | norm: 0.4829 | dt: 2235.64ms | img/sec: 1832.14
step 105321 | loss: 2.481080 | lr 1.9339e-05 | norm: 0.4736 | dt: 2067.42ms | img/sec: 1981.21
step 105322 | loss: 2.530243 | lr 1.9332e-05 | norm: 0.4756 | dt: 2088.27ms | img/sec: 1961.43
step 105323 | loss: 2.432334 | lr 1.9325e-05 | norm: 0.4777 | dt: 2142.83ms | img/sec: 1911.49
step 105324 | loss: 2.438242 | lr 1.9317e-05 | norm: 0.4974 | dt: 2129.42ms | img/sec: 1923.53
step 105325 | loss: 2.427843 | lr 1.9310e-05 | norm: 0.4675 | dt: 2142.08ms | img/sec: 1912.16
step 105326 | loss: 2.567851 | lr 1.9303e-05 | norm: 0.5024 | dt: 2107.75ms | img/sec: 1943.30
step 105327 | loss: 2.472933 | lr 1.9295e-05 | norm: 0.4826 | dt: 2121.45ms | img/sec: 1930.75
step 105328 | loss: 2.465217 | lr 1.9288e-05 | norm: 0.4725 | dt: 2125.69ms | img/sec: 1926.90
step 105329 | loss: 2.491629 | lr 1.9280e-05 | norm: 0.4772 | dt: 2210.45ms | img/sec: 1853.01
step 105330 | loss: 2.463357 | lr 1.9273e-05 | norm: 0.4894 | dt: 2201.35ms | img/sec: 1860.67
step 105331 | loss: 2.465763 | lr 1.9265e-05 | norm: 0.4863 | dt: 2113.17ms | img/sec: 1938.32
step 105332 | loss: 2.485646 | lr 1.9258e-05 | norm: 0.4899 | dt: 2094.34ms | img/sec: 1955.74
step 105333 | loss: 2.503274 | lr 1.9250e-05 | norm: 0.4823 | dt: 2095.88ms | img/sec: 1954.31
step 105334 | loss: 2.403914 | lr 1.9243e-05 | norm: 0.4869 | dt: 2136.95ms | img/sec: 1916.75
step 105335 | loss: 2.476904 | lr 1.9235e-05 | norm: 0.4765 | dt: 2142.71ms | img/sec: 1911.60
step 105336 | loss: 2.447635 | lr 1.9227e-05 | norm: 0.4829 | dt: 2194.00ms | img/sec: 1866.91
step 105337 | loss: 2.415316 | lr 1.9219e-05 | norm: 0.4767 | dt: 2083.80ms | img/sec: 1965.64
step 105338 | loss: 2.466803 | lr 1.9212e-05 | norm: 0.4950 | dt: 2142.57ms | img/sec: 1911.73
step 105339 | loss: 2.510239 | lr 1.9204e-05 | norm: 0.4877 | dt: 2086.15ms | img/sec: 1963.42
step 105340 | loss: 2.480338 | lr 1.9196e-05 | norm: 0.4868 | dt: 2095.57ms | img/sec: 1954.59
step 105341 | loss: 2.480533 | lr 1.9188e-05 | norm: 0.4890 | dt: 2090.98ms | img/sec: 1958.89
step 105342 | loss: 2.500010 | lr 1.9180e-05 | norm: 0.5027 | dt: 2135.03ms | img/sec: 1918.47
step 105343 | loss: 2.476297 | lr 1.9172e-05 | norm: 0.4881 | dt: 2205.41ms | img/sec: 1857.25
step 105344 | loss: 2.476219 | lr 1.9164e-05 | norm: 0.4754 | dt: 2145.86ms | img/sec: 1908.79
step 105345 | loss: 2.492374 | lr 1.9156e-05 | norm: 0.4929 | dt: 2252.73ms | img/sec: 1818.24
step 105346 | loss: 2.503344 | lr 1.9148e-05 | norm: 0.4962 | dt: 2097.07ms | img/sec: 1953.20
step 105347 | loss: 2.533614 | lr 1.9140e-05 | norm: 0.4993 | dt: 2190.79ms | img/sec: 1869.64
step 105348 | loss: 2.503985 | lr 1.9132e-05 | norm: 0.5164 | dt: 2094.87ms | img/sec: 1955.25
step 105349 | loss: 2.456091 | lr 1.9123e-05 | norm: 0.5082 | dt: 2120.50ms | img/sec: 1931.62
step 105350 | loss: 2.465933 | lr 1.9115e-05 | norm: 0.4736 | dt: 2195.15ms | img/sec: 1865.93
step 105351 | loss: 2.478543 | lr 1.9107e-05 | norm: 0.4916 | dt: 2158.05ms | img/sec: 1898.01
step 105352 | loss: 2.548920 | lr 1.9099e-05 | norm: 0.4936 | dt: 2109.29ms | img/sec: 1941.88
step 105353 | loss: 2.494586 | lr 1.9090e-05 | norm: 0.4900 | dt: 2164.61ms | img/sec: 1892.25
step 105354 | loss: 2.459537 | lr 1.9082e-05 | norm: 0.4795 | dt: 2066.97ms | img/sec: 1981.64
step 105355 | loss: 2.495713 | lr 1.9073e-05 | norm: 0.4843 | dt: 2218.38ms | img/sec: 1846.39
step 105356 | loss: 2.532211 | lr 1.9065e-05 | norm: 0.4915 | dt: 2142.11ms | img/sec: 1912.13
step 105357 | loss: 2.455309 | lr 1.9056e-05 | norm: 0.4760 | dt: 2084.56ms | img/sec: 1964.93
step 105358 | loss: 2.502588 | lr 1.9048e-05 | norm: 0.4809 | dt: 2110.23ms | img/sec: 1941.02
step 105359 | loss: 2.521263 | lr 1.9039e-05 | norm: 0.4939 | dt: 2229.93ms | img/sec: 1836.83
step 105360 | loss: 2.429154 | lr 1.9031e-05 | norm: 0.4700 | dt: 2146.77ms | img/sec: 1907.98
step 105361 | loss: 2.484894 | lr 1.9022e-05 | norm: 0.4862 | dt: 2101.68ms | img/sec: 1948.91
step 105362 | loss: 2.464547 | lr 1.9013e-05 | norm: 0.4774 | dt: 2150.17ms | img/sec: 1904.97
step 105363 | loss: 2.538969 | lr 1.9005e-05 | norm: 0.4922 | dt: 2188.10ms | img/sec: 1871.95
step 105364 | loss: 2.489528 | lr 1.8996e-05 | norm: 0.4767 | dt: 2165.69ms | img/sec: 1891.31
step 105365 | loss: 2.482037 | lr 1.8987e-05 | norm: 0.4857 | dt: 2114.20ms | img/sec: 1937.38
step 105366 | loss: 2.436154 | lr 1.8978e-05 | norm: 0.4825 | dt: 2198.60ms | img/sec: 1863.01
step 105367 | loss: 2.476207 | lr 1.8969e-05 | norm: 0.4900 | dt: 2113.92ms | img/sec: 1937.63
step 105368 | loss: 2.512943 | lr 1.8961e-05 | norm: 0.4983 | dt: 2115.96ms | img/sec: 1935.77
step 105369 | loss: 2.471755 | lr 1.8952e-05 | norm: 0.5119 | dt: 2140.32ms | img/sec: 1913.73
step 105370 | loss: 2.442591 | lr 1.8943e-05 | norm: 0.4805 | dt: 2158.66ms | img/sec: 1897.47
step 105371 | loss: 2.482193 | lr 1.8934e-05 | norm: 0.4811 | dt: 2176.47ms | img/sec: 1881.95
step 105372 | loss: 2.459601 | lr 1.8925e-05 | norm: 0.4645 | dt: 2081.35ms | img/sec: 1967.96
step 105373 | loss: 2.483113 | lr 1.8916e-05 | norm: 0.4895 | dt: 2093.76ms | img/sec: 1956.29
step 105374 | loss: 2.499763 | lr 1.8906e-05 | norm: 0.4913 | dt: 2129.16ms | img/sec: 1923.76
step 105375 | loss: 2.628760 | lr 1.8897e-05 | norm: 0.5016 | dt: 2231.72ms | img/sec: 1835.35
step 105376 | loss: 2.524539 | lr 1.8888e-05 | norm: 0.4852 | dt: 2098.79ms | img/sec: 1951.60
step 105377 | loss: 2.491266 | lr 1.8879e-05 | norm: 0.4852 | dt: 2234.07ms | img/sec: 1833.42
step 105378 | loss: 2.481520 | lr 1.8870e-05 | norm: 0.4777 | dt: 2243.40ms | img/sec: 1825.80
step 105379 | loss: 2.497730 | lr 1.8860e-05 | norm: 0.4879 | dt: 2085.04ms | img/sec: 1964.47
step 105380 | loss: 2.443836 | lr 1.8851e-05 | norm: 0.4768 | dt: 2101.86ms | img/sec: 1948.75
step 105381 | loss: 2.527661 | lr 1.8842e-05 | norm: 0.4850 | dt: 2114.40ms | img/sec: 1937.19
step 105382 | loss: 2.469298 | lr 1.8832e-05 | norm: 0.4905 | dt: 2167.77ms | img/sec: 1889.50
step 105383 | loss: 2.516212 | lr 1.8823e-05 | norm: 0.4891 | dt: 2152.58ms | img/sec: 1902.83
step 105384 | loss: 2.476335 | lr 1.8813e-05 | norm: 0.5012 | dt: 2078.01ms | img/sec: 1971.11
step 105385 | loss: 2.452039 | lr 1.8804e-05 | norm: 0.4797 | dt: 2173.55ms | img/sec: 1884.48
step 105386 | loss: 2.442607 | lr 1.8794e-05 | norm: 0.4697 | dt: 2094.02ms | img/sec: 1956.05
step 105387 | loss: 2.489498 | lr 1.8785e-05 | norm: 0.4933 | dt: 2142.46ms | img/sec: 1911.82
step 105388 | loss: 2.460003 | lr 1.8775e-05 | norm: 0.4754 | dt: 2105.15ms | img/sec: 1945.70
step 105389 | loss: 2.503593 | lr 1.8765e-05 | norm: 0.4888 | dt: 2065.20ms | img/sec: 1983.34
step 105390 | loss: 2.532189 | lr 1.8756e-05 | norm: 0.5105 | dt: 2091.61ms | img/sec: 1958.30
step 105391 | loss: 2.463879 | lr 1.8746e-05 | norm: 0.4841 | dt: 2243.25ms | img/sec: 1825.92
step 105392 | loss: 2.485125 | lr 1.8736e-05 | norm: 0.4909 | dt: 2089.62ms | img/sec: 1960.16
step 105393 | loss: 2.498050 | lr 1.8726e-05 | norm: 0.4834 | dt: 2083.25ms | img/sec: 1966.16
step 105394 | loss: 2.433530 | lr 1.8717e-05 | norm: 0.4715 | dt: 2108.86ms | img/sec: 1942.28
step 105395 | loss: 2.493540 | lr 1.8707e-05 | norm: 0.4990 | dt: 2161.57ms | img/sec: 1894.92
step 105396 | loss: 2.426713 | lr 1.8697e-05 | norm: 0.4828 | dt: 2068.72ms | img/sec: 1979.97
step 105397 | loss: 2.466389 | lr 1.8687e-05 | norm: 0.4737 | dt: 2073.67ms | img/sec: 1975.24
step 105398 | loss: 2.509880 | lr 1.8677e-05 | norm: 0.4786 | dt: 2176.41ms | img/sec: 1881.99
step 105399 | loss: 2.489682 | lr 1.8667e-05 | norm: 0.4990 | dt: 2077.94ms | img/sec: 1971.18
step 105400 | loss: 2.485157 | lr 1.8657e-05 | norm: 0.4829 | dt: 2120.19ms | img/sec: 1931.90
step 105401 | loss: 2.476505 | lr 1.8647e-05 | norm: 0.4880 | dt: 2090.84ms | img/sec: 1959.02
step 105402 | loss: 2.444212 | lr 1.8637e-05 | norm: 0.4786 | dt: 2095.30ms | img/sec: 1954.85
step 105403 | loss: 2.503764 | lr 1.8627e-05 | norm: 0.4907 | dt: 2174.51ms | img/sec: 1883.64
step 105404 | loss: 2.509547 | lr 1.8616e-05 | norm: 0.5216 | dt: 2346.87ms | img/sec: 1745.31
step 105405 | loss: 2.514337 | lr 1.8606e-05 | norm: 0.4794 | dt: 2252.67ms | img/sec: 1818.28
step 105406 | loss: 2.483362 | lr 1.8596e-05 | norm: 0.5017 | dt: 2411.32ms | img/sec: 1698.65
step 105407 | loss: 2.443825 | lr 1.8586e-05 | norm: 0.4813 | dt: 2182.17ms | img/sec: 1877.03
step 105408 | loss: 2.564131 | lr 1.8575e-05 | norm: 0.4930 | dt: 2114.09ms | img/sec: 1937.48
step 105409 | loss: 2.455855 | lr 1.8565e-05 | norm: 0.4906 | dt: 2193.56ms | img/sec: 1867.29
step 105410 | loss: 2.477950 | lr 1.8555e-05 | norm: 0.4874 | dt: 2144.48ms | img/sec: 1910.02
step 105411 | loss: 2.524277 | lr 1.8544e-05 | norm: 0.4890 | dt: 2128.21ms | img/sec: 1924.62
step 105412 | loss: 2.485854 | lr 1.8534e-05 | norm: 0.4783 | dt: 2170.79ms | img/sec: 1886.87
step 105413 | loss: 2.462503 | lr 1.8523e-05 | norm: 0.4734 | dt: 2125.31ms | img/sec: 1927.25
step 105414 | loss: 2.497899 | lr 1.8513e-05 | norm: 0.5048 | dt: 2123.40ms | img/sec: 1928.98
step 105415 | loss: 2.447163 | lr 1.8502e-05 | norm: 0.4826 | dt: 2095.00ms | img/sec: 1955.13
step 105416 | loss: 2.471119 | lr 1.8492e-05 | norm: 0.4665 | dt: 2204.01ms | img/sec: 1858.43
step 105417 | loss: 2.487048 | lr 1.8481e-05 | norm: 0.4715 | dt: 2175.52ms | img/sec: 1882.77
step 105418 | loss: 2.485670 | lr 1.8470e-05 | norm: 0.4872 | dt: 2190.54ms | img/sec: 1869.86
step 105419 | loss: 2.453605 | lr 1.8460e-05 | norm: 0.4789 | dt: 2127.38ms | img/sec: 1925.38
step 105420 | loss: 2.504035 | lr 1.8449e-05 | norm: 0.4789 | dt: 2152.55ms | img/sec: 1902.86
step 105421 | loss: 2.478372 | lr 1.8438e-05 | norm: 0.4903 | dt: 2073.57ms | img/sec: 1975.34
step 105422 | loss: 2.472800 | lr 1.8427e-05 | norm: 0.4922 | dt: 2152.51ms | img/sec: 1902.90
step 105423 | loss: 2.477352 | lr 1.8417e-05 | norm: 0.4845 | dt: 2135.80ms | img/sec: 1917.78
step 105424 | loss: 2.503433 | lr 1.8406e-05 | norm: 0.5112 | dt: 2192.84ms | img/sec: 1867.90
step 105425 | loss: 2.515151 | lr 1.8395e-05 | norm: 0.4769 | dt: 2102.64ms | img/sec: 1948.03
step 105426 | loss: 2.513237 | lr 1.8384e-05 | norm: 0.5061 | dt: 2111.58ms | img/sec: 1939.78
step 105427 | loss: 2.438073 | lr 1.8373e-05 | norm: 0.4683 | dt: 2134.05ms | img/sec: 1919.36
step 105428 | loss: 2.534226 | lr 1.8362e-05 | norm: 0.4814 | dt: 2193.56ms | img/sec: 1867.29
step 105429 | loss: 2.497104 | lr 1.8351e-05 | norm: 0.4941 | dt: 2094.52ms | img/sec: 1955.58
step 105430 | loss: 2.492388 | lr 1.8340e-05 | norm: 0.4919 | dt: 2148.61ms | img/sec: 1906.35
step 105431 | loss: 2.526771 | lr 1.8329e-05 | norm: 0.4912 | dt: 2087.45ms | img/sec: 1962.20
step 105432 | loss: 2.507006 | lr 1.8318e-05 | norm: 0.4906 | dt: 2143.81ms | img/sec: 1910.62
step 105433 | loss: 2.496770 | lr 1.8306e-05 | norm: 0.4747 | dt: 2238.32ms | img/sec: 1829.94
step 105434 | loss: 2.515571 | lr 1.8295e-05 | norm: 0.5025 | dt: 2072.41ms | img/sec: 1976.44
step 105435 | loss: 2.477740 | lr 1.8284e-05 | norm: 0.4985 | dt: 2175.70ms | img/sec: 1882.61
step 105436 | loss: 2.513172 | lr 1.8273e-05 | norm: 0.4804 | dt: 2104.38ms | img/sec: 1946.42
step 105437 | loss: 2.455853 | lr 1.8261e-05 | norm: 0.5002 | dt: 2144.13ms | img/sec: 1910.34
step 105438 | loss: 2.515627 | lr 1.8250e-05 | norm: 0.4996 | dt: 2167.93ms | img/sec: 1889.36
step 105439 | loss: 2.448312 | lr 1.8239e-05 | norm: 0.4791 | dt: 2095.40ms | img/sec: 1954.76
step 105440 | loss: 2.526109 | lr 1.8227e-05 | norm: 0.5003 | dt: 2117.72ms | img/sec: 1934.16
step 105441 | loss: 2.394353 | lr 1.8216e-05 | norm: 0.4741 | dt: 2081.46ms | img/sec: 1967.85
step 105442 | loss: 2.513521 | lr 1.8204e-05 | norm: 0.4975 | dt: 2095.15ms | img/sec: 1954.99
step 105443 | loss: 2.446594 | lr 1.8193e-05 | norm: 0.4802 | dt: 2158.48ms | img/sec: 1897.63
step 105444 | loss: 2.451655 | lr 1.8181e-05 | norm: 0.4778 | dt: 2306.74ms | img/sec: 1775.67
step 105445 | loss: 2.517168 | lr 1.8170e-05 | norm: 0.4957 | dt: 2118.16ms | img/sec: 1933.75
step 105446 | loss: 2.479909 | lr 1.8158e-05 | norm: 0.4830 | dt: 2103.71ms | img/sec: 1947.04
step 105447 | loss: 2.447734 | lr 1.8147e-05 | norm: 0.4759 | dt: 2166.85ms | img/sec: 1890.30
step 105448 | loss: 2.509718 | lr 1.8135e-05 | norm: 0.4831 | dt: 2094.16ms | img/sec: 1955.92
step 105449 | loss: 2.460664 | lr 1.8123e-05 | norm: 0.5091 | dt: 2220.37ms | img/sec: 1844.74
step 105450 | loss: 2.481918 | lr 1.8111e-05 | norm: 0.4878 | dt: 2138.29ms | img/sec: 1915.55
step 105451 | loss: 2.510206 | lr 1.8100e-05 | norm: 0.4759 | dt: 2106.31ms | img/sec: 1944.63
step 105452 | loss: 2.578166 | lr 1.8088e-05 | norm: 0.4970 | dt: 2103.73ms | img/sec: 1947.02
step 105453 | loss: 2.484674 | lr 1.8076e-05 | norm: 0.4844 | dt: 2085.18ms | img/sec: 1964.34
step 105454 | loss: 2.497706 | lr 1.8064e-05 | norm: 0.4906 | dt: 2088.39ms | img/sec: 1961.32
step 105455 | loss: 2.496294 | lr 1.8052e-05 | norm: 0.4742 | dt: 2171.28ms | img/sec: 1886.45
step 105456 | loss: 2.452819 | lr 1.8040e-05 | norm: 0.4721 | dt: 2123.53ms | img/sec: 1928.86
step 105457 | loss: 2.468446 | lr 1.8028e-05 | norm: 0.4761 | dt: 2190.12ms | img/sec: 1870.21
step 105458 | loss: 2.492363 | lr 1.8016e-05 | norm: 0.4972 | dt: 2092.50ms | img/sec: 1957.47
step 105459 | loss: 2.467578 | lr 1.8004e-05 | norm: 0.4686 | dt: 2115.73ms | img/sec: 1935.97
step 105460 | loss: 2.503687 | lr 1.7992e-05 | norm: 0.4832 | dt: 2079.24ms | img/sec: 1969.95
step 105461 | loss: 2.492895 | lr 1.7980e-05 | norm: 0.4707 | dt: 2080.89ms | img/sec: 1968.39
step 105462 | loss: 2.508736 | lr 1.7968e-05 | norm: 0.4983 | dt: 2238.56ms | img/sec: 1829.75
step 105463 | loss: 2.485400 | lr 1.7956e-05 | norm: 0.4887 | dt: 2103.92ms | img/sec: 1946.85
step 105464 | loss: 2.481821 | lr 1.7944e-05 | norm: 0.4758 | dt: 2117.47ms | img/sec: 1934.39
step 105465 | loss: 2.508142 | lr 1.7932e-05 | norm: 0.4777 | dt: 2076.61ms | img/sec: 1972.44
step 105466 | loss: 2.493262 | lr 1.7919e-05 | norm: 0.5003 | dt: 2069.72ms | img/sec: 1979.01
step 105467 | loss: 2.395344 | lr 1.7907e-05 | norm: 0.4728 | dt: 2071.27ms | img/sec: 1977.53
step 105468 | loss: 2.465118 | lr 1.7895e-05 | norm: 0.4695 | dt: 2075.22ms | img/sec: 1973.76
step 105469 | loss: 2.445598 | lr 1.7882e-05 | norm: 0.4791 | dt: 2075.45ms | img/sec: 1973.54
step 105470 | loss: 2.495784 | lr 1.7870e-05 | norm: 0.4783 | dt: 2110.38ms | img/sec: 1940.88
step 105471 | loss: 2.500972 | lr 1.7858e-05 | norm: 0.4751 | dt: 2068.09ms | img/sec: 1980.57
step 105472 | loss: 2.524788 | lr 1.7845e-05 | norm: 0.4804 | dt: 2102.54ms | img/sec: 1948.12
step 105473 | loss: 2.490444 | lr 1.7833e-05 | norm: 0.4785 | dt: 2116.72ms | img/sec: 1935.07
step 105474 | loss: 2.475169 | lr 1.7820e-05 | norm: 0.4718 | dt: 2184.49ms | img/sec: 1875.04
step 105475 | loss: 2.450201 | lr 1.7808e-05 | norm: 0.4807 | dt: 2155.29ms | img/sec: 1900.44
step 105476 | loss: 2.461226 | lr 1.7795e-05 | norm: 0.4764 | dt: 2099.18ms | img/sec: 1951.24
step 105477 | loss: 2.484141 | lr 1.7783e-05 | norm: 0.4894 | dt: 2162.26ms | img/sec: 1894.31
step 105478 | loss: 2.437461 | lr 1.7770e-05 | norm: 0.4791 | dt: 2073.47ms | img/sec: 1975.43
step 105479 | loss: 2.403334 | lr 1.7757e-05 | norm: 0.4729 | dt: 2112.51ms | img/sec: 1938.92
step 105480 | loss: 2.550849 | lr 1.7745e-05 | norm: 0.5051 | dt: 2108.94ms | img/sec: 1942.21
step 105481 | loss: 2.478761 | lr 1.7732e-05 | norm: 0.4990 | dt: 2070.71ms | img/sec: 1978.06
step 105482 | loss: 2.468614 | lr 1.7719e-05 | norm: 0.4935 | dt: 2164.47ms | img/sec: 1892.38
step 105483 | loss: 2.492462 | lr 1.7706e-05 | norm: 0.4944 | dt: 2151.34ms | img/sec: 1903.93
step 105484 | loss: 2.500419 | lr 1.7694e-05 | norm: 0.4896 | dt: 2111.17ms | img/sec: 1940.16
step 105485 | loss: 2.463970 | lr 1.7681e-05 | norm: 0.4748 | dt: 2115.16ms | img/sec: 1936.50
step 105486 | loss: 2.503724 | lr 1.7668e-05 | norm: 0.5009 | dt: 2134.67ms | img/sec: 1918.80
step 105487 | loss: 2.442026 | lr 1.7655e-05 | norm: 0.4767 | dt: 2108.91ms | img/sec: 1942.23
step 105488 | loss: 2.490279 | lr 1.7642e-05 | norm: 0.4851 | dt: 2115.82ms | img/sec: 1935.89
step 105489 | loss: 2.454995 | lr 1.7629e-05 | norm: 0.4789 | dt: 2102.80ms | img/sec: 1947.88
step 105490 | loss: 2.549638 | lr 1.7616e-05 | norm: 0.5031 | dt: 2072.70ms | img/sec: 1976.17
step 105491 | loss: 2.421027 | lr 1.7603e-05 | norm: 0.4796 | dt: 2133.50ms | img/sec: 1919.85
step 105492 | loss: 2.476373 | lr 1.7590e-05 | norm: 0.5035 | dt: 2145.30ms | img/sec: 1909.29
step 105493 | loss: 2.525189 | lr 1.7577e-05 | norm: 0.5089 | dt: 2090.86ms | img/sec: 1959.01
step 105494 | loss: 2.538883 | lr 1.7564e-05 | norm: 0.5039 | dt: 2254.11ms | img/sec: 1817.13
step 105495 | loss: 2.422431 | lr 1.7551e-05 | norm: 0.4668 | dt: 2102.03ms | img/sec: 1948.59
step 105496 | loss: 2.495718 | lr 1.7537e-05 | norm: 0.4880 | dt: 2199.37ms | img/sec: 1862.35
step 105497 | loss: 2.457056 | lr 1.7524e-05 | norm: 0.4792 | dt: 2106.65ms | img/sec: 1944.32
step 105498 | loss: 2.516561 | lr 1.7511e-05 | norm: 0.5041 | dt: 2176.20ms | img/sec: 1882.18
step 105499 | loss: 2.540147 | lr 1.7498e-05 | norm: 0.4964 | dt: 2109.97ms | img/sec: 1941.26
step 105500 | val_loss 1.4364 | val_acc 66.35%
step 105500 | loss: 2.446081 | lr 1.7484e-05 | norm: 0.4846 | dt: 8057.33ms | img/sec: 508.36
step 105501 | loss: 2.505506 | lr 1.7471e-05 | norm: 0.4715 | dt: 2128.03ms | img/sec: 1924.78
step 105502 | loss: 2.481346 | lr 1.7458e-05 | norm: 0.4856 | dt: 2225.62ms | img/sec: 1840.38
step 105503 | loss: 2.530912 | lr 1.7444e-05 | norm: 0.5012 | dt: 2216.58ms | img/sec: 1847.89
step 105504 | loss: 2.463069 | lr 1.7431e-05 | norm: 0.4744 | dt: 2194.22ms | img/sec: 1866.72
step 105505 | loss: 2.432512 | lr 1.7417e-05 | norm: 0.4930 | dt: 2111.64ms | img/sec: 1939.73
step 105506 | loss: 2.515659 | lr 1.7404e-05 | norm: 0.4986 | dt: 2088.75ms | img/sec: 1960.99
step 105507 | loss: 2.514839 | lr 1.7390e-05 | norm: 0.4977 | dt: 2199.50ms | img/sec: 1862.24
step 105508 | loss: 2.469360 | lr 1.7377e-05 | norm: 0.4888 | dt: 2068.08ms | img/sec: 1980.58
step 105509 | loss: 2.434903 | lr 1.7363e-05 | norm: 0.4919 | dt: 2123.21ms | img/sec: 1929.16
step 105510 | loss: 2.473733 | lr 1.7350e-05 | norm: 0.4864 | dt: 2126.26ms | img/sec: 1926.39
step 105511 | loss: 2.498302 | lr 1.7336e-05 | norm: 0.5049 | dt: 2075.81ms | img/sec: 1973.21
step 105512 | loss: 2.504452 | lr 1.7322e-05 | norm: 0.4765 | dt: 2094.99ms | img/sec: 1955.14
step 105513 | loss: 2.458741 | lr 1.7309e-05 | norm: 0.4766 | dt: 2073.12ms | img/sec: 1975.76
step 105514 | loss: 2.442432 | lr 1.7295e-05 | norm: 0.5003 | dt: 2126.43ms | img/sec: 1926.23
step 105515 | loss: 2.475663 | lr 1.7281e-05 | norm: 0.4981 | dt: 2166.14ms | img/sec: 1890.92
step 105516 | loss: 2.492204 | lr 1.7267e-05 | norm: 0.4999 | dt: 2117.65ms | img/sec: 1934.22
step 105517 | loss: 2.503619 | lr 1.7254e-05 | norm: 0.4856 | dt: 2088.00ms | img/sec: 1961.68
step 105518 | loss: 2.443437 | lr 1.7240e-05 | norm: 0.4780 | dt: 2253.11ms | img/sec: 1817.94
step 105519 | loss: 2.456672 | lr 1.7226e-05 | norm: 0.4726 | dt: 2105.65ms | img/sec: 1945.24
step 105520 | loss: 2.562658 | lr 1.7212e-05 | norm: 0.4846 | dt: 2078.08ms | img/sec: 1971.05
step 105521 | loss: 2.499201 | lr 1.7198e-05 | norm: 0.4991 | dt: 2081.09ms | img/sec: 1968.20
step 105522 | loss: 2.507422 | lr 1.7184e-05 | norm: 0.4939 | dt: 2111.87ms | img/sec: 1939.51
step 105523 | loss: 2.439854 | lr 1.7170e-05 | norm: 0.4775 | dt: 2104.99ms | img/sec: 1945.85
step 105524 | loss: 2.387913 | lr 1.7156e-05 | norm: 0.4855 | dt: 2087.90ms | img/sec: 1961.78
step 105525 | loss: 2.474366 | lr 1.7142e-05 | norm: 0.4782 | dt: 2194.90ms | img/sec: 1866.14
step 105526 | loss: 2.495345 | lr 1.7128e-05 | norm: 0.4755 | dt: 2184.18ms | img/sec: 1875.30
step 105527 | loss: 2.484295 | lr 1.7114e-05 | norm: 0.4840 | dt: 2070.54ms | img/sec: 1978.23
step 105528 | loss: 2.506531 | lr 1.7100e-05 | norm: 0.5006 | dt: 2119.76ms | img/sec: 1932.29
step 105529 | loss: 2.428664 | lr 1.7086e-05 | norm: 0.4708 | dt: 2244.53ms | img/sec: 1824.88
step 105530 | loss: 2.462630 | lr 1.7072e-05 | norm: 0.4702 | dt: 2109.63ms | img/sec: 1941.58
step 105531 | loss: 2.489963 | lr 1.7057e-05 | norm: 0.4862 | dt: 2102.69ms | img/sec: 1947.99
step 105532 | loss: 2.467302 | lr 1.7043e-05 | norm: 0.4953 | dt: 2073.89ms | img/sec: 1975.04
step 105533 | loss: 2.464787 | lr 1.7029e-05 | norm: 0.4945 | dt: 2104.43ms | img/sec: 1946.37
step 105534 | loss: 2.513806 | lr 1.7015e-05 | norm: 0.4796 | dt: 2135.82ms | img/sec: 1917.76
step 105535 | loss: 2.463749 | lr 1.7000e-05 | norm: 0.4904 | dt: 2104.87ms | img/sec: 1945.96
step 105536 | loss: 2.478719 | lr 1.6986e-05 | norm: 0.4859 | dt: 2108.68ms | img/sec: 1942.44
step 105537 | loss: 2.458446 | lr 1.6971e-05 | norm: 0.4837 | dt: 2071.64ms | img/sec: 1977.18
step 105538 | loss: 2.452311 | lr 1.6957e-05 | norm: 0.4720 | dt: 2100.24ms | img/sec: 1950.26
step 105539 | loss: 2.510575 | lr 1.6943e-05 | norm: 0.4836 | dt: 2122.53ms | img/sec: 1929.77
step 105540 | loss: 2.410336 | lr 1.6928e-05 | norm: 0.4582 | dt: 2070.43ms | img/sec: 1978.33
step 105541 | loss: 2.527616 | lr 1.6914e-05 | norm: 0.4881 | dt: 2067.69ms | img/sec: 1980.95
step 105542 | loss: 2.491857 | lr 1.6899e-05 | norm: 0.4915 | dt: 2148.92ms | img/sec: 1906.08
step 105543 | loss: 2.494244 | lr 1.6885e-05 | norm: 0.5014 | dt: 2195.97ms | img/sec: 1865.23
step 105544 | loss: 2.540133 | lr 1.6870e-05 | norm: 0.4802 | dt: 2089.20ms | img/sec: 1960.56
step 105545 | loss: 2.500069 | lr 1.6855e-05 | norm: 0.4813 | dt: 2075.07ms | img/sec: 1973.91
step 105546 | loss: 2.450954 | lr 1.6841e-05 | norm: 0.4812 | dt: 2178.76ms | img/sec: 1879.97
step 105547 | loss: 2.541849 | lr 1.6826e-05 | norm: 0.4927 | dt: 2082.42ms | img/sec: 1966.94
step 105548 | loss: 2.493538 | lr 1.6811e-05 | norm: 0.4865 | dt: 2187.66ms | img/sec: 1872.32
step 105549 | loss: 2.480869 | lr 1.6797e-05 | norm: 0.4861 | dt: 2143.85ms | img/sec: 1910.58
step 105550 | loss: 2.463758 | lr 1.6782e-05 | norm: 0.4702 | dt: 2065.90ms | img/sec: 1982.67
step 105551 | loss: 2.472534 | lr 1.6767e-05 | norm: 0.4964 | dt: 2088.03ms | img/sec: 1961.66
step 105552 | loss: 2.389038 | lr 1.6752e-05 | norm: 0.4612 | dt: 2187.93ms | img/sec: 1872.09
step 105553 | loss: 2.452379 | lr 1.6738e-05 | norm: 0.5129 | dt: 2224.94ms | img/sec: 1840.95
step 105554 | loss: 2.462227 | lr 1.6723e-05 | norm: 0.4829 | dt: 2087.39ms | img/sec: 1962.26
step 105555 | loss: 2.486834 | lr 1.6708e-05 | norm: 0.4861 | dt: 2101.62ms | img/sec: 1948.97
step 105556 | loss: 2.500666 | lr 1.6693e-05 | norm: 0.4911 | dt: 2089.83ms | img/sec: 1959.97
step 105557 | loss: 2.438521 | lr 1.6678e-05 | norm: 0.4978 | dt: 2066.32ms | img/sec: 1982.27
step 105558 | loss: 2.461533 | lr 1.6663e-05 | norm: 0.4686 | dt: 2089.63ms | img/sec: 1960.16
step 105559 | loss: 2.518906 | lr 1.6648e-05 | norm: 0.4987 | dt: 2118.82ms | img/sec: 1933.15
step 105560 | loss: 2.475073 | lr 1.6633e-05 | norm: 0.4798 | dt: 2241.95ms | img/sec: 1826.98
step 105561 | loss: 2.495212 | lr 1.6618e-05 | norm: 0.4873 | dt: 2130.50ms | img/sec: 1922.56
step 105562 | loss: 2.438569 | lr 1.6603e-05 | norm: 0.4778 | dt: 2100.89ms | img/sec: 1949.65
step 105563 | loss: 2.441179 | lr 1.6588e-05 | norm: 0.4700 | dt: 2255.61ms | img/sec: 1815.92
step 105564 | loss: 2.478539 | lr 1.6573e-05 | norm: 0.4742 | dt: 2150.04ms | img/sec: 1905.08
step 105565 | loss: 2.475419 | lr 1.6558e-05 | norm: 0.4960 | dt: 2116.78ms | img/sec: 1935.01
step 105566 | loss: 2.543294 | lr 1.6542e-05 | norm: 0.4969 | dt: 2093.80ms | img/sec: 1956.25
step 105567 | loss: 2.426796 | lr 1.6527e-05 | norm: 0.4806 | dt: 2184.62ms | img/sec: 1874.92
step 105568 | loss: 2.485393 | lr 1.6512e-05 | norm: 0.4857 | dt: 2071.98ms | img/sec: 1976.85
step 105569 | loss: 2.494067 | lr 1.6497e-05 | norm: 0.4854 | dt: 2106.72ms | img/sec: 1944.25
step 105570 | loss: 2.482988 | lr 1.6481e-05 | norm: 0.4806 | dt: 2203.19ms | img/sec: 1859.12
step 105571 | loss: 2.455741 | lr 1.6466e-05 | norm: 0.4837 | dt: 2103.83ms | img/sec: 1946.93
step 105572 | loss: 2.543598 | lr 1.6451e-05 | norm: 0.4999 | dt: 2093.99ms | img/sec: 1956.07
step 105573 | loss: 2.551396 | lr 1.6435e-05 | norm: 0.5048 | dt: 2118.08ms | img/sec: 1933.83
step 105574 | loss: 2.462799 | lr 1.6420e-05 | norm: 0.4766 | dt: 2364.53ms | img/sec: 1732.27
step 105575 | loss: 2.527120 | lr 1.6405e-05 | norm: 0.5028 | dt: 2109.31ms | img/sec: 1941.86
step 105576 | loss: 2.492411 | lr 1.6389e-05 | norm: 0.4858 | dt: 2105.63ms | img/sec: 1945.26
step 105577 | loss: 2.518095 | lr 1.6374e-05 | norm: 0.4911 | dt: 2091.32ms | img/sec: 1958.57
step 105578 | loss: 2.501881 | lr 1.6358e-05 | norm: 0.4704 | dt: 2234.74ms | img/sec: 1832.88
step 105579 | loss: 2.472074 | lr 1.6343e-05 | norm: 0.4868 | dt: 2199.82ms | img/sec: 1861.97
step 105580 | loss: 2.507441 | lr 1.6327e-05 | norm: 0.4991 | dt: 2103.31ms | img/sec: 1947.41
step 105581 | loss: 2.472751 | lr 1.6312e-05 | norm: 0.5050 | dt: 2129.74ms | img/sec: 1923.24
step 105582 | loss: 2.473700 | lr 1.6296e-05 | norm: 0.4943 | dt: 2072.35ms | img/sec: 1976.50
step 105583 | loss: 2.570259 | lr 1.6281e-05 | norm: 0.4938 | dt: 2078.59ms | img/sec: 1970.57
step 105584 | loss: 2.477048 | lr 1.6265e-05 | norm: 0.4810 | dt: 2091.85ms | img/sec: 1958.07
step 105585 | loss: 2.437647 | lr 1.6249e-05 | norm: 0.4850 | dt: 2125.08ms | img/sec: 1927.46
step 105586 | loss: 2.522225 | lr 1.6234e-05 | norm: 0.4773 | dt: 2151.66ms | img/sec: 1903.65
step 105587 | loss: 2.524147 | lr 1.6218e-05 | norm: 0.4856 | dt: 2085.82ms | img/sec: 1963.73
step 105588 | loss: 2.449898 | lr 1.6202e-05 | norm: 0.4760 | dt: 2100.46ms | img/sec: 1950.05
step 105589 | loss: 2.477234 | lr 1.6186e-05 | norm: 0.4857 | dt: 2097.38ms | img/sec: 1952.91
step 105590 | loss: 2.476614 | lr 1.6171e-05 | norm: 0.4788 | dt: 2121.63ms | img/sec: 1930.59
step 105591 | loss: 2.394049 | lr 1.6155e-05 | norm: 0.4672 | dt: 2246.74ms | img/sec: 1823.09
step 105592 | loss: 2.477206 | lr 1.6139e-05 | norm: 0.4881 | dt: 2099.92ms | img/sec: 1950.55
step 105593 | loss: 2.447732 | lr 1.6123e-05 | norm: 0.4753 | dt: 2081.64ms | img/sec: 1967.68
step 105594 | loss: 2.475543 | lr 1.6107e-05 | norm: 0.4838 | dt: 2136.79ms | img/sec: 1916.90
step 105595 | loss: 2.540306 | lr 1.6091e-05 | norm: 0.5060 | dt: 2146.33ms | img/sec: 1908.37
step 105596 | loss: 2.535302 | lr 1.6075e-05 | norm: 0.4880 | dt: 2092.25ms | img/sec: 1957.70
step 105597 | loss: 2.473819 | lr 1.6059e-05 | norm: 0.4926 | dt: 2084.44ms | img/sec: 1965.03
step 105598 | loss: 2.538127 | lr 1.6043e-05 | norm: 0.5084 | dt: 2099.61ms | img/sec: 1950.84
step 105599 | loss: 2.479401 | lr 1.6027e-05 | norm: 0.4759 | dt: 2153.38ms | img/sec: 1902.13
step 105600 | loss: 2.445411 | lr 1.6011e-05 | norm: 0.4679 | dt: 2078.87ms | img/sec: 1970.30
step 105601 | loss: 2.478973 | lr 1.5995e-05 | norm: 0.4967 | dt: 2100.44ms | img/sec: 1950.07
step 105602 | loss: 2.496167 | lr 1.5979e-05 | norm: 0.4884 | dt: 2096.93ms | img/sec: 1953.33
step 105603 | loss: 2.490225 | lr 1.5963e-05 | norm: 0.4977 | dt: 2091.38ms | img/sec: 1958.51
step 105604 | loss: 2.462286 | lr 1.5947e-05 | norm: 0.4769 | dt: 2075.60ms | img/sec: 1973.40
step 105605 | loss: 2.508968 | lr 1.5931e-05 | norm: 0.4905 | dt: 2169.08ms | img/sec: 1888.36
step 105606 | loss: 2.462574 | lr 1.5915e-05 | norm: 0.4953 | dt: 2210.45ms | img/sec: 1853.02
step 105607 | loss: 2.428328 | lr 1.5898e-05 | norm: 0.4887 | dt: 2071.63ms | img/sec: 1977.19
step 105608 | loss: 2.492729 | lr 1.5882e-05 | norm: 0.4838 | dt: 2102.27ms | img/sec: 1948.37
step 105609 | loss: 2.524455 | lr 1.5866e-05 | norm: 0.4838 | dt: 2085.48ms | img/sec: 1964.05
step 105610 | loss: 2.474777 | lr 1.5850e-05 | norm: 0.4772 | dt: 2130.52ms | img/sec: 1922.53
step 105611 | loss: 2.449821 | lr 1.5833e-05 | norm: 0.4763 | dt: 2092.30ms | img/sec: 1957.66
step 105612 | loss: 2.517694 | lr 1.5817e-05 | norm: 0.4832 | dt: 2094.41ms | img/sec: 1955.68
step 105613 | loss: 2.464145 | lr 1.5801e-05 | norm: 0.4843 | dt: 2128.46ms | img/sec: 1924.39
step 105614 | loss: 2.452193 | lr 1.5784e-05 | norm: 0.4655 | dt: 2073.85ms | img/sec: 1975.07
step 105615 | loss: 2.485943 | lr 1.5768e-05 | norm: 0.4972 | dt: 2369.84ms | img/sec: 1728.38
step 105616 | loss: 2.515509 | lr 1.5752e-05 | norm: 0.4903 | dt: 2118.79ms | img/sec: 1933.18
step 105617 | loss: 2.440531 | lr 1.5735e-05 | norm: 0.4882 | dt: 2081.36ms | img/sec: 1967.94
step 105618 | loss: 2.398323 | lr 1.5719e-05 | norm: 0.4667 | dt: 2117.57ms | img/sec: 1934.29
step 105619 | loss: 2.478291 | lr 1.5702e-05 | norm: 0.4874 | dt: 2196.94ms | img/sec: 1864.41
step 105620 | loss: 2.509099 | lr 1.5686e-05 | norm: 0.4797 | dt: 2103.44ms | img/sec: 1947.28
step 105621 | loss: 2.460754 | lr 1.5669e-05 | norm: 0.4800 | dt: 2139.05ms | img/sec: 1914.87
step 105622 | loss: 2.467002 | lr 1.5653e-05 | norm: 0.4755 | dt: 2099.02ms | img/sec: 1951.39
step 105623 | loss: 2.470592 | lr 1.5636e-05 | norm: 0.4980 | dt: 2107.49ms | img/sec: 1943.54
step 105624 | loss: 2.422778 | lr 1.5620e-05 | norm: 0.4968 | dt: 2069.98ms | img/sec: 1978.76
step 105625 | loss: 2.490871 | lr 1.5603e-05 | norm: 0.4795 | dt: 2093.99ms | img/sec: 1956.08
step 105626 | loss: 2.555798 | lr 1.5586e-05 | norm: 0.4945 | dt: 2136.05ms | img/sec: 1917.56
step 105627 | loss: 2.575564 | lr 1.5570e-05 | norm: 0.4994 | dt: 2188.10ms | img/sec: 1871.95
step 105628 | loss: 2.518769 | lr 1.5553e-05 | norm: 0.4903 | dt: 2215.15ms | img/sec: 1849.08
step 105629 | loss: 2.474119 | lr 1.5536e-05 | norm: 0.4764 | dt: 2108.19ms | img/sec: 1942.90
step 105630 | loss: 2.448400 | lr 1.5519e-05 | norm: 0.4773 | dt: 2072.44ms | img/sec: 1976.41
step 105631 | loss: 2.481969 | lr 1.5503e-05 | norm: 0.4777 | dt: 2110.41ms | img/sec: 1940.86
step 105632 | loss: 2.430228 | lr 1.5486e-05 | norm: 0.4932 | dt: 2094.29ms | img/sec: 1955.80
step 105633 | loss: 2.480395 | lr 1.5469e-05 | norm: 0.4842 | dt: 2119.03ms | img/sec: 1932.96
step 105634 | loss: 2.484063 | lr 1.5452e-05 | norm: 0.4822 | dt: 2071.13ms | img/sec: 1977.66
step 105635 | loss: 2.501357 | lr 1.5436e-05 | norm: 0.4855 | dt: 2146.78ms | img/sec: 1907.98
step 105636 | loss: 2.518567 | lr 1.5419e-05 | norm: 0.4915 | dt: 2232.33ms | img/sec: 1834.85
step 105637 | loss: 2.470877 | lr 1.5402e-05 | norm: 0.4656 | dt: 2120.91ms | img/sec: 1931.24
step 105638 | loss: 2.409696 | lr 1.5385e-05 | norm: 0.4690 | dt: 2192.49ms | img/sec: 1868.20
step 105639 | loss: 2.505976 | lr 1.5368e-05 | norm: 0.4969 | dt: 2178.22ms | img/sec: 1880.43
step 105640 | loss: 2.536680 | lr 1.5351e-05 | norm: 0.4970 | dt: 2096.16ms | img/sec: 1954.05
step 105641 | loss: 2.473267 | lr 1.5334e-05 | norm: 0.4778 | dt: 2177.52ms | img/sec: 1881.04
step 105642 | loss: 2.474217 | lr 1.5317e-05 | norm: 0.4722 | dt: 2090.92ms | img/sec: 1958.94
step 105643 | loss: 2.456850 | lr 1.5300e-05 | norm: 0.4648 | dt: 2180.97ms | img/sec: 1878.07
step 105644 | loss: 2.563226 | lr 1.5283e-05 | norm: 0.4941 | dt: 2154.18ms | img/sec: 1901.42
step 105645 | loss: 2.454586 | lr 1.5266e-05 | norm: 0.4780 | dt: 2077.89ms | img/sec: 1971.23
step 105646 | loss: 2.407101 | lr 1.5249e-05 | norm: 0.4771 | dt: 2092.98ms | img/sec: 1957.02
step 105647 | loss: 2.522265 | lr 1.5232e-05 | norm: 0.5051 | dt: 2095.92ms | img/sec: 1954.27
step 105648 | loss: 2.479874 | lr 1.5215e-05 | norm: 0.4922 | dt: 2074.03ms | img/sec: 1974.90
step 105649 | loss: 2.514921 | lr 1.5198e-05 | norm: 0.4690 | dt: 2184.77ms | img/sec: 1874.80
step 105650 | loss: 2.471569 | lr 1.5180e-05 | norm: 0.4886 | dt: 2115.43ms | img/sec: 1936.25
step 105651 | loss: 2.467160 | lr 1.5163e-05 | norm: 0.4889 | dt: 2069.96ms | img/sec: 1978.79
step 105652 | loss: 2.470810 | lr 1.5146e-05 | norm: 0.4953 | dt: 2078.18ms | img/sec: 1970.95
step 105653 | loss: 2.437991 | lr 1.5129e-05 | norm: 0.4734 | dt: 2087.04ms | img/sec: 1962.59
step 105654 | loss: 2.457205 | lr 1.5112e-05 | norm: 0.4975 | dt: 2071.86ms | img/sec: 1976.97
step 105655 | loss: 2.571787 | lr 1.5094e-05 | norm: 0.4942 | dt: 2076.65ms | img/sec: 1972.40
step 105656 | loss: 2.487159 | lr 1.5077e-05 | norm: 0.4902 | dt: 2114.73ms | img/sec: 1936.89
step 105657 | loss: 2.506027 | lr 1.5060e-05 | norm: 0.4926 | dt: 2095.72ms | img/sec: 1954.46
step 105658 | loss: 2.545798 | lr 1.5042e-05 | norm: 0.4965 | dt: 2063.52ms | img/sec: 1984.96
step 105659 | loss: 2.537874 | lr 1.5025e-05 | norm: 0.5048 | dt: 2074.85ms | img/sec: 1974.12
step 105660 | loss: 2.465070 | lr 1.5008e-05 | norm: 0.4815 | dt: 2129.39ms | img/sec: 1923.56
step 105661 | loss: 2.414652 | lr 1.4990e-05 | norm: 0.4660 | dt: 2142.67ms | img/sec: 1911.63
step 105662 | loss: 2.485748 | lr 1.4973e-05 | norm: 0.5007 | dt: 2093.86ms | img/sec: 1956.19
step 105663 | loss: 2.535354 | lr 1.4955e-05 | norm: 0.4883 | dt: 2095.21ms | img/sec: 1954.94
step 105664 | loss: 2.483979 | lr 1.4938e-05 | norm: 0.4840 | dt: 2101.86ms | img/sec: 1948.75
step 105665 | loss: 2.520651 | lr 1.4921e-05 | norm: 0.4796 | dt: 2110.17ms | img/sec: 1941.07
step 105666 | loss: 2.501198 | lr 1.4903e-05 | norm: 0.4819 | dt: 2204.04ms | img/sec: 1858.40
step 105667 | loss: 2.455140 | lr 1.4886e-05 | norm: 0.4880 | dt: 2128.92ms | img/sec: 1923.98
step 105668 | loss: 2.482673 | lr 1.4868e-05 | norm: 0.4804 | dt: 2067.21ms | img/sec: 1981.41
step 105669 | loss: 2.455011 | lr 1.4850e-05 | norm: 0.4884 | dt: 2067.86ms | img/sec: 1980.79
step 105670 | loss: 2.525593 | lr 1.4833e-05 | norm: 0.4814 | dt: 2170.97ms | img/sec: 1886.71
step 105671 | loss: 2.513226 | lr 1.4815e-05 | norm: 0.4838 | dt: 2112.06ms | img/sec: 1939.34
step 105672 | loss: 2.457751 | lr 1.4798e-05 | norm: 0.4863 | dt: 2092.10ms | img/sec: 1957.84
step 105673 | loss: 2.552408 | lr 1.4780e-05 | norm: 0.5058 | dt: 2087.84ms | img/sec: 1961.84
step 105674 | loss: 2.453459 | lr 1.4762e-05 | norm: 0.4741 | dt: 2315.76ms | img/sec: 1768.75
step 105675 | loss: 2.548035 | lr 1.4745e-05 | norm: 0.4830 | dt: 2133.15ms | img/sec: 1920.16
step 105676 | loss: 2.493197 | lr 1.4727e-05 | norm: 0.5118 | dt: 2197.11ms | img/sec: 1864.27
step 105677 | loss: 2.459849 | lr 1.4709e-05 | norm: 0.4880 | dt: 2070.22ms | img/sec: 1978.53
step 105678 | loss: 2.513142 | lr 1.4692e-05 | norm: 0.4794 | dt: 2127.90ms | img/sec: 1924.90
step 105679 | loss: 2.462005 | lr 1.4674e-05 | norm: 0.4765 | dt: 2065.57ms | img/sec: 1982.98
step 105680 | loss: 2.443220 | lr 1.4656e-05 | norm: 0.4743 | dt: 2062.34ms | img/sec: 1986.09
step 105681 | loss: 2.493343 | lr 1.4638e-05 | norm: 0.4874 | dt: 2067.12ms | img/sec: 1981.50
step 105682 | loss: 2.454304 | lr 1.4621e-05 | norm: 0.4904 | dt: 2116.49ms | img/sec: 1935.28
step 105683 | loss: 2.467666 | lr 1.4603e-05 | norm: 0.4683 | dt: 2125.41ms | img/sec: 1927.15
step 105684 | loss: 2.450464 | lr 1.4585e-05 | norm: 0.4822 | dt: 2080.72ms | img/sec: 1968.55
step 105685 | loss: 2.477700 | lr 1.4567e-05 | norm: 0.4846 | dt: 2122.40ms | img/sec: 1929.89
step 105686 | loss: 2.475386 | lr 1.4549e-05 | norm: 0.4741 | dt: 2128.86ms | img/sec: 1924.03
step 105687 | loss: 2.453737 | lr 1.4531e-05 | norm: 0.4808 | dt: 2132.45ms | img/sec: 1920.80
step 105688 | loss: 2.456611 | lr 1.4514e-05 | norm: 0.4830 | dt: 2104.69ms | img/sec: 1946.13
step 105689 | loss: 2.502457 | lr 1.4496e-05 | norm: 0.4997 | dt: 2083.64ms | img/sec: 1965.79
step 105690 | loss: 2.467280 | lr 1.4478e-05 | norm: 0.4911 | dt: 2110.09ms | img/sec: 1941.15
step 105691 | loss: 2.550862 | lr 1.4460e-05 | norm: 0.4953 | dt: 2075.13ms | img/sec: 1973.85
step 105692 | loss: 2.552471 | lr 1.4442e-05 | norm: 0.4785 | dt: 2085.35ms | img/sec: 1964.18
step 105693 | loss: 2.458028 | lr 1.4424e-05 | norm: 0.4808 | dt: 2108.91ms | img/sec: 1942.24
step 105694 | loss: 2.518811 | lr 1.4406e-05 | norm: 0.4884 | dt: 2187.69ms | img/sec: 1872.29
step 105695 | loss: 2.486001 | lr 1.4388e-05 | norm: 0.4929 | dt: 2117.37ms | img/sec: 1934.48
step 105696 | loss: 2.467005 | lr 1.4370e-05 | norm: 0.4883 | dt: 2129.34ms | img/sec: 1923.60
step 105697 | loss: 2.432556 | lr 1.4352e-05 | norm: 0.4692 | dt: 2073.51ms | img/sec: 1975.40
step 105698 | loss: 2.516328 | lr 1.4334e-05 | norm: 0.4916 | dt: 2105.15ms | img/sec: 1945.71
step 105699 | loss: 2.387012 | lr 1.4315e-05 | norm: 0.4686 | dt: 2115.30ms | img/sec: 1936.37
step 105700 | loss: 2.498121 | lr 1.4297e-05 | norm: 0.4908 | dt: 2070.23ms | img/sec: 1978.52
step 105701 | loss: 2.435626 | lr 1.4279e-05 | norm: 0.4785 | dt: 2180.58ms | img/sec: 1878.40
step 105702 | loss: 2.550828 | lr 1.4261e-05 | norm: 0.4966 | dt: 2129.94ms | img/sec: 1923.06
step 105703 | loss: 2.522202 | lr 1.4243e-05 | norm: 0.5134 | dt: 2058.93ms | img/sec: 1989.38
step 105704 | loss: 2.524450 | lr 1.4225e-05 | norm: 0.4801 | dt: 2093.76ms | img/sec: 1956.29
step 105705 | loss: 2.575111 | lr 1.4207e-05 | norm: 0.4968 | dt: 2080.91ms | img/sec: 1968.37
step 105706 | loss: 2.455511 | lr 1.4188e-05 | norm: 0.4767 | dt: 2116.66ms | img/sec: 1935.13
step 105707 | loss: 2.495409 | lr 1.4170e-05 | norm: 0.4952 | dt: 2101.48ms | img/sec: 1949.10
step 105708 | loss: 2.473894 | lr 1.4152e-05 | norm: 0.4904 | dt: 2094.07ms | img/sec: 1956.00
step 105709 | loss: 2.516392 | lr 1.4134e-05 | norm: 0.5088 | dt: 2143.31ms | img/sec: 1911.06
step 105710 | loss: 2.432903 | lr 1.4115e-05 | norm: 0.4805 | dt: 2064.16ms | img/sec: 1984.34
step 105711 | loss: 2.445634 | lr 1.4097e-05 | norm: 0.4801 | dt: 2081.92ms | img/sec: 1967.42
step 105712 | loss: 2.484808 | lr 1.4079e-05 | norm: 0.4785 | dt: 2114.05ms | img/sec: 1937.51
step 105713 | loss: 2.509469 | lr 1.4060e-05 | norm: 0.4690 | dt: 2161.63ms | img/sec: 1894.87
step 105714 | loss: 2.412190 | lr 1.4042e-05 | norm: 0.4872 | dt: 2091.41ms | img/sec: 1958.48
step 105715 | loss: 2.446386 | lr 1.4024e-05 | norm: 0.4796 | dt: 2142.84ms | img/sec: 1911.48
step 105716 | loss: 2.423727 | lr 1.4005e-05 | norm: 0.4740 | dt: 2160.99ms | img/sec: 1895.42
step 105717 | loss: 2.475951 | lr 1.3987e-05 | norm: 0.4987 | dt: 2237.34ms | img/sec: 1830.74
step 105718 | loss: 2.501587 | lr 1.3968e-05 | norm: 0.4892 | dt: 2085.90ms | img/sec: 1963.66
step 105719 | loss: 2.505446 | lr 1.3950e-05 | norm: 0.4877 | dt: 2090.33ms | img/sec: 1959.50
step 105720 | loss: 2.503831 | lr 1.3932e-05 | norm: 0.4873 | dt: 2100.10ms | img/sec: 1950.39
step 105721 | loss: 2.535005 | lr 1.3913e-05 | norm: 0.4825 | dt: 2302.55ms | img/sec: 1778.90
step 105722 | loss: 2.471420 | lr 1.3895e-05 | norm: 0.4830 | dt: 2149.83ms | img/sec: 1905.26
step 105723 | loss: 2.441961 | lr 1.3876e-05 | norm: 0.4853 | dt: 2180.62ms | img/sec: 1878.37
step 105724 | loss: 2.429409 | lr 1.3858e-05 | norm: 0.4768 | dt: 2075.71ms | img/sec: 1973.30
step 105725 | loss: 2.497975 | lr 1.3839e-05 | norm: 0.4989 | dt: 2105.03ms | img/sec: 1945.82
step 105726 | loss: 2.436530 | lr 1.3821e-05 | norm: 0.4649 | dt: 2205.71ms | img/sec: 1857.00
step 105727 | loss: 2.505778 | lr 1.3802e-05 | norm: 0.4839 | dt: 2159.13ms | img/sec: 1897.06
step 105728 | loss: 2.506071 | lr 1.3784e-05 | norm: 0.4941 | dt: 2136.67ms | img/sec: 1917.00
step 105729 | loss: 2.476214 | lr 1.3765e-05 | norm: 0.5037 | dt: 2079.93ms | img/sec: 1969.30
step 105730 | loss: 2.509482 | lr 1.3746e-05 | norm: 0.4965 | dt: 2186.87ms | img/sec: 1872.99
step 105731 | loss: 2.489072 | lr 1.3728e-05 | norm: 0.4782 | dt: 2185.09ms | img/sec: 1874.52
step 105732 | loss: 2.538880 | lr 1.3709e-05 | norm: 0.4991 | dt: 2122.56ms | img/sec: 1929.74
step 105733 | loss: 2.425506 | lr 1.3690e-05 | norm: 0.4829 | dt: 2074.67ms | img/sec: 1974.29
step 105734 | loss: 2.470456 | lr 1.3672e-05 | norm: 0.4906 | dt: 2089.65ms | img/sec: 1960.14
step 105735 | loss: 2.472602 | lr 1.3653e-05 | norm: 0.4763 | dt: 2159.01ms | img/sec: 1897.17
step 105736 | loss: 2.435903 | lr 1.3634e-05 | norm: 0.4830 | dt: 2153.37ms | img/sec: 1902.14
step 105737 | loss: 2.542132 | lr 1.3616e-05 | norm: 0.4820 | dt: 2219.19ms | img/sec: 1845.72
step 105738 | loss: 2.489612 | lr 1.3597e-05 | norm: 0.5031 | dt: 2159.86ms | img/sec: 1896.42
step 105739 | loss: 2.465871 | lr 1.3578e-05 | norm: 0.4829 | dt: 2131.34ms | img/sec: 1921.79
step 105740 | loss: 2.510128 | lr 1.3560e-05 | norm: 0.4841 | dt: 2067.19ms | img/sec: 1981.43
step 105741 | loss: 2.581747 | lr 1.3541e-05 | norm: 0.5246 | dt: 2207.94ms | img/sec: 1855.13
step 105742 | loss: 2.461389 | lr 1.3522e-05 | norm: 0.4944 | dt: 2152.05ms | img/sec: 1903.30
step 105743 | loss: 2.531431 | lr 1.3503e-05 | norm: 0.4909 | dt: 2201.10ms | img/sec: 1860.89
step 105744 | loss: 2.422735 | lr 1.3484e-05 | norm: 0.4720 | dt: 2067.24ms | img/sec: 1981.39
step 105745 | loss: 2.532246 | lr 1.3466e-05 | norm: 0.4948 | dt: 2077.46ms | img/sec: 1971.64
step 105746 | loss: 2.501536 | lr 1.3447e-05 | norm: 0.4855 | dt: 2074.12ms | img/sec: 1974.81
step 105747 | loss: 2.486144 | lr 1.3428e-05 | norm: 0.4800 | dt: 2095.13ms | img/sec: 1955.01
step 105748 | loss: 2.526623 | lr 1.3409e-05 | norm: 0.5012 | dt: 2092.63ms | img/sec: 1957.34
step 105749 | loss: 2.493794 | lr 1.3390e-05 | norm: 0.4794 | dt: 2282.31ms | img/sec: 1794.67
step 105750 | loss: 2.491013 | lr 1.3371e-05 | norm: 0.4956 | dt: 2076.35ms | img/sec: 1972.69
step 105751 | loss: 2.505486 | lr 1.3352e-05 | norm: 0.4808 | dt: 2106.03ms | img/sec: 1944.89
step 105752 | loss: 2.443439 | lr 1.3334e-05 | norm: 0.4791 | dt: 2060.04ms | img/sec: 1988.31
step 105753 | loss: 2.452978 | lr 1.3315e-05 | norm: 0.4790 | dt: 2090.75ms | img/sec: 1959.11
step 105754 | loss: 2.477218 | lr 1.3296e-05 | norm: 0.4958 | dt: 2087.83ms | img/sec: 1961.85
step 105755 | loss: 2.535505 | lr 1.3277e-05 | norm: 0.4825 | dt: 2091.96ms | img/sec: 1957.98
step 105756 | loss: 2.435433 | lr 1.3258e-05 | norm: 0.4863 | dt: 2067.93ms | img/sec: 1980.72
step 105757 | loss: 2.390005 | lr 1.3239e-05 | norm: 0.4715 | dt: 2083.78ms | img/sec: 1965.66
step 105758 | loss: 2.479292 | lr 1.3220e-05 | norm: 0.4828 | dt: 2062.27ms | img/sec: 1986.16
step 105759 | loss: 2.453485 | lr 1.3201e-05 | norm: 0.4817 | dt: 2061.24ms | img/sec: 1987.16
step 105760 | loss: 2.458634 | lr 1.3182e-05 | norm: 0.4640 | dt: 2054.82ms | img/sec: 1993.36
step 105761 | loss: 2.450582 | lr 1.3163e-05 | norm: 0.4837 | dt: 2107.92ms | img/sec: 1943.15
step 105762 | loss: 2.508082 | lr 1.3144e-05 | norm: 0.4863 | dt: 2098.83ms | img/sec: 1951.56
step 105763 | loss: 2.493123 | lr 1.3125e-05 | norm: 0.4680 | dt: 5871.81ms | img/sec: 697.57
step 105764 | loss: 2.447470 | lr 1.3106e-05 | norm: 0.5029 | dt: 2142.74ms | img/sec: 1911.57
step 105765 | loss: 2.547364 | lr 1.3087e-05 | norm: 0.4970 | dt: 2260.50ms | img/sec: 1811.99
step 105766 | loss: 2.475419 | lr 1.3067e-05 | norm: 0.4849 | dt: 2086.56ms | img/sec: 1963.04
step 105767 | loss: 2.457244 | lr 1.3048e-05 | norm: 0.4824 | dt: 2135.50ms | img/sec: 1918.05
step 105768 | loss: 2.430195 | lr 1.3029e-05 | norm: 0.4801 | dt: 2062.62ms | img/sec: 1985.83
step 105769 | loss: 2.461992 | lr 1.3010e-05 | norm: 0.4763 | dt: 2156.18ms | img/sec: 1899.66
step 105770 | loss: 2.451918 | lr 1.2991e-05 | norm: 0.4772 | dt: 2134.48ms | img/sec: 1918.97
step 105771 | loss: 2.490234 | lr 1.2972e-05 | norm: 0.4762 | dt: 2064.10ms | img/sec: 1984.40
step 105772 | loss: 2.451826 | lr 1.2953e-05 | norm: 0.4878 | dt: 2189.53ms | img/sec: 1870.72
step 105773 | loss: 2.457512 | lr 1.2934e-05 | norm: 0.4931 | dt: 2113.54ms | img/sec: 1937.98
step 105774 | loss: 2.438776 | lr 1.2914e-05 | norm: 0.4828 | dt: 2153.20ms | img/sec: 1902.28
step 105775 | loss: 2.445123 | lr 1.2895e-05 | norm: 0.4781 | dt: 2279.81ms | img/sec: 1796.64
step 105776 | loss: 2.440270 | lr 1.2876e-05 | norm: 0.4887 | dt: 2141.16ms | img/sec: 1912.98
step 105777 | loss: 2.485224 | lr 1.2857e-05 | norm: 0.4946 | dt: 2092.39ms | img/sec: 1957.57
step 105778 | loss: 2.468889 | lr 1.2838e-05 | norm: 0.4886 | dt: 2079.62ms | img/sec: 1969.59
step 105779 | loss: 2.414968 | lr 1.2818e-05 | norm: 0.4779 | dt: 2125.48ms | img/sec: 1927.09
step 105780 | loss: 2.472956 | lr 1.2799e-05 | norm: 0.4924 | dt: 2227.25ms | img/sec: 1839.04
step 105781 | loss: 2.498462 | lr 1.2780e-05 | norm: 0.4851 | dt: 2066.90ms | img/sec: 1981.71
step 105782 | loss: 2.551533 | lr 1.2760e-05 | norm: 0.4978 | dt: 2099.69ms | img/sec: 1950.77
step 105783 | loss: 2.486100 | lr 1.2741e-05 | norm: 0.4877 | dt: 2087.80ms | img/sec: 1961.88
step 105784 | loss: 2.436799 | lr 1.2722e-05 | norm: 0.4762 | dt: 2125.41ms | img/sec: 1927.16
step 105785 | loss: 2.500474 | lr 1.2703e-05 | norm: 0.4854 | dt: 2091.89ms | img/sec: 1958.04
step 105786 | loss: 2.520909 | lr 1.2683e-05 | norm: 0.4921 | dt: 2138.54ms | img/sec: 1915.33
step 105787 | loss: 2.490902 | lr 1.2664e-05 | norm: 0.4913 | dt: 2114.55ms | img/sec: 1937.05
step 105788 | loss: 2.573646 | lr 1.2645e-05 | norm: 0.4854 | dt: 2066.28ms | img/sec: 1982.30
step 105789 | loss: 2.451089 | lr 1.2625e-05 | norm: 0.4772 | dt: 2109.51ms | img/sec: 1941.69
step 105790 | loss: 2.453585 | lr 1.2606e-05 | norm: 0.5009 | dt: 2085.94ms | img/sec: 1963.62
step 105791 | loss: 2.468664 | lr 1.2587e-05 | norm: 0.4763 | dt: 2059.58ms | img/sec: 1988.76
step 105792 | loss: 2.506230 | lr 1.2567e-05 | norm: 0.5000 | dt: 2174.54ms | img/sec: 1883.62
step 105793 | loss: 2.461768 | lr 1.2548e-05 | norm: 0.4871 | dt: 2132.60ms | img/sec: 1920.66
step 105794 | loss: 2.481454 | lr 1.2528e-05 | norm: 0.4883 | dt: 2184.85ms | img/sec: 1874.73
step 105795 | loss: 2.536172 | lr 1.2509e-05 | norm: 0.5028 | dt: 2190.85ms | img/sec: 1869.59
step 105796 | loss: 2.483325 | lr 1.2490e-05 | norm: 0.4818 | dt: 2079.15ms | img/sec: 1970.04
step 105797 | loss: 2.511012 | lr 1.2470e-05 | norm: 0.4938 | dt: 2061.56ms | img/sec: 1986.85
step 105798 | loss: 2.523652 | lr 1.2451e-05 | norm: 0.4936 | dt: 2066.42ms | img/sec: 1982.17
step 105799 | loss: 2.487926 | lr 1.2431e-05 | norm: 0.4805 | dt: 2146.36ms | img/sec: 1908.35
step 105800 | loss: 2.457908 | lr 1.2412e-05 | norm: 0.4756 | dt: 2079.02ms | img/sec: 1970.15
step 105801 | loss: 2.485194 | lr 1.2392e-05 | norm: 0.4805 | dt: 2264.74ms | img/sec: 1808.59
step 105802 | loss: 2.469981 | lr 1.2373e-05 | norm: 0.4978 | dt: 2071.74ms | img/sec: 1977.09
step 105803 | loss: 2.458590 | lr 1.2353e-05 | norm: 0.4928 | dt: 2205.07ms | img/sec: 1857.54
step 105804 | loss: 2.462113 | lr 1.2334e-05 | norm: 0.4822 | dt: 2065.19ms | img/sec: 1983.36
step 105805 | loss: 2.474740 | lr 1.2314e-05 | norm: 0.4822 | dt: 2088.94ms | img/sec: 1960.80
step 105806 | loss: 2.423668 | lr 1.2295e-05 | norm: 0.4838 | dt: 2072.11ms | img/sec: 1976.73
step 105807 | loss: 2.480989 | lr 1.2275e-05 | norm: 0.4942 | dt: 2102.44ms | img/sec: 1948.21
step 105808 | loss: 2.492602 | lr 1.2256e-05 | norm: 0.4904 | dt: 2061.17ms | img/sec: 1987.22
step 105809 | loss: 2.481416 | lr 1.2236e-05 | norm: 0.4870 | dt: 2101.38ms | img/sec: 1949.20
step 105810 | loss: 2.456902 | lr 1.2217e-05 | norm: 0.4810 | dt: 2074.51ms | img/sec: 1974.45
step 105811 | loss: 2.438962 | lr 1.2197e-05 | norm: 0.4802 | dt: 2153.78ms | img/sec: 1901.77
step 105812 | loss: 2.476009 | lr 1.2177e-05 | norm: 0.5170 | dt: 2156.72ms | img/sec: 1899.18
step 105813 | loss: 2.548868 | lr 1.2158e-05 | norm: 0.4996 | dt: 2071.30ms | img/sec: 1977.50
step 105814 | loss: 2.480759 | lr 1.2138e-05 | norm: 0.4900 | dt: 2083.35ms | img/sec: 1966.07
step 105815 | loss: 2.509757 | lr 1.2119e-05 | norm: 0.4831 | dt: 2078.11ms | img/sec: 1971.02
step 105816 | loss: 2.499809 | lr 1.2099e-05 | norm: 0.5078 | dt: 2143.24ms | img/sec: 1911.12
step 105817 | loss: 2.475810 | lr 1.2080e-05 | norm: 0.4854 | dt: 2106.87ms | img/sec: 1944.12
step 105818 | loss: 2.450038 | lr 1.2060e-05 | norm: 0.4758 | dt: 2098.90ms | img/sec: 1951.50
step 105819 | loss: 2.519130 | lr 1.2040e-05 | norm: 0.4903 | dt: 2060.63ms | img/sec: 1987.74
step 105820 | loss: 2.543170 | lr 1.2021e-05 | norm: 0.5005 | dt: 2112.74ms | img/sec: 1938.71
step 105821 | loss: 2.551353 | lr 1.2001e-05 | norm: 0.4881 | dt: 2084.74ms | img/sec: 1964.75
step 105822 | loss: 2.488186 | lr 1.1981e-05 | norm: 0.4802 | dt: 2063.54ms | img/sec: 1984.94
step 105823 | loss: 2.435408 | lr 1.1962e-05 | norm: 0.4835 | dt: 2086.16ms | img/sec: 1963.42
step 105824 | loss: 2.408631 | lr 1.1942e-05 | norm: 0.4863 | dt: 2060.52ms | img/sec: 1987.85
step 105825 | loss: 2.494622 | lr 1.1922e-05 | norm: 0.5072 | dt: 2091.30ms | img/sec: 1958.59
step 105826 | loss: 2.485969 | lr 1.1903e-05 | norm: 0.4887 | dt: 2143.88ms | img/sec: 1910.55
step 105827 | loss: 2.491876 | lr 1.1883e-05 | norm: 0.4816 | dt: 2089.62ms | img/sec: 1960.16
step 105828 | loss: 2.480483 | lr 1.1863e-05 | norm: 0.4872 | dt: 2066.77ms | img/sec: 1981.84
step 105829 | loss: 2.425596 | lr 1.1844e-05 | norm: 0.4702 | dt: 2076.21ms | img/sec: 1972.83
step 105830 | loss: 2.460600 | lr 1.1824e-05 | norm: 0.4843 | dt: 2133.68ms | img/sec: 1919.69
step 105831 | loss: 2.521482 | lr 1.1804e-05 | norm: 0.4937 | dt: 2155.76ms | img/sec: 1900.03
step 105832 | loss: 2.463933 | lr 1.1784e-05 | norm: 0.4927 | dt: 2097.52ms | img/sec: 1952.78
step 105833 | loss: 2.423391 | lr 1.1765e-05 | norm: 0.4964 | dt: 2108.85ms | img/sec: 1942.29
step 105834 | loss: 2.468974 | lr 1.1745e-05 | norm: 0.4796 | dt: 2091.94ms | img/sec: 1957.99
step 105835 | loss: 2.447053 | lr 1.1725e-05 | norm: 0.4827 | dt: 2082.76ms | img/sec: 1966.62
step 105836 | loss: 2.519105 | lr 1.1705e-05 | norm: 0.5084 | dt: 2072.42ms | img/sec: 1976.44
step 105837 | loss: 2.460145 | lr 1.1686e-05 | norm: 0.4794 | dt: 2251.20ms | img/sec: 1819.47
step 105838 | loss: 2.429632 | lr 1.1666e-05 | norm: 0.4923 | dt: 2057.78ms | img/sec: 1990.49
step 105839 | loss: 2.510608 | lr 1.1646e-05 | norm: 0.4961 | dt: 2141.11ms | img/sec: 1913.02
step 105840 | loss: 2.466053 | lr 1.1626e-05 | norm: 0.4944 | dt: 2106.42ms | img/sec: 1944.53
step 105841 | loss: 2.450639 | lr 1.1607e-05 | norm: 0.4818 | dt: 2061.18ms | img/sec: 1987.21
step 105842 | loss: 2.433365 | lr 1.1587e-05 | norm: 0.4815 | dt: 2083.54ms | img/sec: 1965.88
step 105843 | loss: 2.478685 | lr 1.1567e-05 | norm: 0.4913 | dt: 2132.97ms | img/sec: 1920.33
step 105844 | loss: 2.510123 | lr 1.1547e-05 | norm: 0.4875 | dt: 2064.24ms | img/sec: 1984.27
step 105845 | loss: 2.459577 | lr 1.1527e-05 | norm: 0.4979 | dt: 2118.72ms | img/sec: 1933.24
step 105846 | loss: 2.475117 | lr 1.1507e-05 | norm: 0.4866 | dt: 2057.10ms | img/sec: 1991.15
step 105847 | loss: 2.456486 | lr 1.1488e-05 | norm: 0.4859 | dt: 2297.67ms | img/sec: 1782.68
step 105848 | loss: 2.509145 | lr 1.1468e-05 | norm: 0.4937 | dt: 2086.44ms | img/sec: 1963.15
step 105849 | loss: 2.451389 | lr 1.1448e-05 | norm: 0.4920 | dt: 2179.32ms | img/sec: 1879.48
step 105850 | loss: 2.434883 | lr 1.1428e-05 | norm: 0.4738 | dt: 2218.43ms | img/sec: 1846.35
step 105851 | loss: 2.434154 | lr 1.1408e-05 | norm: 0.4827 | dt: 2068.09ms | img/sec: 1980.57
step 105852 | loss: 2.437769 | lr 1.1388e-05 | norm: 0.4698 | dt: 2082.71ms | img/sec: 1966.67
step 105853 | loss: 2.453586 | lr 1.1369e-05 | norm: 0.4803 | dt: 2156.53ms | img/sec: 1899.35
step 105854 | loss: 2.414477 | lr 1.1349e-05 | norm: 0.4986 | dt: 2164.55ms | img/sec: 1892.31
step 105855 | loss: 2.485120 | lr 1.1329e-05 | norm: 0.4851 | dt: 2068.89ms | img/sec: 1979.81
step 105856 | loss: 2.439917 | lr 1.1309e-05 | norm: 0.4848 | dt: 2066.42ms | img/sec: 1982.18
step 105857 | loss: 2.494523 | lr 1.1289e-05 | norm: 0.4860 | dt: 2150.67ms | img/sec: 1904.52
step 105858 | loss: 2.458627 | lr 1.1269e-05 | norm: 0.4960 | dt: 2068.43ms | img/sec: 1980.24
step 105859 | loss: 2.548927 | lr 1.1249e-05 | norm: 0.5084 | dt: 2072.02ms | img/sec: 1976.81
step 105860 | loss: 2.496076 | lr 1.1229e-05 | norm: 0.4876 | dt: 2085.17ms | img/sec: 1964.34
step 105861 | loss: 2.448604 | lr 1.1210e-05 | norm: 0.4759 | dt: 2081.83ms | img/sec: 1967.50
step 105862 | loss: 2.463027 | lr 1.1190e-05 | norm: 0.4820 | dt: 2252.39ms | img/sec: 1818.51
step 105863 | loss: 2.435958 | lr 1.1170e-05 | norm: 0.4980 | dt: 2092.75ms | img/sec: 1957.23
step 105864 | loss: 2.511215 | lr 1.1150e-05 | norm: 0.4949 | dt: 2142.34ms | img/sec: 1911.92
step 105865 | loss: 2.450742 | lr 1.1130e-05 | norm: 0.4783 | dt: 2219.84ms | img/sec: 1845.18
step 105866 | loss: 2.506617 | lr 1.1110e-05 | norm: 0.4879 | dt: 2065.87ms | img/sec: 1982.70
step 105867 | loss: 2.419612 | lr 1.1090e-05 | norm: 0.4952 | dt: 2079.18ms | img/sec: 1970.01
step 105868 | loss: 2.530841 | lr 1.1070e-05 | norm: 0.5048 | dt: 2084.22ms | img/sec: 1965.24
step 105869 | loss: 2.441272 | lr 1.1050e-05 | norm: 0.4685 | dt: 2070.86ms | img/sec: 1977.92
step 105870 | loss: 2.517313 | lr 1.1030e-05 | norm: 0.4890 | dt: 2099.45ms | img/sec: 1950.99
step 105871 | loss: 2.518507 | lr 1.1010e-05 | norm: 0.4899 | dt: 2075.56ms | img/sec: 1973.45
step 105872 | loss: 2.438540 | lr 1.0990e-05 | norm: 0.4876 | dt: 2088.58ms | img/sec: 1961.14
step 105873 | loss: 2.410905 | lr 1.0970e-05 | norm: 0.4807 | dt: 2086.36ms | img/sec: 1963.23
step 105874 | loss: 2.452148 | lr 1.0950e-05 | norm: 0.4932 | dt: 2150.94ms | img/sec: 1904.29
step 105875 | loss: 2.499965 | lr 1.0931e-05 | norm: 0.4837 | dt: 2105.31ms | img/sec: 1945.56
step 105876 | loss: 2.461823 | lr 1.0911e-05 | norm: 0.4924 | dt: 2077.50ms | img/sec: 1971.60
step 105877 | loss: 2.492871 | lr 1.0891e-05 | norm: 0.4932 | dt: 2094.48ms | img/sec: 1955.62
step 105878 | loss: 2.474768 | lr 1.0871e-05 | norm: 0.4805 | dt: 2129.91ms | img/sec: 1923.09
step 105879 | loss: 2.442501 | lr 1.0851e-05 | norm: 0.4748 | dt: 2070.60ms | img/sec: 1978.17
step 105880 | loss: 2.466638 | lr 1.0831e-05 | norm: 0.4852 | dt: 2074.39ms | img/sec: 1974.56
step 105881 | loss: 2.468722 | lr 1.0811e-05 | norm: 0.4867 | dt: 2083.89ms | img/sec: 1965.56
step 105882 | loss: 2.465490 | lr 1.0791e-05 | norm: 0.4831 | dt: 2256.16ms | img/sec: 1815.47
step 105883 | loss: 2.489982 | lr 1.0771e-05 | norm: 0.5004 | dt: 2097.67ms | img/sec: 1952.64
step 105884 | loss: 2.470351 | lr 1.0751e-05 | norm: 0.4901 | dt: 2081.37ms | img/sec: 1967.94
step 105885 | loss: 2.429973 | lr 1.0731e-05 | norm: 0.4843 | dt: 2096.91ms | img/sec: 1953.35
step 105886 | loss: 2.507074 | lr 1.0711e-05 | norm: 0.4873 | dt: 2066.38ms | img/sec: 1982.21
step 105887 | loss: 2.547861 | lr 1.0691e-05 | norm: 0.5001 | dt: 2070.26ms | img/sec: 1978.49
step 105888 | loss: 2.482958 | lr 1.0671e-05 | norm: 0.4935 | dt: 2084.38ms | img/sec: 1965.09
step 105889 | loss: 2.543019 | lr 1.0651e-05 | norm: 0.4988 | dt: 2097.67ms | img/sec: 1952.64
step 105890 | loss: 2.481304 | lr 1.0631e-05 | norm: 0.4893 | dt: 2160.98ms | img/sec: 1895.43
step 105891 | loss: 2.501033 | lr 1.0611e-05 | norm: 0.4901 | dt: 2090.43ms | img/sec: 1959.40
step 105892 | loss: 2.495589 | lr 1.0591e-05 | norm: 0.4937 | dt: 2070.08ms | img/sec: 1978.67
step 105893 | loss: 2.480631 | lr 1.0571e-05 | norm: 0.4922 | dt: 2090.14ms | img/sec: 1959.68
step 105894 | loss: 2.497160 | lr 1.0551e-05 | norm: 0.4978 | dt: 2190.37ms | img/sec: 1870.00
step 105895 | loss: 2.502902 | lr 1.0531e-05 | norm: 0.4818 | dt: 2224.63ms | img/sec: 1841.20
step 105896 | loss: 2.447319 | lr 1.0511e-05 | norm: 0.4824 | dt: 2143.69ms | img/sec: 1910.72
step 105897 | loss: 2.494667 | lr 1.0491e-05 | norm: 0.4806 | dt: 2144.67ms | img/sec: 1909.85
step 105898 | loss: 2.476810 | lr 1.0471e-05 | norm: 0.5014 | dt: 2108.29ms | img/sec: 1942.81
step 105899 | loss: 2.473207 | lr 1.0451e-05 | norm: 0.4903 | dt: 2184.95ms | img/sec: 1874.64
step 105900 | loss: 2.517998 | lr 1.0431e-05 | norm: 0.4890 | dt: 2142.61ms | img/sec: 1911.69
step 105901 | loss: 2.456913 | lr 1.0411e-05 | norm: 0.4786 | dt: 2164.88ms | img/sec: 1892.02
step 105902 | loss: 2.467014 | lr 1.0391e-05 | norm: 0.4873 | dt: 2105.83ms | img/sec: 1945.08
step 105903 | loss: 2.447534 | lr 1.0371e-05 | norm: 0.4805 | dt: 2108.97ms | img/sec: 1942.18
step 105904 | loss: 2.421640 | lr 1.0351e-05 | norm: 0.4740 | dt: 2110.56ms | img/sec: 1940.72
step 105905 | loss: 2.447585 | lr 1.0330e-05 | norm: 0.4878 | dt: 2142.03ms | img/sec: 1912.21
step 105906 | loss: 2.447540 | lr 1.0310e-05 | norm: 0.4728 | dt: 2073.08ms | img/sec: 1975.81
step 105907 | loss: 2.484925 | lr 1.0290e-05 | norm: 0.4834 | dt: 2118.34ms | img/sec: 1933.59
step 105908 | loss: 2.523672 | lr 1.0270e-05 | norm: 0.5020 | dt: 2138.31ms | img/sec: 1915.53
step 105909 | loss: 2.478069 | lr 1.0250e-05 | norm: 0.4869 | dt: 2120.74ms | img/sec: 1931.40
step 105910 | loss: 2.436100 | lr 1.0230e-05 | norm: 0.4959 | dt: 2087.05ms | img/sec: 1962.58
step 105911 | loss: 2.486402 | lr 1.0210e-05 | norm: 0.4838 | dt: 2115.78ms | img/sec: 1935.93
step 105912 | loss: 2.485614 | lr 1.0190e-05 | norm: 0.4946 | dt: 2083.70ms | img/sec: 1965.73
step 105913 | loss: 2.417251 | lr 1.0170e-05 | norm: 0.4812 | dt: 2067.75ms | img/sec: 1980.89
step 105914 | loss: 2.545205 | lr 1.0150e-05 | norm: 0.4879 | dt: 2107.67ms | img/sec: 1943.38
step 105915 | loss: 2.530250 | lr 1.0130e-05 | norm: 0.4919 | dt: 2096.92ms | img/sec: 1953.34
step 105916 | loss: 2.461458 | lr 1.0110e-05 | norm: 0.4834 | dt: 2121.17ms | img/sec: 1931.01
step 105917 | loss: 2.439925 | lr 1.0090e-05 | norm: 0.4935 | dt: 2204.77ms | img/sec: 1857.79
step 105918 | loss: 2.438685 | lr 1.0070e-05 | norm: 0.4920 | dt: 2178.20ms | img/sec: 1880.46
step 105919 | loss: 2.473850 | lr 1.0050e-05 | norm: 0.4985 | dt: 2075.60ms | img/sec: 1973.40
step 105920 | loss: 2.466491 | lr 1.0030e-05 | norm: 0.4843 | dt: 2205.00ms | img/sec: 1857.60
step 105921 | loss: 2.471853 | lr 1.0010e-05 | norm: 0.4895 | dt: 2112.00ms | img/sec: 1939.39
step 105922 | loss: 2.460252 | lr 9.9899e-06 | norm: 0.4782 | dt: 2077.99ms | img/sec: 1971.14
step 105923 | loss: 2.483309 | lr 9.9698e-06 | norm: 0.4928 | dt: 2146.09ms | img/sec: 1908.59
step 105924 | loss: 2.505364 | lr 9.9498e-06 | norm: 0.4741 | dt: 2086.64ms | img/sec: 1962.96
step 105925 | loss: 2.456750 | lr 9.9298e-06 | norm: 0.4887 | dt: 2272.33ms | img/sec: 1802.56
step 105926 | loss: 2.474237 | lr 9.9097e-06 | norm: 0.4922 | dt: 2151.60ms | img/sec: 1903.70
step 105927 | loss: 2.510277 | lr 9.8897e-06 | norm: 0.5008 | dt: 2187.68ms | img/sec: 1872.30
step 105928 | loss: 2.478220 | lr 9.8697e-06 | norm: 0.4888 | dt: 2363.46ms | img/sec: 1733.05
step 105929 | loss: 2.437767 | lr 9.8496e-06 | norm: 0.4844 | dt: 2191.83ms | img/sec: 1868.75
step 105930 | loss: 2.552897 | lr 9.8296e-06 | norm: 0.4884 | dt: 2086.34ms | img/sec: 1963.25
step 105931 | loss: 2.486799 | lr 9.8096e-06 | norm: 0.4811 | dt: 2087.46ms | img/sec: 1962.19
step 105932 | loss: 2.452170 | lr 9.7895e-06 | norm: 0.4863 | dt: 2077.79ms | img/sec: 1971.33
step 105933 | loss: 2.455658 | lr 9.7695e-06 | norm: 0.4700 | dt: 2171.83ms | img/sec: 1885.97
step 105934 | loss: 2.491572 | lr 9.7495e-06 | norm: 0.4976 | dt: 2110.12ms | img/sec: 1941.13
step 105935 | loss: 2.467966 | lr 9.7295e-06 | norm: 0.4832 | dt: 2171.42ms | img/sec: 1886.32
step 105936 | loss: 2.476843 | lr 9.7094e-06 | norm: 0.4826 | dt: 2082.10ms | img/sec: 1967.25
step 105937 | loss: 2.479460 | lr 9.6894e-06 | norm: 0.4766 | dt: 2095.62ms | img/sec: 1954.55
step 105938 | loss: 2.437310 | lr 9.6694e-06 | norm: 0.4813 | dt: 2205.47ms | img/sec: 1857.20
step 105939 | loss: 2.495368 | lr 9.6494e-06 | norm: 0.4970 | dt: 2084.90ms | img/sec: 1964.61
step 105940 | loss: 2.451050 | lr 9.6293e-06 | norm: 0.4941 | dt: 2201.42ms | img/sec: 1860.62
step 105941 | loss: 2.480115 | lr 9.6093e-06 | norm: 0.4854 | dt: 2276.40ms | img/sec: 1799.33
step 105942 | loss: 2.452204 | lr 9.5893e-06 | norm: 0.4790 | dt: 2082.74ms | img/sec: 1966.64
step 105943 | loss: 2.463807 | lr 9.5693e-06 | norm: 0.4856 | dt: 2172.99ms | img/sec: 1884.96
step 105944 | loss: 2.450414 | lr 9.5493e-06 | norm: 0.4666 | dt: 2182.18ms | img/sec: 1877.02
step 105945 | loss: 2.487891 | lr 9.5293e-06 | norm: 0.4707 | dt: 2143.07ms | img/sec: 1911.27
step 105946 | loss: 2.448218 | lr 9.5092e-06 | norm: 0.4735 | dt: 2092.11ms | img/sec: 1957.83
step 105947 | loss: 2.484316 | lr 9.4892e-06 | norm: 0.4864 | dt: 2149.91ms | img/sec: 1905.19
step 105948 | loss: 2.407822 | lr 9.4692e-06 | norm: 0.4773 | dt: 2209.27ms | img/sec: 1854.01
step 105949 | loss: 2.487770 | lr 9.4492e-06 | norm: 0.5022 | dt: 2245.90ms | img/sec: 1823.77
step 105950 | loss: 2.417593 | lr 9.4292e-06 | norm: 0.4759 | dt: 2189.83ms | img/sec: 1870.46
step 105951 | loss: 2.485931 | lr 9.4092e-06 | norm: 0.4888 | dt: 2076.18ms | img/sec: 1972.85
step 105952 | loss: 2.374164 | lr 9.3892e-06 | norm: 0.4697 | dt: 2172.81ms | img/sec: 1885.12
step 105953 | loss: 2.482371 | lr 9.3692e-06 | norm: 0.4807 | dt: 2095.13ms | img/sec: 1955.01
step 105954 | loss: 2.493919 | lr 9.3493e-06 | norm: 0.4719 | dt: 2086.62ms | img/sec: 1962.99
step 105955 | loss: 2.494967 | lr 9.3293e-06 | norm: 0.4827 | dt: 2094.23ms | img/sec: 1955.85
step 105956 | loss: 2.511724 | lr 9.3093e-06 | norm: 0.4995 | dt: 2274.01ms | img/sec: 1801.22
step 105957 | loss: 2.495802 | lr 9.2893e-06 | norm: 0.4858 | dt: 2072.39ms | img/sec: 1976.46
step 105958 | loss: 2.474441 | lr 9.2693e-06 | norm: 0.4993 | dt: 2079.79ms | img/sec: 1969.43
step 105959 | loss: 2.483674 | lr 9.2494e-06 | norm: 0.4831 | dt: 2081.84ms | img/sec: 1967.49
step 105960 | loss: 2.472338 | lr 9.2294e-06 | norm: 0.4951 | dt: 2090.85ms | img/sec: 1959.01
step 105961 | loss: 2.531150 | lr 9.2094e-06 | norm: 0.4986 | dt: 2095.10ms | img/sec: 1955.04
step 105962 | loss: 2.472139 | lr 9.1895e-06 | norm: 0.4810 | dt: 2153.88ms | img/sec: 1901.68
step 105963 | loss: 2.465060 | lr 9.1695e-06 | norm: 0.4893 | dt: 2147.00ms | img/sec: 1907.78
step 105964 | loss: 2.428115 | lr 9.1495e-06 | norm: 0.4747 | dt: 2072.38ms | img/sec: 1976.47
step 105965 | loss: 2.415741 | lr 9.1296e-06 | norm: 0.4721 | dt: 2186.05ms | img/sec: 1873.70
step 105966 | loss: 2.498687 | lr 9.1096e-06 | norm: 0.4780 | dt: 2134.65ms | img/sec: 1918.82
step 105967 | loss: 2.525383 | lr 9.0897e-06 | norm: 0.4874 | dt: 2119.24ms | img/sec: 1932.77
step 105968 | loss: 2.491549 | lr 9.0697e-06 | norm: 0.4912 | dt: 2117.74ms | img/sec: 1934.14
step 105969 | loss: 2.543070 | lr 9.0498e-06 | norm: 0.4984 | dt: 2187.72ms | img/sec: 1872.27
step 105970 | loss: 2.459337 | lr 9.0299e-06 | norm: 0.4904 | dt: 2164.65ms | img/sec: 1892.22
step 105971 | loss: 2.481769 | lr 9.0099e-06 | norm: 0.4856 | dt: 2069.40ms | img/sec: 1979.32
step 105972 | loss: 2.502617 | lr 8.9900e-06 | norm: 0.4925 | dt: 2105.33ms | img/sec: 1945.53
step 105973 | loss: 2.492733 | lr 8.9701e-06 | norm: 0.4858 | dt: 2204.41ms | img/sec: 1858.09
step 105974 | loss: 2.500332 | lr 8.9502e-06 | norm: 0.5073 | dt: 2103.47ms | img/sec: 1947.26
step 105975 | loss: 2.537939 | lr 8.9303e-06 | norm: 0.4844 | dt: 2128.79ms | img/sec: 1924.09
step 105976 | loss: 2.479310 | lr 8.9104e-06 | norm: 0.4728 | dt: 2129.05ms | img/sec: 1923.86
step 105977 | loss: 2.465974 | lr 8.8905e-06 | norm: 0.4740 | dt: 2217.61ms | img/sec: 1847.04
step 105978 | loss: 2.473440 | lr 8.8706e-06 | norm: 0.4794 | dt: 2108.88ms | img/sec: 1942.26
step 105979 | loss: 2.486867 | lr 8.8507e-06 | norm: 0.4840 | dt: 2182.83ms | img/sec: 1876.46
step 105980 | loss: 2.453681 | lr 8.8308e-06 | norm: 0.4841 | dt: 2145.50ms | img/sec: 1909.11
step 105981 | loss: 2.513869 | lr 8.8109e-06 | norm: 0.4835 | dt: 2301.07ms | img/sec: 1780.04
step 105982 | loss: 2.479398 | lr 8.7910e-06 | norm: 0.4811 | dt: 2140.64ms | img/sec: 1913.44
step 105983 | loss: 2.436280 | lr 8.7711e-06 | norm: 0.4773 | dt: 2209.78ms | img/sec: 1853.58
step 105984 | loss: 2.567898 | lr 8.7513e-06 | norm: 0.4943 | dt: 2113.07ms | img/sec: 1938.41
step 105985 | loss: 2.495202 | lr 8.7314e-06 | norm: 0.4899 | dt: 2170.61ms | img/sec: 1887.03
step 105986 | loss: 2.456486 | lr 8.7115e-06 | norm: 0.4706 | dt: 2126.88ms | img/sec: 1925.83
step 105987 | loss: 2.400444 | lr 8.6917e-06 | norm: 0.4857 | dt: 2121.14ms | img/sec: 1931.03
step 105988 | loss: 2.493455 | lr 8.6718e-06 | norm: 0.5022 | dt: 2107.45ms | img/sec: 1943.58
step 105989 | loss: 2.443671 | lr 8.6520e-06 | norm: 0.4771 | dt: 2134.14ms | img/sec: 1919.28
step 105990 | loss: 2.448259 | lr 8.6322e-06 | norm: 0.4693 | dt: 2092.35ms | img/sec: 1957.61
step 105991 | loss: 2.449347 | lr 8.6123e-06 | norm: 0.4758 | dt: 2196.58ms | img/sec: 1864.72
step 105992 | loss: 2.456669 | lr 8.5925e-06 | norm: 0.4792 | dt: 2132.34ms | img/sec: 1920.89
step 105993 | loss: 2.445743 | lr 8.5727e-06 | norm: 0.4897 | dt: 2076.40ms | img/sec: 1972.65
step 105994 | loss: 2.474402 | lr 8.5529e-06 | norm: 0.4731 | dt: 2108.44ms | img/sec: 1942.67
step 105995 | loss: 2.460838 | lr 8.5331e-06 | norm: 0.4797 | dt: 2145.52ms | img/sec: 1909.09
step 105996 | loss: 2.548107 | lr 8.5133e-06 | norm: 0.4990 | dt: 2157.07ms | img/sec: 1898.87
step 105997 | loss: 2.442004 | lr 8.4935e-06 | norm: 0.4865 | dt: 2250.52ms | img/sec: 1820.02
step 105998 | loss: 2.497910 | lr 8.4737e-06 | norm: 0.5023 | dt: 2131.77ms | img/sec: 1921.41
step 105999 | loss: 2.507597 | lr 8.4539e-06 | norm: 0.4829 | dt: 2344.67ms | img/sec: 1746.94
step 106000 | val_loss 1.4386 | val_acc 67.01%
step 106000 | loss: 2.478726 | lr 8.4341e-06 | norm: 0.5115 | dt: 5681.97ms | img/sec: 720.88
--- Saved checkpoint at step 106000 ---
step 106001 | loss: 2.474164 | lr 8.4144e-06 | norm: 0.4882 | dt: 2381.04ms | img/sec: 1720.26
step 106002 | loss: 2.469149 | lr 8.3946e-06 | norm: 0.5023 | dt: 2133.44ms | img/sec: 1919.90
step 106003 | loss: 2.471303 | lr 8.3748e-06 | norm: 0.4918 | dt: 2196.71ms | img/sec: 1864.61
step 106004 | loss: 2.441803 | lr 8.3551e-06 | norm: 0.4846 | dt: 2154.33ms | img/sec: 1901.29
step 106005 | loss: 2.454767 | lr 8.3354e-06 | norm: 0.4829 | dt: 2119.53ms | img/sec: 1932.50
step 106006 | loss: 2.449728 | lr 8.3156e-06 | norm: 0.4816 | dt: 2077.42ms | img/sec: 1971.68
step 106007 | loss: 2.433425 | lr 8.2959e-06 | norm: 0.4907 | dt: 2081.61ms | img/sec: 1967.71
step 106008 | loss: 2.501832 | lr 8.2762e-06 | norm: 0.4911 | dt: 2108.63ms | img/sec: 1942.50
step 106009 | loss: 2.468072 | lr 8.2565e-06 | norm: 0.4897 | dt: 2099.93ms | img/sec: 1950.54
step 106010 | loss: 2.448768 | lr 8.2368e-06 | norm: 0.4935 | dt: 2213.49ms | img/sec: 1850.47
step 106011 | loss: 2.474971 | lr 8.2171e-06 | norm: 0.4891 | dt: 2155.33ms | img/sec: 1900.40
step 106012 | loss: 2.440746 | lr 8.1974e-06 | norm: 0.4837 | dt: 2290.13ms | img/sec: 1788.55
step 106013 | loss: 2.496870 | lr 8.1777e-06 | norm: 0.4727 | dt: 2269.42ms | img/sec: 1804.87
step 106014 | loss: 2.419793 | lr 8.1580e-06 | norm: 0.4819 | dt: 2098.14ms | img/sec: 1952.20
step 106015 | loss: 2.483003 | lr 8.1383e-06 | norm: 0.4933 | dt: 2145.73ms | img/sec: 1908.91
step 106016 | loss: 2.496320 | lr 8.1187e-06 | norm: 0.4854 | dt: 2198.62ms | img/sec: 1862.98
step 106017 | loss: 2.481731 | lr 8.0990e-06 | norm: 0.4845 | dt: 2150.81ms | img/sec: 1904.40
step 106018 | loss: 2.463847 | lr 8.0794e-06 | norm: 0.5003 | dt: 2147.10ms | img/sec: 1907.69
step 106019 | loss: 2.468613 | lr 8.0597e-06 | norm: 0.4922 | dt: 2083.55ms | img/sec: 1965.87
step 106020 | loss: 2.461911 | lr 8.0401e-06 | norm: 0.4895 | dt: 2086.12ms | img/sec: 1963.46
step 106021 | loss: 2.446698 | lr 8.0205e-06 | norm: 0.4869 | dt: 2099.44ms | img/sec: 1950.99
step 106022 | loss: 2.482391 | lr 8.0009e-06 | norm: 0.4844 | dt: 2118.93ms | img/sec: 1933.05
step 106023 | loss: 2.465289 | lr 7.9813e-06 | norm: 0.4856 | dt: 2223.22ms | img/sec: 1842.37
step 106024 | loss: 2.458870 | lr 7.9617e-06 | norm: 0.4904 | dt: 2152.24ms | img/sec: 1903.13
step 106025 | loss: 2.443688 | lr 7.9421e-06 | norm: 0.4982 | dt: 2066.92ms | img/sec: 1981.70
step 106026 | loss: 2.492537 | lr 7.9225e-06 | norm: 0.4832 | dt: 2093.12ms | img/sec: 1956.89
step 106027 | loss: 2.473903 | lr 7.9029e-06 | norm: 0.4848 | dt: 2132.25ms | img/sec: 1920.98
step 106028 | loss: 2.485198 | lr 7.8834e-06 | norm: 0.4906 | dt: 2146.12ms | img/sec: 1908.56
step 106029 | loss: 2.442571 | lr 7.8638e-06 | norm: 0.4805 | dt: 2196.87ms | img/sec: 1864.47
step 106030 | loss: 2.475889 | lr 7.8443e-06 | norm: 0.4937 | dt: 2098.17ms | img/sec: 1952.18
step 106031 | loss: 2.448277 | lr 7.8248e-06 | norm: 0.4841 | dt: 2115.32ms | img/sec: 1936.35
step 106032 | loss: 2.465513 | lr 7.8052e-06 | norm: 0.4890 | dt: 2104.43ms | img/sec: 1946.37
step 106033 | loss: 2.447607 | lr 7.7857e-06 | norm: 0.4680 | dt: 2116.74ms | img/sec: 1935.05
step 106034 | loss: 2.442458 | lr 7.7662e-06 | norm: 0.4758 | dt: 2097.37ms | img/sec: 1952.92
step 106035 | loss: 2.532844 | lr 7.7467e-06 | norm: 0.4866 | dt: 2227.99ms | img/sec: 1838.43
step 106036 | loss: 2.413622 | lr 7.7272e-06 | norm: 0.4871 | dt: 2084.76ms | img/sec: 1964.73
step 106037 | loss: 2.468254 | lr 7.7077e-06 | norm: 0.4964 | dt: 2084.86ms | img/sec: 1964.64
step 106038 | loss: 2.478332 | lr 7.6883e-06 | norm: 0.4883 | dt: 2259.18ms | img/sec: 1813.05
step 106039 | loss: 2.503158 | lr 7.6688e-06 | norm: 0.4921 | dt: 2221.20ms | img/sec: 1844.05
step 106040 | loss: 2.470433 | lr 7.6494e-06 | norm: 0.4716 | dt: 2067.27ms | img/sec: 1981.36
step 106041 | loss: 2.456898 | lr 7.6299e-06 | norm: 0.5035 | dt: 2071.68ms | img/sec: 1977.14
step 106042 | loss: 2.533332 | lr 7.6105e-06 | norm: 0.4951 | dt: 2164.75ms | img/sec: 1892.14
step 106043 | loss: 2.506689 | lr 7.5911e-06 | norm: 0.5111 | dt: 2080.69ms | img/sec: 1968.58
step 106044 | loss: 2.460732 | lr 7.5717e-06 | norm: 0.4900 | dt: 2076.65ms | img/sec: 1972.41
step 106045 | loss: 2.448035 | lr 7.5523e-06 | norm: 0.4820 | dt: 2162.94ms | img/sec: 1893.71
step 106046 | loss: 2.447271 | lr 7.5329e-06 | norm: 0.4838 | dt: 2133.85ms | img/sec: 1919.54
step 106047 | loss: 2.447052 | lr 7.5135e-06 | norm: 0.4747 | dt: 2081.25ms | img/sec: 1968.05
step 106048 | loss: 2.473972 | lr 7.4941e-06 | norm: 0.4839 | dt: 2073.74ms | img/sec: 1975.18
step 106049 | loss: 2.475812 | lr 7.4748e-06 | norm: 0.4882 | dt: 2113.32ms | img/sec: 1938.18
step 106050 | loss: 2.450859 | lr 7.4554e-06 | norm: 0.4848 | dt: 2105.76ms | img/sec: 1945.14
step 106051 | loss: 2.482090 | lr 7.4361e-06 | norm: 0.4815 | dt: 2345.76ms | img/sec: 1746.13
step 106052 | loss: 2.499799 | lr 7.4167e-06 | norm: 0.4918 | dt: 2166.78ms | img/sec: 1890.36
step 106053 | loss: 2.447196 | lr 7.3974e-06 | norm: 0.4876 | dt: 2092.42ms | img/sec: 1957.54
step 106054 | loss: 2.459936 | lr 7.3781e-06 | norm: 0.4725 | dt: 2089.56ms | img/sec: 1960.22
step 106055 | loss: 2.446354 | lr 7.3588e-06 | norm: 0.4851 | dt: 2209.06ms | img/sec: 1854.18
step 106056 | loss: 2.487678 | lr 7.3395e-06 | norm: 0.4902 | dt: 2089.28ms | img/sec: 1960.48
step 106057 | loss: 2.514788 | lr 7.3203e-06 | norm: 0.4942 | dt: 2171.06ms | img/sec: 1886.63
step 106058 | loss: 2.434914 | lr 7.3010e-06 | norm: 0.4991 | dt: 2073.34ms | img/sec: 1975.55
step 106059 | loss: 2.434895 | lr 7.2817e-06 | norm: 0.4746 | dt: 2078.54ms | img/sec: 1970.62
step 106060 | loss: 2.479982 | lr 7.2625e-06 | norm: 0.4741 | dt: 2095.58ms | img/sec: 1954.59
step 106061 | loss: 2.463481 | lr 7.2433e-06 | norm: 0.4832 | dt: 2093.87ms | img/sec: 1956.19
step 106062 | loss: 2.519194 | lr 7.2240e-06 | norm: 0.4951 | dt: 2123.12ms | img/sec: 1929.24
step 106063 | loss: 2.490031 | lr 7.2048e-06 | norm: 0.4824 | dt: 2073.53ms | img/sec: 1975.38
step 106064 | loss: 2.444559 | lr 7.1856e-06 | norm: 0.4841 | dt: 2091.08ms | img/sec: 1958.80
step 106065 | loss: 2.494691 | lr 7.1665e-06 | norm: 0.4925 | dt: 2104.80ms | img/sec: 1946.03
step 106066 | loss: 2.444205 | lr 7.1473e-06 | norm: 0.4855 | dt: 2093.63ms | img/sec: 1956.41
step 106067 | loss: 2.434014 | lr 7.1281e-06 | norm: 0.4950 | dt: 2068.25ms | img/sec: 1980.42
step 106068 | loss: 2.492620 | lr 7.1090e-06 | norm: 0.4879 | dt: 2143.01ms | img/sec: 1911.33
step 106069 | loss: 2.473243 | lr 7.0898e-06 | norm: 0.4863 | dt: 2100.18ms | img/sec: 1950.31
step 106070 | loss: 2.457708 | lr 7.0707e-06 | norm: 0.4840 | dt: 2088.26ms | img/sec: 1961.44
step 106071 | loss: 2.496192 | lr 7.0516e-06 | norm: 0.4851 | dt: 2188.65ms | img/sec: 1871.48
step 106072 | loss: 2.511879 | lr 7.0325e-06 | norm: 0.4846 | dt: 2074.93ms | img/sec: 1974.04
step 106073 | loss: 2.414037 | lr 7.0134e-06 | norm: 0.4684 | dt: 2073.68ms | img/sec: 1975.23
step 106074 | loss: 2.464778 | lr 6.9943e-06 | norm: 0.4904 | dt: 2106.61ms | img/sec: 1944.36
step 106075 | loss: 2.474714 | lr 6.9753e-06 | norm: 0.4839 | dt: 2099.52ms | img/sec: 1950.92
step 106076 | loss: 2.396205 | lr 6.9562e-06 | norm: 0.4715 | dt: 2079.63ms | img/sec: 1969.58
step 106077 | loss: 2.469450 | lr 6.9372e-06 | norm: 0.4772 | dt: 2090.89ms | img/sec: 1958.97
step 106078 | loss: 2.463717 | lr 6.9182e-06 | norm: 0.4785 | dt: 2234.33ms | img/sec: 1833.21
step 106079 | loss: 2.457360 | lr 6.8992e-06 | norm: 0.4838 | dt: 2119.61ms | img/sec: 1932.43
step 106080 | loss: 2.438012 | lr 6.8802e-06 | norm: 0.4852 | dt: 2127.77ms | img/sec: 1925.02
step 106081 | loss: 2.522741 | lr 6.8612e-06 | norm: 0.4964 | dt: 2069.53ms | img/sec: 1979.19
step 106082 | loss: 2.505974 | lr 6.8422e-06 | norm: 0.4867 | dt: 2095.85ms | img/sec: 1954.33
step 106083 | loss: 2.466508 | lr 6.8232e-06 | norm: 0.4723 | dt: 2154.80ms | img/sec: 1900.87
step 106084 | loss: 2.451079 | lr 6.8043e-06 | norm: 0.4768 | dt: 2173.90ms | img/sec: 1884.17
step 106085 | loss: 2.431048 | lr 6.7853e-06 | norm: 0.4921 | dt: 2101.22ms | img/sec: 1949.35
step 106086 | loss: 2.482369 | lr 6.7664e-06 | norm: 0.4904 | dt: 2186.57ms | img/sec: 1873.25
step 106087 | loss: 2.519226 | lr 6.7475e-06 | norm: 0.4962 | dt: 2153.62ms | img/sec: 1901.91
step 106088 | loss: 2.452736 | lr 6.7286e-06 | norm: 0.4894 | dt: 2140.26ms | img/sec: 1913.78
step 106089 | loss: 2.424337 | lr 6.7097e-06 | norm: 0.4826 | dt: 2097.26ms | img/sec: 1953.03
step 106090 | loss: 2.464679 | lr 6.6909e-06 | norm: 0.4719 | dt: 2074.96ms | img/sec: 1974.01
step 106091 | loss: 2.500062 | lr 6.6720e-06 | norm: 0.4931 | dt: 2158.59ms | img/sec: 1897.53
step 106092 | loss: 2.450645 | lr 6.6532e-06 | norm: 0.4726 | dt: 2098.12ms | img/sec: 1952.22
step 106093 | loss: 2.490133 | lr 6.6343e-06 | norm: 0.4828 | dt: 2111.92ms | img/sec: 1939.47
step 106094 | loss: 2.409861 | lr 6.6155e-06 | norm: 0.4824 | dt: 2068.05ms | img/sec: 1980.61
step 106095 | loss: 2.467843 | lr 6.5967e-06 | norm: 0.4854 | dt: 2072.82ms | img/sec: 1976.05
step 106096 | loss: 2.541564 | lr 6.5780e-06 | norm: 0.4869 | dt: 2197.25ms | img/sec: 1864.15
step 106097 | loss: 2.482126 | lr 6.5592e-06 | norm: 0.4773 | dt: 2103.80ms | img/sec: 1946.95
step 106098 | loss: 2.465413 | lr 6.5404e-06 | norm: 0.4882 | dt: 2191.52ms | img/sec: 1869.02
step 106099 | loss: 2.524392 | lr 6.5217e-06 | norm: 0.4842 | dt: 2137.58ms | img/sec: 1916.18
step 106100 | loss: 2.441581 | lr 6.5030e-06 | norm: 0.4957 | dt: 2077.72ms | img/sec: 1971.39
step 106101 | loss: 2.401061 | lr 6.4842e-06 | norm: 0.4732 | dt: 2090.36ms | img/sec: 1959.47
step 106102 | loss: 2.456415 | lr 6.4655e-06 | norm: 0.4849 | dt: 2095.23ms | img/sec: 1954.91
step 106103 | loss: 2.504627 | lr 6.4469e-06 | norm: 0.4872 | dt: 2092.65ms | img/sec: 1957.33
step 106104 | loss: 2.489263 | lr 6.4282e-06 | norm: 0.4937 | dt: 2187.27ms | img/sec: 1872.65
step 106105 | loss: 2.451043 | lr 6.4095e-06 | norm: 0.4871 | dt: 2155.74ms | img/sec: 1900.04
step 106106 | loss: 2.496234 | lr 6.3909e-06 | norm: 0.4980 | dt: 2147.09ms | img/sec: 1907.69
step 106107 | loss: 2.415229 | lr 6.3723e-06 | norm: 0.4726 | dt: 2230.03ms | img/sec: 1836.74
step 106108 | loss: 2.512300 | lr 6.3536e-06 | norm: 0.4930 | dt: 2076.31ms | img/sec: 1972.73
step 106109 | loss: 2.504465 | lr 6.3351e-06 | norm: 0.4819 | dt: 2079.38ms | img/sec: 1969.82
step 106110 | loss: 2.469304 | lr 6.3165e-06 | norm: 0.4792 | dt: 2191.02ms | img/sec: 1869.45
step 106111 | loss: 2.468540 | lr 6.2979e-06 | norm: 0.4648 | dt: 2218.68ms | img/sec: 1846.14
step 106112 | loss: 2.443484 | lr 6.2794e-06 | norm: 0.4808 | dt: 2069.07ms | img/sec: 1979.63
step 106113 | loss: 2.404215 | lr 6.2608e-06 | norm: 0.4900 | dt: 2160.95ms | img/sec: 1895.46
step 106114 | loss: 2.422082 | lr 6.2423e-06 | norm: 0.4808 | dt: 2112.59ms | img/sec: 1938.85
step 106115 | loss: 2.432969 | lr 6.2238e-06 | norm: 0.4785 | dt: 2069.74ms | img/sec: 1978.99
step 106116 | loss: 2.448705 | lr 6.2053e-06 | norm: 0.4948 | dt: 2092.69ms | img/sec: 1957.29
step 106117 | loss: 2.453431 | lr 6.1868e-06 | norm: 0.4715 | dt: 2082.25ms | img/sec: 1967.11
step 106118 | loss: 2.503606 | lr 6.1684e-06 | norm: 0.4825 | dt: 2132.49ms | img/sec: 1920.76
step 106119 | loss: 2.482428 | lr 6.1499e-06 | norm: 0.4826 | dt: 2080.55ms | img/sec: 1968.71
step 106120 | loss: 2.430928 | lr 6.1315e-06 | norm: 0.4678 | dt: 2161.82ms | img/sec: 1894.70
step 106121 | loss: 2.500029 | lr 6.1131e-06 | norm: 0.4903 | dt: 2159.75ms | img/sec: 1896.52
step 106122 | loss: 2.489915 | lr 6.0947e-06 | norm: 0.4898 | dt: 2075.44ms | img/sec: 1973.55
step 106123 | loss: 2.492797 | lr 6.0763e-06 | norm: 0.4957 | dt: 2212.21ms | img/sec: 1851.54
step 106124 | loss: 2.521111 | lr 6.0580e-06 | norm: 0.4806 | dt: 2249.47ms | img/sec: 1820.87
step 106125 | loss: 2.434127 | lr 6.0396e-06 | norm: 0.5035 | dt: 2124.77ms | img/sec: 1927.74
step 106126 | loss: 2.473802 | lr 6.0213e-06 | norm: 0.4848 | dt: 2225.86ms | img/sec: 1840.19
step 106127 | loss: 2.464620 | lr 6.0030e-06 | norm: 0.4925 | dt: 2146.17ms | img/sec: 1908.51
step 106128 | loss: 2.451816 | lr 5.9847e-06 | norm: 0.4740 | dt: 2162.04ms | img/sec: 1894.50
step 106129 | loss: 2.421625 | lr 5.9664e-06 | norm: 0.4791 | dt: 2071.10ms | img/sec: 1977.70
step 106130 | loss: 2.508634 | lr 5.9481e-06 | norm: 0.4912 | dt: 2276.03ms | img/sec: 1799.63
step 106131 | loss: 2.430950 | lr 5.9299e-06 | norm: 0.4756 | dt: 2108.44ms | img/sec: 1942.67
step 106132 | loss: 2.482078 | lr 5.9117e-06 | norm: 0.4835 | dt: 2172.51ms | img/sec: 1885.37
step 106133 | loss: 2.466054 | lr 5.8934e-06 | norm: 0.4835 | dt: 2090.69ms | img/sec: 1959.16
step 106134 | loss: 2.533620 | lr 5.8752e-06 | norm: 0.4932 | dt: 2188.61ms | img/sec: 1871.51
step 106135 | loss: 2.453748 | lr 5.8571e-06 | norm: 0.4707 | dt: 2078.16ms | img/sec: 1970.98
step 106136 | loss: 2.477196 | lr 5.8389e-06 | norm: 0.4827 | dt: 2140.18ms | img/sec: 1913.86
step 106137 | loss: 2.444014 | lr 5.8207e-06 | norm: 0.4885 | dt: 2214.14ms | img/sec: 1849.93
step 106138 | loss: 2.454544 | lr 5.8026e-06 | norm: 0.4824 | dt: 2102.50ms | img/sec: 1948.16
step 106139 | loss: 2.528796 | lr 5.7845e-06 | norm: 0.4890 | dt: 2206.03ms | img/sec: 1856.73
step 106140 | loss: 2.452590 | lr 5.7664e-06 | norm: 0.4744 | dt: 2206.63ms | img/sec: 1856.22
step 106141 | loss: 2.476182 | lr 5.7483e-06 | norm: 0.4861 | dt: 2169.65ms | img/sec: 1887.86
step 106142 | loss: 2.523759 | lr 5.7303e-06 | norm: 0.5004 | dt: 2108.60ms | img/sec: 1942.52
step 106143 | loss: 2.473145 | lr 5.7122e-06 | norm: 0.4992 | dt: 2071.49ms | img/sec: 1977.32
step 106144 | loss: 2.486474 | lr 5.6942e-06 | norm: 0.4843 | dt: 2073.99ms | img/sec: 1974.94
step 106145 | loss: 2.508228 | lr 5.6762e-06 | norm: 0.5025 | dt: 2092.01ms | img/sec: 1957.93
step 106146 | loss: 2.492708 | lr 5.6582e-06 | norm: 0.4874 | dt: 2091.06ms | img/sec: 1958.81
step 106147 | loss: 2.446763 | lr 5.6402e-06 | norm: 0.4888 | dt: 2131.58ms | img/sec: 1921.58
step 106148 | loss: 2.482519 | lr 5.6223e-06 | norm: 0.4944 | dt: 2069.43ms | img/sec: 1979.29
step 106149 | loss: 2.390979 | lr 5.6044e-06 | norm: 0.4744 | dt: 2120.79ms | img/sec: 1931.36
step 106150 | loss: 2.523260 | lr 5.5864e-06 | norm: 0.4916 | dt: 2076.91ms | img/sec: 1972.16
step 106151 | loss: 2.555181 | lr 5.5685e-06 | norm: 0.4976 | dt: 2116.37ms | img/sec: 1935.39
step 106152 | loss: 2.470970 | lr 5.5507e-06 | norm: 0.4949 | dt: 2234.13ms | img/sec: 1833.38
step 106153 | loss: 2.502412 | lr 5.5328e-06 | norm: 0.4925 | dt: 2099.24ms | img/sec: 1951.18
step 106154 | loss: 2.405765 | lr 5.5149e-06 | norm: 0.4775 | dt: 2116.68ms | img/sec: 1935.11
step 106155 | loss: 2.500727 | lr 5.4971e-06 | norm: 0.4786 | dt: 2101.05ms | img/sec: 1949.50
step 106156 | loss: 2.508121 | lr 5.4793e-06 | norm: 0.4958 | dt: 2084.03ms | img/sec: 1965.43
step 106157 | loss: 2.521406 | lr 5.4615e-06 | norm: 0.4880 | dt: 2069.81ms | img/sec: 1978.93
step 106158 | loss: 2.516479 | lr 5.4438e-06 | norm: 0.4926 | dt: 2119.13ms | img/sec: 1932.87
step 106159 | loss: 2.526455 | lr 5.4260e-06 | norm: 0.4804 | dt: 2183.32ms | img/sec: 1876.05
step 106160 | loss: 2.459585 | lr 5.4083e-06 | norm: 0.4836 | dt: 2099.61ms | img/sec: 1950.84
step 106161 | loss: 2.463500 | lr 5.3906e-06 | norm: 0.4884 | dt: 2139.08ms | img/sec: 1914.84
step 106162 | loss: 2.494266 | lr 5.3729e-06 | norm: 0.5009 | dt: 2085.48ms | img/sec: 1964.06
step 106163 | loss: 2.549098 | lr 5.3552e-06 | norm: 0.5021 | dt: 2112.38ms | img/sec: 1939.05
step 106164 | loss: 2.529273 | lr 5.3375e-06 | norm: 0.4917 | dt: 2073.79ms | img/sec: 1975.13
step 106165 | loss: 2.399464 | lr 5.3199e-06 | norm: 0.4793 | dt: 2221.83ms | img/sec: 1843.53
step 106166 | loss: 2.464518 | lr 5.3023e-06 | norm: 0.4797 | dt: 2148.84ms | img/sec: 1906.14
step 106167 | loss: 2.465408 | lr 5.2847e-06 | norm: 0.4905 | dt: 2205.30ms | img/sec: 1857.34
step 106168 | loss: 2.504015 | lr 5.2671e-06 | norm: 0.4812 | dt: 2191.50ms | img/sec: 1869.04
step 106169 | loss: 2.438615 | lr 5.2495e-06 | norm: 0.4783 | dt: 2187.60ms | img/sec: 1872.37
step 106170 | loss: 2.503512 | lr 5.2320e-06 | norm: 0.4797 | dt: 2148.06ms | img/sec: 1906.84
step 106171 | loss: 2.519693 | lr 5.2145e-06 | norm: 0.5090 | dt: 2073.62ms | img/sec: 1975.29
step 106172 | loss: 2.534195 | lr 5.1970e-06 | norm: 0.4846 | dt: 2213.14ms | img/sec: 1850.77
step 106173 | loss: 2.494877 | lr 5.1795e-06 | norm: 0.4932 | dt: 2116.09ms | img/sec: 1935.64
step 106174 | loss: 2.529720 | lr 5.1620e-06 | norm: 0.4897 | dt: 2104.23ms | img/sec: 1946.55
step 106175 | loss: 2.491489 | lr 5.1446e-06 | norm: 0.4763 | dt: 2112.63ms | img/sec: 1938.82
step 106176 | loss: 2.351432 | lr 5.1272e-06 | norm: 0.4769 | dt: 2115.75ms | img/sec: 1935.96
step 106177 | loss: 2.426071 | lr 5.1097e-06 | norm: 0.4797 | dt: 2097.56ms | img/sec: 1952.75
step 106178 | loss: 2.484440 | lr 5.0924e-06 | norm: 0.4990 | dt: 2122.27ms | img/sec: 1930.01
step 106179 | loss: 2.520970 | lr 5.0750e-06 | norm: 0.4835 | dt: 2103.13ms | img/sec: 1947.57
step 106180 | loss: 2.424955 | lr 5.0577e-06 | norm: 0.4823 | dt: 2238.16ms | img/sec: 1830.07
step 106181 | loss: 2.411473 | lr 5.0403e-06 | norm: 0.4879 | dt: 2098.39ms | img/sec: 1951.98
step 106182 | loss: 2.481695 | lr 5.0230e-06 | norm: 0.4854 | dt: 2116.09ms | img/sec: 1935.64
step 106183 | loss: 2.471365 | lr 5.0057e-06 | norm: 0.4973 | dt: 2094.85ms | img/sec: 1955.27
step 106184 | loss: 2.497711 | lr 4.9885e-06 | norm: 0.4860 | dt: 2158.12ms | img/sec: 1897.95
step 106185 | loss: 2.470243 | lr 4.9712e-06 | norm: 0.5024 | dt: 2071.51ms | img/sec: 1977.30
step 106186 | loss: 2.441188 | lr 4.9540e-06 | norm: 0.4756 | dt: 2096.83ms | img/sec: 1953.43
step 106187 | loss: 2.477810 | lr 4.9368e-06 | norm: 0.4743 | dt: 2124.82ms | img/sec: 1927.70
step 106188 | loss: 2.483951 | lr 4.9196e-06 | norm: 0.4734 | dt: 2112.48ms | img/sec: 1938.95
step 106189 | loss: 2.423288 | lr 4.9025e-06 | norm: 0.4838 | dt: 2154.02ms | img/sec: 1901.56
step 106190 | loss: 2.431170 | lr 4.8854e-06 | norm: 0.4831 | dt: 2184.76ms | img/sec: 1874.81
step 106191 | loss: 2.475806 | lr 4.8682e-06 | norm: 0.4875 | dt: 2115.47ms | img/sec: 1936.21
step 106192 | loss: 2.493387 | lr 4.8511e-06 | norm: 0.4843 | dt: 2200.65ms | img/sec: 1861.27
step 106193 | loss: 2.500446 | lr 4.8341e-06 | norm: 0.4885 | dt: 2098.98ms | img/sec: 1951.42
step 106194 | loss: 2.466186 | lr 4.8170e-06 | norm: 0.4809 | dt: 2218.60ms | img/sec: 1846.21
step 106195 | loss: 2.457145 | lr 4.8000e-06 | norm: 0.4750 | dt: 2437.53ms | img/sec: 1680.39
step 106196 | loss: 2.524615 | lr 4.7830e-06 | norm: 0.4991 | dt: 2070.50ms | img/sec: 1978.27
step 106197 | loss: 2.424422 | lr 4.7660e-06 | norm: 0.4717 | dt: 2110.89ms | img/sec: 1940.41
step 106198 | loss: 2.462355 | lr 4.7490e-06 | norm: 0.4753 | dt: 2145.26ms | img/sec: 1909.32
step 106199 | loss: 2.482457 | lr 4.7321e-06 | norm: 0.4963 | dt: 2129.50ms | img/sec: 1923.46
step 106200 | loss: 2.503940 | lr 4.7151e-06 | norm: 0.4900 | dt: 2073.29ms | img/sec: 1975.61
step 106201 | loss: 2.454764 | lr 4.6982e-06 | norm: 0.5164 | dt: 2230.31ms | img/sec: 1836.51
step 106202 | loss: 2.489426 | lr 4.6814e-06 | norm: 0.5037 | dt: 2095.81ms | img/sec: 1954.37
step 106203 | loss: 2.477191 | lr 4.6645e-06 | norm: 0.4952 | dt: 2268.21ms | img/sec: 1805.83
step 106204 | loss: 2.475303 | lr 4.6477e-06 | norm: 0.4801 | dt: 2278.44ms | img/sec: 1797.72
step 106205 | loss: 2.479305 | lr 4.6308e-06 | norm: 0.4945 | dt: 2279.39ms | img/sec: 1796.97
step 106206 | loss: 2.455508 | lr 4.6140e-06 | norm: 0.4891 | dt: 2154.49ms | img/sec: 1901.15
step 106207 | loss: 2.483981 | lr 4.5973e-06 | norm: 0.4904 | dt: 2251.53ms | img/sec: 1819.21
step 106208 | loss: 2.518352 | lr 4.5805e-06 | norm: 0.4901 | dt: 2206.01ms | img/sec: 1856.74
step 106209 | loss: 2.435092 | lr 4.5638e-06 | norm: 0.4886 | dt: 2111.61ms | img/sec: 1939.75
step 106210 | loss: 2.501045 | lr 4.5471e-06 | norm: 0.4834 | dt: 2099.91ms | img/sec: 1950.56
step 106211 | loss: 2.451219 | lr 4.5304e-06 | norm: 0.4810 | dt: 2253.73ms | img/sec: 1817.43
step 106212 | loss: 2.396767 | lr 4.5137e-06 | norm: 0.4731 | dt: 2188.06ms | img/sec: 1871.98
step 106213 | loss: 2.495082 | lr 4.4971e-06 | norm: 0.4907 | dt: 2094.46ms | img/sec: 1955.63
step 106214 | loss: 2.449288 | lr 4.4805e-06 | norm: 0.4725 | dt: 2128.28ms | img/sec: 1924.55
step 106215 | loss: 2.443280 | lr 4.4639e-06 | norm: 0.4986 | dt: 2131.87ms | img/sec: 1921.32
step 106216 | loss: 2.454378 | lr 4.4473e-06 | norm: 0.4854 | dt: 2123.30ms | img/sec: 1929.08
step 106217 | loss: 2.449622 | lr 4.4308e-06 | norm: 0.4831 | dt: 2096.79ms | img/sec: 1953.47
step 106218 | loss: 2.459574 | lr 4.4143e-06 | norm: 0.4701 | dt: 2092.76ms | img/sec: 1957.23
step 106219 | loss: 2.498322 | lr 4.3978e-06 | norm: 0.4897 | dt: 2094.54ms | img/sec: 1955.56
step 106220 | loss: 2.470352 | lr 4.3813e-06 | norm: 0.4730 | dt: 2071.41ms | img/sec: 1977.40
step 106221 | loss: 2.472772 | lr 4.3648e-06 | norm: 0.4915 | dt: 2124.17ms | img/sec: 1928.28
step 106222 | loss: 2.424779 | lr 4.3484e-06 | norm: 0.4801 | dt: 2129.63ms | img/sec: 1923.34
step 106223 | loss: 2.467828 | lr 4.3320e-06 | norm: 0.5020 | dt: 2094.23ms | img/sec: 1955.85
step 106224 | loss: 2.480493 | lr 4.3156e-06 | norm: 0.4865 | dt: 2163.98ms | img/sec: 1892.81
step 106225 | loss: 2.498052 | lr 4.2992e-06 | norm: 0.4948 | dt: 2381.47ms | img/sec: 1719.94
step 106226 | loss: 2.483563 | lr 4.2829e-06 | norm: 0.4882 | dt: 2221.68ms | img/sec: 1843.65
step 106227 | loss: 2.464620 | lr 4.2666e-06 | norm: 0.4939 | dt: 2208.90ms | img/sec: 1854.32
step 106228 | loss: 2.426956 | lr 4.2503e-06 | norm: 0.4801 | dt: 2124.44ms | img/sec: 1928.03
step 106229 | loss: 2.464791 | lr 4.2340e-06 | norm: 0.4949 | dt: 2121.70ms | img/sec: 1930.53
step 106230 | loss: 2.589843 | lr 4.2178e-06 | norm: 0.4998 | dt: 2123.82ms | img/sec: 1928.60
step 106231 | loss: 2.419843 | lr 4.2015e-06 | norm: 0.4874 | dt: 2275.76ms | img/sec: 1799.84
step 106232 | loss: 2.498266 | lr 4.1853e-06 | norm: 0.4864 | dt: 2143.82ms | img/sec: 1910.61
step 106233 | loss: 2.527800 | lr 4.1692e-06 | norm: 0.4967 | dt: 2095.21ms | img/sec: 1954.93
step 106234 | loss: 2.478024 | lr 4.1530e-06 | norm: 0.4772 | dt: 2073.11ms | img/sec: 1975.78
step 106235 | loss: 2.491311 | lr 4.1369e-06 | norm: 0.4873 | dt: 2153.38ms | img/sec: 1902.13
step 106236 | loss: 2.419554 | lr 4.1208e-06 | norm: 0.4851 | dt: 2225.07ms | img/sec: 1840.84
step 106237 | loss: 2.462119 | lr 4.1047e-06 | norm: 0.4981 | dt: 2103.28ms | img/sec: 1947.43
step 106238 | loss: 2.412014 | lr 4.0886e-06 | norm: 0.4802 | dt: 2184.76ms | img/sec: 1874.80
step 106239 | loss: 2.440305 | lr 4.0726e-06 | norm: 0.4767 | dt: 2113.78ms | img/sec: 1937.76
step 106240 | loss: 2.477854 | lr 4.0566e-06 | norm: 0.5009 | dt: 2093.27ms | img/sec: 1956.75
step 106241 | loss: 2.549600 | lr 4.0406e-06 | norm: 0.5053 | dt: 2078.74ms | img/sec: 1970.43
step 106242 | loss: 2.455013 | lr 4.0247e-06 | norm: 0.4797 | dt: 2139.15ms | img/sec: 1914.78
step 106243 | loss: 2.522732 | lr 4.0087e-06 | norm: 0.5027 | dt: 2145.43ms | img/sec: 1909.17
step 106244 | loss: 2.479300 | lr 3.9928e-06 | norm: 0.4809 | dt: 2184.10ms | img/sec: 1875.37
step 106245 | loss: 2.458690 | lr 3.9769e-06 | norm: 0.4825 | dt: 2112.68ms | img/sec: 1938.77
step 106246 | loss: 2.490329 | lr 3.9611e-06 | norm: 0.4851 | dt: 2143.48ms | img/sec: 1910.91
step 106247 | loss: 2.468920 | lr 3.9452e-06 | norm: 0.4908 | dt: 2150.89ms | img/sec: 1904.33
step 106248 | loss: 2.432103 | lr 3.9294e-06 | norm: 0.4761 | dt: 2084.37ms | img/sec: 1965.10
step 106249 | loss: 2.467796 | lr 3.9136e-06 | norm: 0.4840 | dt: 2134.91ms | img/sec: 1918.59
step 106250 | loss: 2.456448 | lr 3.8979e-06 | norm: 0.4869 | dt: 2129.89ms | img/sec: 1923.11
step 106251 | loss: 2.495760 | lr 3.8822e-06 | norm: 0.5017 | dt: 2123.79ms | img/sec: 1928.62
step 106252 | loss: 2.479589 | lr 3.8664e-06 | norm: 0.5193 | dt: 2067.49ms | img/sec: 1981.15
step 106253 | loss: 2.462503 | lr 3.8508e-06 | norm: 0.4837 | dt: 2126.93ms | img/sec: 1925.78
step 106254 | loss: 2.480234 | lr 3.8351e-06 | norm: 0.4898 | dt: 2091.75ms | img/sec: 1958.17
step 106255 | loss: 2.486250 | lr 3.8195e-06 | norm: 0.4985 | dt: 2157.02ms | img/sec: 1898.92
step 106256 | loss: 2.464026 | lr 3.8038e-06 | norm: 0.4943 | dt: 2149.38ms | img/sec: 1905.66
step 106257 | loss: 2.426551 | lr 3.7883e-06 | norm: 0.4798 | dt: 2183.32ms | img/sec: 1876.04
step 106258 | loss: 2.486683 | lr 3.7727e-06 | norm: 0.4862 | dt: 2260.57ms | img/sec: 1811.93
step 106259 | loss: 2.461924 | lr 3.7572e-06 | norm: 0.4867 | dt: 2067.65ms | img/sec: 1981.00
step 106260 | loss: 2.415357 | lr 3.7417e-06 | norm: 0.4850 | dt: 2125.14ms | img/sec: 1927.40
step 106261 | loss: 2.483765 | lr 3.7262e-06 | norm: 0.4877 | dt: 2065.94ms | img/sec: 1982.63
step 106262 | loss: 2.418151 | lr 3.7107e-06 | norm: 0.4793 | dt: 2166.55ms | img/sec: 1890.57
step 106263 | loss: 2.494989 | lr 3.6953e-06 | norm: 0.4844 | dt: 2142.09ms | img/sec: 1912.15
step 106264 | loss: 2.480385 | lr 3.6799e-06 | norm: 0.4958 | dt: 2115.90ms | img/sec: 1935.82
step 106265 | loss: 2.482586 | lr 3.6645e-06 | norm: 0.4908 | dt: 2297.68ms | img/sec: 1782.67
step 106266 | loss: 2.479004 | lr 3.6491e-06 | norm: 0.5065 | dt: 2202.16ms | img/sec: 1859.99
step 106267 | loss: 2.480375 | lr 3.6338e-06 | norm: 0.5057 | dt: 2199.98ms | img/sec: 1861.84
step 106268 | loss: 2.477283 | lr 3.6185e-06 | norm: 0.5118 | dt: 2169.12ms | img/sec: 1888.33
step 106269 | loss: 2.426980 | lr 3.6032e-06 | norm: 0.4786 | dt: 2104.55ms | img/sec: 1946.26
step 106270 | loss: 2.501187 | lr 3.5880e-06 | norm: 0.4887 | dt: 2124.65ms | img/sec: 1927.84
step 106271 | loss: 2.443424 | lr 3.5728e-06 | norm: 0.4827 | dt: 2193.88ms | img/sec: 1867.01
step 106272 | loss: 2.507483 | lr 3.5576e-06 | norm: 0.4888 | dt: 2193.70ms | img/sec: 1867.17
step 106273 | loss: 2.479356 | lr 3.5424e-06 | norm: 0.4934 | dt: 2116.36ms | img/sec: 1935.40
step 106274 | loss: 2.470489 | lr 3.5273e-06 | norm: 0.4795 | dt: 2107.78ms | img/sec: 1943.28
step 106275 | loss: 2.484107 | lr 3.5121e-06 | norm: 0.4906 | dt: 2164.44ms | img/sec: 1892.41
step 106276 | loss: 2.465520 | lr 3.4970e-06 | norm: 0.4967 | dt: 2075.58ms | img/sec: 1973.42
step 106277 | loss: 2.469821 | lr 3.4820e-06 | norm: 0.4896 | dt: 2148.71ms | img/sec: 1906.26
step 106278 | loss: 2.460922 | lr 3.4669e-06 | norm: 0.4773 | dt: 2120.57ms | img/sec: 1931.55
step 106279 | loss: 2.447977 | lr 3.4519e-06 | norm: 0.4762 | dt: 2137.68ms | img/sec: 1916.10
step 106280 | loss: 2.486635 | lr 3.4369e-06 | norm: 0.4852 | dt: 2065.67ms | img/sec: 1982.89
step 106281 | loss: 2.473820 | lr 3.4220e-06 | norm: 0.4867 | dt: 2133.41ms | img/sec: 1919.93
step 106282 | loss: 2.469314 | lr 3.4071e-06 | norm: 0.4905 | dt: 2132.32ms | img/sec: 1920.91
step 106283 | loss: 2.502999 | lr 3.3922e-06 | norm: 0.4781 | dt: 2146.04ms | img/sec: 1908.63
step 106284 | loss: 2.476778 | lr 3.3773e-06 | norm: 0.4879 | dt: 2119.36ms | img/sec: 1932.66
step 106285 | loss: 2.474665 | lr 3.3624e-06 | norm: 0.4671 | dt: 2136.67ms | img/sec: 1917.00
step 106286 | loss: 2.470184 | lr 3.3476e-06 | norm: 0.4891 | dt: 2144.14ms | img/sec: 1910.32
step 106287 | loss: 2.419710 | lr 3.3328e-06 | norm: 0.4795 | dt: 2262.08ms | img/sec: 1810.73
step 106288 | loss: 2.515499 | lr 3.3180e-06 | norm: 0.5020 | dt: 2180.17ms | img/sec: 1878.75
step 106289 | loss: 2.455336 | lr 3.3033e-06 | norm: 0.4848 | dt: 2091.01ms | img/sec: 1958.86
step 106290 | loss: 2.465286 | lr 3.2886e-06 | norm: 0.4717 | dt: 2123.29ms | img/sec: 1929.08
step 106291 | loss: 2.503007 | lr 3.2739e-06 | norm: 0.4898 | dt: 2149.53ms | img/sec: 1905.54
step 106292 | loss: 2.550765 | lr 3.2592e-06 | norm: 0.4789 | dt: 2184.73ms | img/sec: 1874.83
step 106293 | loss: 2.467201 | lr 3.2446e-06 | norm: 0.4822 | dt: 2115.04ms | img/sec: 1936.61
step 106294 | loss: 2.471972 | lr 3.2300e-06 | norm: 0.4842 | dt: 2067.82ms | img/sec: 1980.83
step 106295 | loss: 2.456507 | lr 3.2154e-06 | norm: 0.4724 | dt: 2129.69ms | img/sec: 1923.29
step 106296 | loss: 2.417986 | lr 3.2009e-06 | norm: 0.4968 | dt: 2086.50ms | img/sec: 1963.10
step 106297 | loss: 2.510863 | lr 3.1864e-06 | norm: 0.4884 | dt: 2102.35ms | img/sec: 1948.30
step 106298 | loss: 2.464608 | lr 3.1719e-06 | norm: 0.4865 | dt: 2231.02ms | img/sec: 1835.93
step 106299 | loss: 2.492433 | lr 3.1574e-06 | norm: 0.5089 | dt: 2191.84ms | img/sec: 1868.75
step 106300 | loss: 2.578704 | lr 3.1430e-06 | norm: 0.4974 | dt: 2097.61ms | img/sec: 1952.70
step 106301 | loss: 2.432630 | lr 3.1285e-06 | norm: 0.4814 | dt: 2066.44ms | img/sec: 1982.16
step 106302 | loss: 2.458860 | lr 3.1142e-06 | norm: 0.4780 | dt: 2117.81ms | img/sec: 1934.08
step 106303 | loss: 2.534596 | lr 3.0998e-06 | norm: 0.4881 | dt: 2236.31ms | img/sec: 1831.59
step 106304 | loss: 2.431708 | lr 3.0855e-06 | norm: 0.4642 | dt: 2092.65ms | img/sec: 1957.32
step 106305 | loss: 2.575168 | lr 3.0712e-06 | norm: 0.4999 | dt: 2207.04ms | img/sec: 1855.88
step 106306 | loss: 2.498715 | lr 3.0569e-06 | norm: 0.4776 | dt: 2236.66ms | img/sec: 1831.31
step 106307 | loss: 2.428098 | lr 3.0427e-06 | norm: 0.4825 | dt: 2280.12ms | img/sec: 1796.39
step 106308 | loss: 2.500463 | lr 3.0285e-06 | norm: 0.4866 | dt: 2103.03ms | img/sec: 1947.67
step 106309 | loss: 2.466380 | lr 3.0143e-06 | norm: 0.4760 | dt: 2074.50ms | img/sec: 1974.46
step 106310 | loss: 2.467098 | lr 3.0001e-06 | norm: 0.4790 | dt: 2126.59ms | img/sec: 1926.09
step 106311 | loss: 2.477806 | lr 2.9860e-06 | norm: 0.4877 | dt: 2145.36ms | img/sec: 1909.24
step 106312 | loss: 2.508675 | lr 2.9719e-06 | norm: 0.4929 | dt: 2120.27ms | img/sec: 1931.83
step 106313 | loss: 2.440094 | lr 2.9578e-06 | norm: 0.4789 | dt: 2103.97ms | img/sec: 1946.79
step 106314 | loss: 2.502482 | lr 2.9438e-06 | norm: 0.5043 | dt: 2164.48ms | img/sec: 1892.37
step 106315 | loss: 2.417500 | lr 2.9298e-06 | norm: 0.4808 | dt: 2197.38ms | img/sec: 1864.04
step 106316 | loss: 2.483012 | lr 2.9158e-06 | norm: 0.5011 | dt: 2233.37ms | img/sec: 1834.00
step 106317 | loss: 2.470313 | lr 2.9019e-06 | norm: 0.4951 | dt: 2148.68ms | img/sec: 1906.29
step 106318 | loss: 2.363889 | lr 2.8879e-06 | norm: 0.4869 | dt: 2343.82ms | img/sec: 1747.58
step 106319 | loss: 2.480705 | lr 2.8740e-06 | norm: 0.4825 | dt: 2165.61ms | img/sec: 1891.39
step 106320 | loss: 2.443696 | lr 2.8602e-06 | norm: 0.4958 | dt: 2111.82ms | img/sec: 1939.56
step 106321 | loss: 2.488193 | lr 2.8463e-06 | norm: 0.4860 | dt: 2116.04ms | img/sec: 1935.69
step 106322 | loss: 2.511920 | lr 2.8325e-06 | norm: 0.4908 | dt: 2091.03ms | img/sec: 1958.84
step 106323 | loss: 2.518188 | lr 2.8187e-06 | norm: 0.4844 | dt: 2096.99ms | img/sec: 1953.28
step 106324 | loss: 2.528837 | lr 2.8050e-06 | norm: 0.4920 | dt: 2101.64ms | img/sec: 1948.95
step 106325 | loss: 2.464981 | lr 2.7913e-06 | norm: 0.5005 | dt: 2108.27ms | img/sec: 1942.82
step 106326 | loss: 2.390157 | lr 2.7776e-06 | norm: 0.4735 | dt: 2245.90ms | img/sec: 1823.76
step 106327 | loss: 2.412032 | lr 2.7639e-06 | norm: 0.4916 | dt: 2189.84ms | img/sec: 1870.45
step 106328 | loss: 2.481496 | lr 2.7503e-06 | norm: 0.4881 | dt: 2098.66ms | img/sec: 1951.73
step 106329 | loss: 2.503363 | lr 2.7367e-06 | norm: 0.5006 | dt: 2092.55ms | img/sec: 1957.42
step 106330 | loss: 2.496560 | lr 2.7231e-06 | norm: 0.4819 | dt: 2099.32ms | img/sec: 1951.11
step 106331 | loss: 2.505961 | lr 2.7096e-06 | norm: 0.4826 | dt: 2091.09ms | img/sec: 1958.79
step 106332 | loss: 2.382018 | lr 2.6961e-06 | norm: 0.4821 | dt: 2172.64ms | img/sec: 1885.26
step 106333 | loss: 2.464066 | lr 2.6826e-06 | norm: 0.4851 | dt: 2137.38ms | img/sec: 1916.36
step 106334 | loss: 2.466180 | lr 2.6691e-06 | norm: 0.4886 | dt: 2338.00ms | img/sec: 1751.92
step 106335 | loss: 2.480471 | lr 2.6557e-06 | norm: 0.4955 | dt: 2099.56ms | img/sec: 1950.89
step 106336 | loss: 2.466768 | lr 2.6423e-06 | norm: 0.4725 | dt: 2077.43ms | img/sec: 1971.67
step 106337 | loss: 2.486314 | lr 2.6290e-06 | norm: 0.4867 | dt: 2115.59ms | img/sec: 1936.10
step 106338 | loss: 2.462813 | lr 2.6156e-06 | norm: 0.4814 | dt: 2068.87ms | img/sec: 1979.82
step 106339 | loss: 2.469126 | lr 2.6023e-06 | norm: 0.4795 | dt: 2095.52ms | img/sec: 1954.64
step 106340 | loss: 2.460091 | lr 2.5890e-06 | norm: 0.4828 | dt: 2129.29ms | img/sec: 1923.65
step 106341 | loss: 2.449899 | lr 2.5758e-06 | norm: 0.4755 | dt: 2154.01ms | img/sec: 1901.57
step 106342 | loss: 2.531615 | lr 2.5626e-06 | norm: 0.4956 | dt: 2103.07ms | img/sec: 1947.63
step 106343 | loss: 2.462121 | lr 2.5494e-06 | norm: 0.4951 | dt: 2179.18ms | img/sec: 1879.61
step 106344 | loss: 2.491266 | lr 2.5363e-06 | norm: 0.5005 | dt: 2166.73ms | img/sec: 1890.40
step 106345 | loss: 2.469045 | lr 2.5231e-06 | norm: 0.4813 | dt: 2130.97ms | img/sec: 1922.13
step 106346 | loss: 2.446468 | lr 2.5100e-06 | norm: 0.4925 | dt: 2166.07ms | img/sec: 1890.98
step 106347 | loss: 2.563814 | lr 2.4970e-06 | norm: 0.5073 | dt: 2219.33ms | img/sec: 1845.60
step 106348 | loss: 2.450196 | lr 2.4840e-06 | norm: 0.4884 | dt: 2152.95ms | img/sec: 1902.51
step 106349 | loss: 2.454201 | lr 2.4710e-06 | norm: 0.4789 | dt: 2154.04ms | img/sec: 1901.54
step 106350 | loss: 2.476673 | lr 2.4580e-06 | norm: 0.4933 | dt: 2225.65ms | img/sec: 1840.36
step 106351 | loss: 2.498463 | lr 2.4451e-06 | norm: 0.4980 | dt: 2157.73ms | img/sec: 1898.29
step 106352 | loss: 2.493618 | lr 2.4322e-06 | norm: 0.4878 | dt: 2256.00ms | img/sec: 1815.60
step 106353 | loss: 2.478592 | lr 2.4193e-06 | norm: 0.5030 | dt: 2156.85ms | img/sec: 1899.07
step 106354 | loss: 2.492886 | lr 2.4064e-06 | norm: 0.5262 | dt: 2180.46ms | img/sec: 1878.51
step 106355 | loss: 2.490279 | lr 2.3936e-06 | norm: 0.4986 | dt: 2394.64ms | img/sec: 1710.49
step 106356 | loss: 2.411748 | lr 2.3808e-06 | norm: 0.4939 | dt: 2174.24ms | img/sec: 1883.88
step 106357 | loss: 2.500553 | lr 2.3681e-06 | norm: 0.4976 | dt: 2198.01ms | img/sec: 1863.50
step 106358 | loss: 2.477157 | lr 2.3554e-06 | norm: 0.4759 | dt: 2198.15ms | img/sec: 1863.38
step 106359 | loss: 2.465250 | lr 2.3427e-06 | norm: 0.4774 | dt: 2106.75ms | img/sec: 1944.23
step 106360 | loss: 2.483314 | lr 2.3300e-06 | norm: 0.4906 | dt: 2209.20ms | img/sec: 1854.07
step 106361 | loss: 2.542386 | lr 2.3174e-06 | norm: 0.4973 | dt: 2155.32ms | img/sec: 1900.42
step 106362 | loss: 2.527313 | lr 2.3048e-06 | norm: 0.4991 | dt: 2236.30ms | img/sec: 1831.59
step 106363 | loss: 2.500076 | lr 2.2922e-06 | norm: 0.4853 | dt: 2183.50ms | img/sec: 1875.88
step 106364 | loss: 2.518668 | lr 2.2797e-06 | norm: 0.4923 | dt: 2103.30ms | img/sec: 1947.42
step 106365 | loss: 2.382400 | lr 2.2672e-06 | norm: 0.4686 | dt: 2192.91ms | img/sec: 1867.84
step 106366 | loss: 2.521900 | lr 2.2547e-06 | norm: 0.4979 | dt: 2067.09ms | img/sec: 1981.53
step 106367 | loss: 2.502251 | lr 2.2423e-06 | norm: 0.4973 | dt: 2227.48ms | img/sec: 1838.85
step 106368 | loss: 2.452660 | lr 2.2299e-06 | norm: 0.4797 | dt: 2227.63ms | img/sec: 1838.73
step 106369 | loss: 2.535183 | lr 2.2175e-06 | norm: 0.4741 | dt: 2120.35ms | img/sec: 1931.75
step 106370 | loss: 2.479283 | lr 2.2052e-06 | norm: 0.4885 | dt: 2163.95ms | img/sec: 1892.84
step 106371 | loss: 2.498230 | lr 2.1929e-06 | norm: 0.4914 | dt: 2170.63ms | img/sec: 1887.01
step 106372 | loss: 2.430927 | lr 2.1806e-06 | norm: 0.4903 | dt: 2174.96ms | img/sec: 1883.25
step 106373 | loss: 2.493379 | lr 2.1683e-06 | norm: 0.4975 | dt: 2175.85ms | img/sec: 1882.48
step 106374 | loss: 2.441062 | lr 2.1561e-06 | norm: 0.4988 | dt: 2118.69ms | img/sec: 1933.27
step 106375 | loss: 2.466693 | lr 2.1440e-06 | norm: 0.4846 | dt: 2229.12ms | img/sec: 1837.50
step 106376 | loss: 2.517676 | lr 2.1318e-06 | norm: 0.4837 | dt: 2246.82ms | img/sec: 1823.02
step 106377 | loss: 2.489050 | lr 2.1197e-06 | norm: 0.4960 | dt: 2225.46ms | img/sec: 1840.52
step 106378 | loss: 2.392655 | lr 2.1076e-06 | norm: 0.4593 | dt: 2154.49ms | img/sec: 1901.14
step 106379 | loss: 2.464514 | lr 2.0955e-06 | norm: 0.4891 | dt: 2237.70ms | img/sec: 1830.45
step 106380 | loss: 2.435266 | lr 2.0835e-06 | norm: 0.4697 | dt: 2064.34ms | img/sec: 1984.17
step 106381 | loss: 2.467798 | lr 2.0715e-06 | norm: 0.4837 | dt: 2102.64ms | img/sec: 1948.02
step 106382 | loss: 2.503416 | lr 2.0596e-06 | norm: 0.4862 | dt: 2105.09ms | img/sec: 1945.76
step 106383 | loss: 2.487451 | lr 2.0477e-06 | norm: 0.4959 | dt: 2139.76ms | img/sec: 1914.24
step 106384 | loss: 2.475583 | lr 2.0358e-06 | norm: 0.5060 | dt: 2127.02ms | img/sec: 1925.70
step 106385 | loss: 2.439011 | lr 2.0239e-06 | norm: 0.4901 | dt: 2089.43ms | img/sec: 1960.34
step 106386 | loss: 2.472133 | lr 2.0121e-06 | norm: 0.4856 | dt: 2125.30ms | img/sec: 1927.26
step 106387 | loss: 2.464200 | lr 2.0003e-06 | norm: 0.4970 | dt: 6503.73ms | img/sec: 629.79
step 106388 | loss: 2.478195 | lr 1.9885e-06 | norm: 0.5021 | dt: 2317.60ms | img/sec: 1767.35
step 106389 | loss: 2.488190 | lr 1.9768e-06 | norm: 0.4926 | dt: 2133.08ms | img/sec: 1920.23
step 106390 | loss: 2.442696 | lr 1.9651e-06 | norm: 0.4764 | dt: 2237.62ms | img/sec: 1830.52
step 106391 | loss: 2.445256 | lr 1.9534e-06 | norm: 0.4772 | dt: 2092.41ms | img/sec: 1957.55
step 106392 | loss: 2.473797 | lr 1.9418e-06 | norm: 0.4806 | dt: 2149.68ms | img/sec: 1905.40
step 106393 | loss: 2.509737 | lr 1.9302e-06 | norm: 0.4724 | dt: 2263.98ms | img/sec: 1809.20
step 106394 | loss: 2.510422 | lr 1.9186e-06 | norm: 0.4818 | dt: 2134.95ms | img/sec: 1918.55
step 106395 | loss: 2.437340 | lr 1.9071e-06 | norm: 0.4872 | dt: 2116.52ms | img/sec: 1935.25
step 106396 | loss: 2.485150 | lr 1.8956e-06 | norm: 0.4794 | dt: 2090.80ms | img/sec: 1959.06
step 106397 | loss: 2.492990 | lr 1.8841e-06 | norm: 0.4876 | dt: 2150.05ms | img/sec: 1905.07
step 106398 | loss: 2.461641 | lr 1.8727e-06 | norm: 0.4851 | dt: 2154.99ms | img/sec: 1900.71
step 106399 | loss: 2.518969 | lr 1.8613e-06 | norm: 0.5026 | dt: 2212.11ms | img/sec: 1851.62
step 106400 | loss: 2.534969 | lr 1.8499e-06 | norm: 0.4969 | dt: 2225.31ms | img/sec: 1840.64
step 106401 | loss: 2.518703 | lr 1.8386e-06 | norm: 0.4869 | dt: 2116.98ms | img/sec: 1934.83
step 106402 | loss: 2.486914 | lr 1.8273e-06 | norm: 0.4943 | dt: 2101.50ms | img/sec: 1949.09
step 106403 | loss: 2.483309 | lr 1.8160e-06 | norm: 0.4883 | dt: 2200.34ms | img/sec: 1861.53
step 106404 | loss: 2.445549 | lr 1.8048e-06 | norm: 0.4724 | dt: 2121.13ms | img/sec: 1931.05
step 106405 | loss: 2.463462 | lr 1.7936e-06 | norm: 0.4803 | dt: 2096.37ms | img/sec: 1953.86
step 106406 | loss: 2.446969 | lr 1.7824e-06 | norm: 0.4676 | dt: 2145.70ms | img/sec: 1908.93
step 106407 | loss: 2.435107 | lr 1.7713e-06 | norm: 0.4665 | dt: 2169.30ms | img/sec: 1888.17
step 106408 | loss: 2.503774 | lr 1.7602e-06 | norm: 0.4792 | dt: 2153.27ms | img/sec: 1902.23
step 106409 | loss: 2.497013 | lr 1.7492e-06 | norm: 0.4883 | dt: 2072.98ms | img/sec: 1975.90
step 106410 | loss: 2.496635 | lr 1.7381e-06 | norm: 0.4971 | dt: 2117.74ms | img/sec: 1934.13
step 106411 | loss: 2.478996 | lr 1.7271e-06 | norm: 0.5010 | dt: 2127.24ms | img/sec: 1925.50
step 106412 | loss: 2.423978 | lr 1.7162e-06 | norm: 0.4796 | dt: 2072.24ms | img/sec: 1976.60
step 106413 | loss: 2.451854 | lr 1.7052e-06 | norm: 0.4944 | dt: 2184.71ms | img/sec: 1874.85
step 106414 | loss: 2.504739 | lr 1.6943e-06 | norm: 0.4915 | dt: 2154.66ms | img/sec: 1900.99
step 106415 | loss: 2.464730 | lr 1.6835e-06 | norm: 0.5031 | dt: 2146.60ms | img/sec: 1908.13
step 106416 | loss: 2.454609 | lr 1.6726e-06 | norm: 0.4853 | dt: 2064.99ms | img/sec: 1983.55
step 106417 | loss: 2.470257 | lr 1.6618e-06 | norm: 0.5066 | dt: 2119.87ms | img/sec: 1932.20
step 106418 | loss: 2.432844 | lr 1.6511e-06 | norm: 0.4951 | dt: 2115.92ms | img/sec: 1935.80
step 106419 | loss: 2.527075 | lr 1.6404e-06 | norm: 0.4960 | dt: 2079.64ms | img/sec: 1969.57
step 106420 | loss: 2.404377 | lr 1.6297e-06 | norm: 0.4706 | dt: 2125.65ms | img/sec: 1926.94
step 106421 | loss: 2.493388 | lr 1.6190e-06 | norm: 0.4893 | dt: 2227.29ms | img/sec: 1839.00
step 106422 | loss: 2.446740 | lr 1.6084e-06 | norm: 0.4904 | dt: 2180.11ms | img/sec: 1878.80
step 106423 | loss: 2.461816 | lr 1.5978e-06 | norm: 0.4873 | dt: 2127.00ms | img/sec: 1925.72
step 106424 | loss: 2.442689 | lr 1.5872e-06 | norm: 0.4879 | dt: 2125.57ms | img/sec: 1927.01
step 106425 | loss: 2.459763 | lr 1.5767e-06 | norm: 0.4945 | dt: 2185.22ms | img/sec: 1874.41
step 106426 | loss: 2.409701 | lr 1.5662e-06 | norm: 0.4720 | dt: 2083.55ms | img/sec: 1965.88
step 106427 | loss: 2.460292 | lr 1.5558e-06 | norm: 0.4857 | dt: 2191.78ms | img/sec: 1868.80
step 106428 | loss: 2.470336 | lr 1.5454e-06 | norm: 0.4844 | dt: 2123.25ms | img/sec: 1929.12
step 106429 | loss: 2.468857 | lr 1.5350e-06 | norm: 0.4948 | dt: 2096.02ms | img/sec: 1954.18
step 106430 | loss: 2.529598 | lr 1.5246e-06 | norm: 0.5030 | dt: 2174.74ms | img/sec: 1883.44
step 106431 | loss: 2.455768 | lr 1.5143e-06 | norm: 0.4825 | dt: 2108.82ms | img/sec: 1942.32
step 106432 | loss: 2.482584 | lr 1.5040e-06 | norm: 0.5074 | dt: 2097.00ms | img/sec: 1953.26
step 106433 | loss: 2.433136 | lr 1.4938e-06 | norm: 0.4842 | dt: 2182.47ms | img/sec: 1876.78
step 106434 | loss: 2.455531 | lr 1.4836e-06 | norm: 0.4761 | dt: 2322.26ms | img/sec: 1763.80
step 106435 | loss: 2.478662 | lr 1.4734e-06 | norm: 0.4977 | dt: 2168.16ms | img/sec: 1889.16
step 106436 | loss: 2.451017 | lr 1.4633e-06 | norm: 0.4782 | dt: 2094.67ms | img/sec: 1955.44
step 106437 | loss: 2.451650 | lr 1.4532e-06 | norm: 0.4847 | dt: 2093.31ms | img/sec: 1956.71
step 106438 | loss: 2.483977 | lr 1.4431e-06 | norm: 0.4959 | dt: 2145.91ms | img/sec: 1908.75
step 106439 | loss: 2.505299 | lr 1.4330e-06 | norm: 0.5065 | dt: 2092.76ms | img/sec: 1957.22
step 106440 | loss: 2.453297 | lr 1.4230e-06 | norm: 0.4930 | dt: 2096.37ms | img/sec: 1953.85
step 106441 | loss: 2.416404 | lr 1.4131e-06 | norm: 0.4824 | dt: 2105.84ms | img/sec: 1945.06
step 106442 | loss: 2.436548 | lr 1.4031e-06 | norm: 0.4891 | dt: 2127.24ms | img/sec: 1925.50
step 106443 | loss: 2.424260 | lr 1.3933e-06 | norm: 0.4763 | dt: 2085.60ms | img/sec: 1963.95
step 106444 | loss: 2.447670 | lr 1.3834e-06 | norm: 0.4823 | dt: 2173.10ms | img/sec: 1884.87
step 106445 | loss: 2.426070 | lr 1.3736e-06 | norm: 0.4780 | dt: 2199.86ms | img/sec: 1861.94
step 106446 | loss: 2.456533 | lr 1.3638e-06 | norm: 0.4849 | dt: 2117.74ms | img/sec: 1934.13
step 106447 | loss: 2.478890 | lr 1.3540e-06 | norm: 0.4935 | dt: 2203.20ms | img/sec: 1859.12
step 106448 | loss: 2.421882 | lr 1.3443e-06 | norm: 0.4800 | dt: 2132.62ms | img/sec: 1920.64
step 106449 | loss: 2.502938 | lr 1.3346e-06 | norm: 0.4920 | dt: 2124.90ms | img/sec: 1927.62
step 106450 | loss: 2.411049 | lr 1.3250e-06 | norm: 0.4902 | dt: 2135.84ms | img/sec: 1917.74
step 106451 | loss: 2.506445 | lr 1.3153e-06 | norm: 0.4870 | dt: 2128.99ms | img/sec: 1923.91
step 106452 | loss: 2.462284 | lr 1.3058e-06 | norm: 0.4781 | dt: 2092.47ms | img/sec: 1957.49
step 106453 | loss: 2.413648 | lr 1.2962e-06 | norm: 0.4728 | dt: 2095.75ms | img/sec: 1954.43
step 106454 | loss: 2.417370 | lr 1.2867e-06 | norm: 0.4762 | dt: 2229.83ms | img/sec: 1836.91
step 106455 | loss: 2.430350 | lr 1.2772e-06 | norm: 0.4759 | dt: 2179.16ms | img/sec: 1879.62
step 106456 | loss: 2.447749 | lr 1.2678e-06 | norm: 0.4831 | dt: 2293.48ms | img/sec: 1785.94
step 106457 | loss: 2.513534 | lr 1.2584e-06 | norm: 0.4796 | dt: 2253.91ms | img/sec: 1817.29
step 106458 | loss: 2.456560 | lr 1.2490e-06 | norm: 0.4725 | dt: 2208.85ms | img/sec: 1854.36
step 106459 | loss: 2.513544 | lr 1.2397e-06 | norm: 0.4943 | dt: 2107.75ms | img/sec: 1943.31
step 106460 | loss: 2.463579 | lr 1.2304e-06 | norm: 0.4870 | dt: 2095.36ms | img/sec: 1954.79
step 106461 | loss: 2.496042 | lr 1.2212e-06 | norm: 0.4877 | dt: 2121.96ms | img/sec: 1930.30
step 106462 | loss: 2.437083 | lr 1.2119e-06 | norm: 0.4717 | dt: 2124.22ms | img/sec: 1928.24
step 106463 | loss: 2.506631 | lr 1.2028e-06 | norm: 0.4848 | dt: 2115.53ms | img/sec: 1936.16
step 106464 | loss: 2.498847 | lr 1.1936e-06 | norm: 0.4930 | dt: 2071.14ms | img/sec: 1977.65
step 106465 | loss: 2.470763 | lr 1.1845e-06 | norm: 0.4878 | dt: 2081.42ms | img/sec: 1967.88
step 106466 | loss: 2.546716 | lr 1.1754e-06 | norm: 0.4920 | dt: 2115.29ms | img/sec: 1936.38
step 106467 | loss: 2.529027 | lr 1.1664e-06 | norm: 0.4988 | dt: 2114.36ms | img/sec: 1937.23
step 106468 | loss: 2.489607 | lr 1.1574e-06 | norm: 0.4871 | dt: 2136.26ms | img/sec: 1917.37
step 106469 | loss: 2.493812 | lr 1.1484e-06 | norm: 0.4806 | dt: 2099.79ms | img/sec: 1950.67
step 106470 | loss: 2.474053 | lr 1.1395e-06 | norm: 0.4861 | dt: 2189.97ms | img/sec: 1870.35
step 106471 | loss: 2.438559 | lr 1.1306e-06 | norm: 0.4812 | dt: 2079.09ms | img/sec: 1970.10
step 106472 | loss: 2.489597 | lr 1.1217e-06 | norm: 0.4879 | dt: 2128.33ms | img/sec: 1924.51
step 106473 | loss: 2.495091 | lr 1.1129e-06 | norm: 0.4879 | dt: 2090.75ms | img/sec: 1959.11
step 106474 | loss: 2.437422 | lr 1.1041e-06 | norm: 0.4722 | dt: 2162.43ms | img/sec: 1894.17
step 106475 | loss: 2.505306 | lr 1.0953e-06 | norm: 0.4908 | dt: 2217.29ms | img/sec: 1847.30
step 106476 | loss: 2.489137 | lr 1.0866e-06 | norm: 0.4839 | dt: 2099.12ms | img/sec: 1951.29
step 106477 | loss: 2.430144 | lr 1.0779e-06 | norm: 0.4821 | dt: 2160.78ms | img/sec: 1895.61
step 106478 | loss: 2.496836 | lr 1.0693e-06 | norm: 0.4830 | dt: 2076.26ms | img/sec: 1972.77
step 106479 | loss: 2.452800 | lr 1.0607e-06 | norm: 0.4797 | dt: 2158.29ms | img/sec: 1897.80
step 106480 | loss: 2.475893 | lr 1.0521e-06 | norm: 0.4811 | dt: 2291.28ms | img/sec: 1787.65
step 106481 | loss: 2.436446 | lr 1.0436e-06 | norm: 0.5067 | dt: 2115.97ms | img/sec: 1935.76
step 106482 | loss: 2.467505 | lr 1.0351e-06 | norm: 0.4727 | dt: 2195.83ms | img/sec: 1865.35
step 106483 | loss: 2.524482 | lr 1.0266e-06 | norm: 0.4862 | dt: 2152.26ms | img/sec: 1903.12
step 106484 | loss: 2.409829 | lr 1.0182e-06 | norm: 0.4809 | dt: 2098.40ms | img/sec: 1951.97
step 106485 | loss: 2.435353 | lr 1.0098e-06 | norm: 0.4752 | dt: 2074.61ms | img/sec: 1974.35
step 106486 | loss: 2.461329 | lr 1.0014e-06 | norm: 0.4723 | dt: 2163.69ms | img/sec: 1893.07
step 106487 | loss: 2.444281 | lr 9.9312e-07 | norm: 0.4816 | dt: 2114.70ms | img/sec: 1936.92
step 106488 | loss: 2.487933 | lr 9.8484e-07 | norm: 0.4953 | dt: 2121.61ms | img/sec: 1930.61
step 106489 | loss: 2.504864 | lr 9.7660e-07 | norm: 0.4887 | dt: 2166.46ms | img/sec: 1890.64
step 106490 | loss: 2.507436 | lr 9.6839e-07 | norm: 0.4888 | dt: 2100.40ms | img/sec: 1950.10
step 106491 | loss: 2.471426 | lr 9.6022e-07 | norm: 0.4953 | dt: 2106.25ms | img/sec: 1944.69
step 106492 | loss: 2.452664 | lr 9.5209e-07 | norm: 0.4860 | dt: 2165.97ms | img/sec: 1891.07
step 106493 | loss: 2.440323 | lr 9.4400e-07 | norm: 0.4695 | dt: 2086.26ms | img/sec: 1963.32
step 106494 | loss: 2.525414 | lr 9.3594e-07 | norm: 0.4944 | dt: 2111.16ms | img/sec: 1940.17
step 106495 | loss: 2.402159 | lr 9.2792e-07 | norm: 0.4651 | dt: 2122.24ms | img/sec: 1930.04
step 106496 | loss: 2.470890 | lr 9.1993e-07 | norm: 0.4966 | dt: 2164.11ms | img/sec: 1892.70
step 106497 | loss: 2.464941 | lr 9.1199e-07 | norm: 0.4808 | dt: 2078.22ms | img/sec: 1970.92
step 106498 | loss: 2.427982 | lr 9.0408e-07 | norm: 0.4816 | dt: 2257.65ms | img/sec: 1814.28
step 106499 | loss: 2.421772 | lr 8.9620e-07 | norm: 0.4788 | dt: 2099.51ms | img/sec: 1950.93
step 106500 | val_loss 1.4452 | val_acc 66.70%
step 106500 | loss: 2.444840 | lr 8.8837e-07 | norm: 0.4960 | dt: 5606.41ms | img/sec: 730.59
step 106501 | loss: 2.492180 | lr 8.8057e-07 | norm: 0.4965 | dt: 2131.59ms | img/sec: 1921.57
step 106502 | loss: 2.445689 | lr 8.7281e-07 | norm: 0.4759 | dt: 2144.54ms | img/sec: 1909.97
step 106503 | loss: 2.495286 | lr 8.6509e-07 | norm: 0.5022 | dt: 2162.62ms | img/sec: 1894.00
step 106504 | loss: 2.490626 | lr 8.5740e-07 | norm: 0.5010 | dt: 2100.00ms | img/sec: 1950.48
step 106505 | loss: 2.521074 | lr 8.4975e-07 | norm: 0.4980 | dt: 2105.06ms | img/sec: 1945.79
step 106506 | loss: 2.438714 | lr 8.4214e-07 | norm: 0.4946 | dt: 2097.38ms | img/sec: 1952.92
step 106507 | loss: 2.451928 | lr 8.3456e-07 | norm: 0.4893 | dt: 2141.51ms | img/sec: 1912.67
step 106508 | loss: 2.538907 | lr 8.2702e-07 | norm: 0.4961 | dt: 2112.10ms | img/sec: 1939.30
step 106509 | loss: 2.442417 | lr 8.1952e-07 | norm: 0.4728 | dt: 2138.03ms | img/sec: 1915.78
step 106510 | loss: 2.506283 | lr 8.1206e-07 | norm: 0.4849 | dt: 2160.77ms | img/sec: 1895.62
step 106511 | loss: 2.423893 | lr 8.0464e-07 | norm: 0.4816 | dt: 2302.87ms | img/sec: 1778.65
step 106512 | loss: 2.482421 | lr 7.9725e-07 | norm: 0.4957 | dt: 2250.91ms | img/sec: 1819.71
step 106513 | loss: 2.495956 | lr 7.8990e-07 | norm: 0.4833 | dt: 2223.42ms | img/sec: 1842.21
step 106514 | loss: 2.519432 | lr 7.8259e-07 | norm: 0.5035 | dt: 2122.67ms | img/sec: 1929.65
step 106515 | loss: 2.474536 | lr 7.7531e-07 | norm: 0.4765 | dt: 2188.11ms | img/sec: 1871.93
step 106516 | loss: 2.424981 | lr 7.6807e-07 | norm: 0.4737 | dt: 2099.12ms | img/sec: 1951.30
step 106517 | loss: 2.474474 | lr 7.6087e-07 | norm: 0.4864 | dt: 2139.85ms | img/sec: 1914.15
step 106518 | loss: 2.509954 | lr 7.5371e-07 | norm: 0.5027 | dt: 2231.30ms | img/sec: 1835.70
step 106519 | loss: 2.482141 | lr 7.4659e-07 | norm: 0.4834 | dt: 2098.24ms | img/sec: 1952.11
step 106520 | loss: 2.438563 | lr 7.3950e-07 | norm: 0.4914 | dt: 2086.76ms | img/sec: 1962.85
step 106521 | loss: 2.470337 | lr 7.3245e-07 | norm: 0.5088 | dt: 2108.58ms | img/sec: 1942.54
step 106522 | loss: 2.539591 | lr 7.2544e-07 | norm: 0.4825 | dt: 2108.94ms | img/sec: 1942.21
step 106523 | loss: 2.503645 | lr 7.1847e-07 | norm: 0.5057 | dt: 2145.24ms | img/sec: 1909.34
step 106524 | loss: 2.514139 | lr 7.1153e-07 | norm: 0.4846 | dt: 2088.71ms | img/sec: 1961.02
step 106525 | loss: 2.443069 | lr 7.0464e-07 | norm: 0.4955 | dt: 2092.51ms | img/sec: 1957.46
step 106526 | loss: 2.468689 | lr 6.9778e-07 | norm: 0.4956 | dt: 2115.34ms | img/sec: 1936.33
step 106527 | loss: 2.425683 | lr 6.9095e-07 | norm: 0.4704 | dt: 2078.84ms | img/sec: 1970.33
step 106528 | loss: 2.449306 | lr 6.8417e-07 | norm: 0.4937 | dt: 2077.55ms | img/sec: 1971.55
step 106529 | loss: 2.453696 | lr 6.7742e-07 | norm: 0.4862 | dt: 2088.34ms | img/sec: 1961.36
step 106530 | loss: 2.527674 | lr 6.7072e-07 | norm: 0.4892 | dt: 2115.55ms | img/sec: 1936.14
step 106531 | loss: 2.511332 | lr 6.6405e-07 | norm: 0.5029 | dt: 2138.48ms | img/sec: 1915.38
step 106532 | loss: 2.455577 | lr 6.5742e-07 | norm: 0.4739 | dt: 2075.63ms | img/sec: 1973.38
step 106533 | loss: 2.438354 | lr 6.5082e-07 | norm: 0.4789 | dt: 2081.70ms | img/sec: 1967.62
step 106534 | loss: 2.570065 | lr 6.4427e-07 | norm: 0.4971 | dt: 2172.07ms | img/sec: 1885.76
step 106535 | loss: 2.508793 | lr 6.3775e-07 | norm: 0.4785 | dt: 2074.58ms | img/sec: 1974.38
step 106536 | loss: 2.452910 | lr 6.3127e-07 | norm: 0.4923 | dt: 2126.79ms | img/sec: 1925.91
step 106537 | loss: 2.517359 | lr 6.2483e-07 | norm: 0.4876 | dt: 2128.05ms | img/sec: 1924.76
step 106538 | loss: 2.411090 | lr 6.1843e-07 | norm: 0.4649 | dt: 2249.24ms | img/sec: 1821.06
step 106539 | loss: 2.516461 | lr 6.1206e-07 | norm: 0.4855 | dt: 2133.61ms | img/sec: 1919.75
step 106540 | loss: 2.551936 | lr 6.0574e-07 | norm: 0.5004 | dt: 2164.73ms | img/sec: 1892.15
step 106541 | loss: 2.403501 | lr 5.9945e-07 | norm: 0.4797 | dt: 2078.38ms | img/sec: 1970.77
step 106542 | loss: 2.412945 | lr 5.9320e-07 | norm: 0.4824 | dt: 2082.82ms | img/sec: 1966.57
step 106543 | loss: 2.480436 | lr 5.8699e-07 | norm: 0.4805 | dt: 2136.05ms | img/sec: 1917.56
step 106544 | loss: 2.459372 | lr 5.8081e-07 | norm: 0.4783 | dt: 2082.41ms | img/sec: 1966.95
step 106545 | loss: 2.502028 | lr 5.7468e-07 | norm: 0.4782 | dt: 2086.42ms | img/sec: 1963.18
step 106546 | loss: 2.402569 | lr 5.6858e-07 | norm: 0.4815 | dt: 2074.78ms | img/sec: 1974.18
step 106547 | loss: 2.479918 | lr 5.6253e-07 | norm: 0.4941 | dt: 2198.61ms | img/sec: 1862.99
step 106548 | loss: 2.461089 | lr 5.5651e-07 | norm: 0.4813 | dt: 2082.78ms | img/sec: 1966.61
step 106549 | loss: 2.461661 | lr 5.5053e-07 | norm: 0.4793 | dt: 2076.09ms | img/sec: 1972.94
step 106550 | loss: 2.467770 | lr 5.4459e-07 | norm: 0.4767 | dt: 2074.36ms | img/sec: 1974.59
step 106551 | loss: 2.491464 | lr 5.3868e-07 | norm: 0.4766 | dt: 2167.13ms | img/sec: 1890.06
step 106552 | loss: 2.475616 | lr 5.3282e-07 | norm: 0.4812 | dt: 2137.35ms | img/sec: 1916.39
step 106553 | loss: 2.393991 | lr 5.2699e-07 | norm: 0.4700 | dt: 2140.74ms | img/sec: 1913.36
step 106554 | loss: 2.457891 | lr 5.2120e-07 | norm: 0.5090 | dt: 2191.53ms | img/sec: 1869.01
step 106555 | loss: 2.507563 | lr 5.1545e-07 | norm: 0.4925 | dt: 2101.04ms | img/sec: 1949.51
step 106556 | loss: 2.405006 | lr 5.0974e-07 | norm: 0.4793 | dt: 2074.04ms | img/sec: 1974.89
step 106557 | loss: 2.460523 | lr 5.0407e-07 | norm: 0.4778 | dt: 2095.64ms | img/sec: 1954.53
step 106558 | loss: 2.410892 | lr 4.9844e-07 | norm: 0.4745 | dt: 2171.34ms | img/sec: 1886.39
step 106559 | loss: 2.500317 | lr 4.9284e-07 | norm: 0.5007 | dt: 2160.80ms | img/sec: 1895.60
step 106560 | loss: 2.467044 | lr 4.8729e-07 | norm: 0.4860 | dt: 2091.23ms | img/sec: 1958.65
step 106561 | loss: 2.479463 | lr 4.8177e-07 | norm: 0.4963 | dt: 2076.49ms | img/sec: 1972.56
step 106562 | loss: 2.470331 | lr 4.7629e-07 | norm: 0.4879 | dt: 2085.06ms | img/sec: 1964.45
step 106563 | loss: 2.522222 | lr 4.7086e-07 | norm: 0.5361 | dt: 2191.03ms | img/sec: 1869.44
step 106564 | loss: 2.498028 | lr 4.6546e-07 | norm: 0.4937 | dt: 2084.75ms | img/sec: 1964.74
step 106565 | loss: 2.425895 | lr 4.6009e-07 | norm: 0.4767 | dt: 2076.76ms | img/sec: 1972.30
step 106566 | loss: 2.408175 | lr 4.5477e-07 | norm: 0.4769 | dt: 2098.93ms | img/sec: 1951.47
step 106567 | loss: 2.531435 | lr 4.4949e-07 | norm: 0.4865 | dt: 2080.35ms | img/sec: 1968.90
step 106568 | loss: 2.480037 | lr 4.4424e-07 | norm: 0.4948 | dt: 2246.64ms | img/sec: 1823.17
step 106569 | loss: 2.484085 | lr 4.3904e-07 | norm: 0.4759 | dt: 2089.81ms | img/sec: 1959.99
step 106570 | loss: 2.443971 | lr 4.3387e-07 | norm: 0.4937 | dt: 2097.92ms | img/sec: 1952.41
step 106571 | loss: 2.493338 | lr 4.2874e-07 | norm: 0.4727 | dt: 2235.07ms | img/sec: 1832.61
step 106572 | loss: 2.474322 | lr 4.2366e-07 | norm: 0.4955 | dt: 2078.71ms | img/sec: 1970.45
step 106573 | loss: 2.454617 | lr 4.1861e-07 | norm: 0.4727 | dt: 2078.24ms | img/sec: 1970.90
step 106574 | loss: 2.444664 | lr 4.1359e-07 | norm: 0.4893 | dt: 2138.87ms | img/sec: 1915.03
step 106575 | loss: 2.511821 | lr 4.0862e-07 | norm: 0.4803 | dt: 2097.54ms | img/sec: 1952.77
step 106576 | loss: 2.487168 | lr 4.0369e-07 | norm: 0.4826 | dt: 2086.98ms | img/sec: 1962.64
step 106577 | loss: 2.481343 | lr 3.9880e-07 | norm: 0.4879 | dt: 2067.08ms | img/sec: 1981.54
step 106578 | loss: 2.460076 | lr 3.9394e-07 | norm: 0.4749 | dt: 2143.28ms | img/sec: 1911.09
step 106579 | loss: 2.479462 | lr 3.8913e-07 | norm: 0.4736 | dt: 2142.39ms | img/sec: 1911.89
step 106580 | loss: 2.457826 | lr 3.8435e-07 | norm: 0.4699 | dt: 2074.64ms | img/sec: 1974.32
step 106581 | loss: 2.466287 | lr 3.7962e-07 | norm: 0.5104 | dt: 2108.20ms | img/sec: 1942.89
step 106582 | loss: 2.377713 | lr 3.7492e-07 | norm: 0.4673 | dt: 2111.25ms | img/sec: 1940.09
step 106583 | loss: 2.459451 | lr 3.7026e-07 | norm: 0.5100 | dt: 2173.28ms | img/sec: 1884.71
step 106584 | loss: 2.410304 | lr 3.6564e-07 | norm: 0.4723 | dt: 2075.59ms | img/sec: 1973.41
step 106585 | loss: 2.476468 | lr 3.6106e-07 | norm: 0.5052 | dt: 2106.06ms | img/sec: 1944.86
step 106586 | loss: 2.530103 | lr 3.5652e-07 | norm: 0.4970 | dt: 2081.26ms | img/sec: 1968.04
step 106587 | loss: 2.532873 | lr 3.5202e-07 | norm: 0.4991 | dt: 2196.28ms | img/sec: 1864.97
step 106588 | loss: 2.424450 | lr 3.4756e-07 | norm: 0.4807 | dt: 2120.40ms | img/sec: 1931.71
step 106589 | loss: 2.553231 | lr 3.4314e-07 | norm: 0.5083 | dt: 2111.39ms | img/sec: 1939.95
step 106590 | loss: 2.435683 | lr 3.3875e-07 | norm: 0.4846 | dt: 2158.64ms | img/sec: 1897.50
step 106591 | loss: 2.422362 | lr 3.3441e-07 | norm: 0.4679 | dt: 2072.69ms | img/sec: 1976.18
step 106592 | loss: 2.458853 | lr 3.3011e-07 | norm: 0.4828 | dt: 2073.07ms | img/sec: 1975.81
step 106593 | loss: 2.478805 | lr 3.2584e-07 | norm: 0.4832 | dt: 2076.16ms | img/sec: 1972.87
step 106594 | loss: 2.451176 | lr 3.2162e-07 | norm: 0.4822 | dt: 2282.40ms | img/sec: 1794.60
step 106595 | loss: 2.557342 | lr 3.1743e-07 | norm: 0.4876 | dt: 2071.84ms | img/sec: 1976.98
step 106596 | loss: 2.455517 | lr 3.1329e-07 | norm: 0.4872 | dt: 2133.44ms | img/sec: 1919.90
step 106597 | loss: 2.441573 | lr 3.0918e-07 | norm: 0.4824 | dt: 2163.30ms | img/sec: 1893.41
step 106598 | loss: 2.541642 | lr 3.0511e-07 | norm: 0.5165 | dt: 2136.40ms | img/sec: 1917.25
step 106599 | loss: 2.454470 | lr 3.0108e-07 | norm: 0.4857 | dt: 2081.54ms | img/sec: 1967.77
step 106600 | loss: 2.542962 | lr 2.9709e-07 | norm: 0.4896 | dt: 2174.58ms | img/sec: 1883.58
step 106601 | loss: 2.501912 | lr 2.9315e-07 | norm: 0.4838 | dt: 2088.13ms | img/sec: 1961.57
step 106602 | loss: 2.543390 | lr 2.8924e-07 | norm: 0.4910 | dt: 2097.85ms | img/sec: 1952.47
step 106603 | loss: 2.450398 | lr 2.8537e-07 | norm: 0.4709 | dt: 2151.98ms | img/sec: 1903.37
step 106604 | loss: 2.432945 | lr 2.8154e-07 | norm: 0.4778 | dt: 2114.46ms | img/sec: 1937.14
step 106605 | loss: 2.479454 | lr 2.7775e-07 | norm: 0.4908 | dt: 2079.85ms | img/sec: 1969.37
step 106606 | loss: 2.531576 | lr 2.7400e-07 | norm: 0.4912 | dt: 2088.90ms | img/sec: 1960.84
step 106607 | loss: 2.466366 | lr 2.7029e-07 | norm: 0.4978 | dt: 2152.44ms | img/sec: 1902.96
step 106608 | loss: 2.475426 | lr 2.6661e-07 | norm: 0.4832 | dt: 2162.16ms | img/sec: 1894.40
step 106609 | loss: 2.545605 | lr 2.6298e-07 | norm: 0.4998 | dt: 2073.94ms | img/sec: 1974.99
step 106610 | loss: 2.484039 | lr 2.5939e-07 | norm: 0.4887 | dt: 2085.37ms | img/sec: 1964.16
step 106611 | loss: 2.507581 | lr 2.5584e-07 | norm: 0.4779 | dt: 2109.50ms | img/sec: 1941.70
step 106612 | loss: 2.476915 | lr 2.5232e-07 | norm: 0.4862 | dt: 2074.46ms | img/sec: 1974.49
step 106613 | loss: 2.479674 | lr 2.4885e-07 | norm: 0.4831 | dt: 2091.44ms | img/sec: 1958.46
step 106614 | loss: 2.466671 | lr 2.4542e-07 | norm: 0.4823 | dt: 2092.94ms | img/sec: 1957.06
step 106615 | loss: 2.541528 | lr 2.4203e-07 | norm: 0.4955 | dt: 2089.47ms | img/sec: 1960.30
step 106616 | loss: 2.502560 | lr 2.3867e-07 | norm: 0.5159 | dt: 2075.03ms | img/sec: 1973.95
step 106617 | loss: 2.495458 | lr 2.3536e-07 | norm: 0.4980 | dt: 2149.63ms | img/sec: 1905.45
step 106618 | loss: 2.464036 | lr 2.3208e-07 | norm: 0.5087 | dt: 2071.87ms | img/sec: 1976.96
step 106619 | loss: 2.499386 | lr 2.2885e-07 | norm: 0.5017 | dt: 2076.52ms | img/sec: 1972.53
step 106620 | loss: 2.442946 | lr 2.2566e-07 | norm: 0.4903 | dt: 2152.78ms | img/sec: 1902.66
step 106621 | loss: 2.510018 | lr 2.2250e-07 | norm: 0.4893 | dt: 2138.51ms | img/sec: 1915.35
step 106622 | loss: 2.452710 | lr 2.1939e-07 | norm: 0.4657 | dt: 2134.69ms | img/sec: 1918.78
step 106623 | loss: 2.413320 | lr 2.1631e-07 | norm: 0.4868 | dt: 2092.76ms | img/sec: 1957.22
step 106624 | loss: 2.503278 | lr 2.1328e-07 | norm: 0.4815 | dt: 2094.69ms | img/sec: 1955.42
step 106625 | loss: 2.430979 | lr 2.1028e-07 | norm: 0.4844 | dt: 2135.77ms | img/sec: 1917.81
step 106626 | loss: 2.476901 | lr 2.0733e-07 | norm: 0.4981 | dt: 2068.69ms | img/sec: 1980.00
step 106627 | loss: 2.507722 | lr 2.0441e-07 | norm: 0.4909 | dt: 2167.17ms | img/sec: 1890.02
step 106628 | loss: 2.515304 | lr 2.0154e-07 | norm: 0.4851 | dt: 2097.07ms | img/sec: 1953.20
step 106629 | loss: 2.458416 | lr 1.9870e-07 | norm: 0.4802 | dt: 2075.00ms | img/sec: 1973.98
step 106630 | loss: 2.477064 | lr 1.9591e-07 | norm: 0.4897 | dt: 2102.03ms | img/sec: 1948.59
step 106631 | loss: 2.460768 | lr 1.9315e-07 | norm: 0.4692 | dt: 2094.50ms | img/sec: 1955.60
step 106632 | loss: 2.456634 | lr 1.9043e-07 | norm: 0.4748 | dt: 2092.88ms | img/sec: 1957.12
step 106633 | loss: 2.453815 | lr 1.8776e-07 | norm: 0.4936 | dt: 2151.44ms | img/sec: 1903.84
step 106634 | loss: 2.475992 | lr 1.8512e-07 | norm: 0.5003 | dt: 2175.10ms | img/sec: 1883.14
step 106635 | loss: 2.531096 | lr 1.8253e-07 | norm: 0.4877 | dt: 2106.64ms | img/sec: 1944.33
step 106636 | loss: 2.423878 | lr 1.7997e-07 | norm: 0.4777 | dt: 2073.63ms | img/sec: 1975.28
step 106637 | loss: 2.439832 | lr 1.7746e-07 | norm: 0.4832 | dt: 2263.07ms | img/sec: 1809.93
step 106638 | loss: 2.388644 | lr 1.7498e-07 | norm: 0.4766 | dt: 2089.45ms | img/sec: 1960.33
step 106639 | loss: 2.492908 | lr 1.7255e-07 | norm: 0.4859 | dt: 2094.21ms | img/sec: 1955.87
step 106640 | loss: 2.503207 | lr 1.7015e-07 | norm: 0.5038 | dt: 2086.90ms | img/sec: 1962.72
step 106641 | loss: 2.457100 | lr 1.6780e-07 | norm: 0.4837 | dt: 2169.35ms | img/sec: 1888.12
step 106642 | loss: 2.453202 | lr 1.6548e-07 | norm: 0.4743 | dt: 2133.05ms | img/sec: 1920.25
step 106643 | loss: 2.474705 | lr 1.6321e-07 | norm: 0.4872 | dt: 2103.73ms | img/sec: 1947.02
step 106644 | loss: 2.509311 | lr 1.6097e-07 | norm: 0.4904 | dt: 2105.28ms | img/sec: 1945.58
step 106645 | loss: 2.446860 | lr 1.5878e-07 | norm: 0.4787 | dt: 2143.53ms | img/sec: 1910.87
step 106646 | loss: 2.446213 | lr 1.5662e-07 | norm: 0.4756 | dt: 2088.79ms | img/sec: 1960.95
step 106647 | loss: 2.536793 | lr 1.5451e-07 | norm: 0.4922 | dt: 2163.58ms | img/sec: 1893.16
step 106648 | loss: 2.471340 | lr 1.5243e-07 | norm: 0.4882 | dt: 2077.60ms | img/sec: 1971.51
step 106649 | loss: 2.459357 | lr 1.5040e-07 | norm: 0.4861 | dt: 2104.44ms | img/sec: 1946.36
step 106650 | loss: 2.461404 | lr 1.4840e-07 | norm: 0.4783 | dt: 2092.05ms | img/sec: 1957.89
step 106651 | loss: 2.463255 | lr 1.4645e-07 | norm: 0.4908 | dt: 2125.54ms | img/sec: 1927.04
step 106652 | loss: 2.433011 | lr 1.4454e-07 | norm: 0.4753 | dt: 2070.56ms | img/sec: 1978.21
step 106653 | loss: 2.420497 | lr 1.4266e-07 | norm: 0.4882 | dt: 2180.85ms | img/sec: 1878.17
step 106654 | loss: 2.482572 | lr 1.4083e-07 | norm: 0.4999 | dt: 2096.39ms | img/sec: 1953.84
step 106655 | loss: 2.466557 | lr 1.3904e-07 | norm: 0.4884 | dt: 2092.00ms | img/sec: 1957.93
step 106656 | loss: 2.482160 | lr 1.3728e-07 | norm: 0.4945 | dt: 2089.08ms | img/sec: 1960.67
step 106657 | loss: 2.483700 | lr 1.3557e-07 | norm: 0.5034 | dt: 2079.62ms | img/sec: 1969.59
step 106658 | loss: 2.492704 | lr 1.3390e-07 | norm: 0.4952 | dt: 2166.83ms | img/sec: 1890.32
step 106659 | loss: 2.429099 | lr 1.3226e-07 | norm: 0.4895 | dt: 2142.48ms | img/sec: 1911.80
step 106660 | loss: 2.489539 | lr 1.3067e-07 | norm: 0.4754 | dt: 2154.37ms | img/sec: 1901.25
step 106661 | loss: 2.472542 | lr 1.2912e-07 | norm: 0.4921 | dt: 2081.78ms | img/sec: 1967.54
step 106662 | loss: 2.475549 | lr 1.2761e-07 | norm: 0.4876 | dt: 2091.46ms | img/sec: 1958.44
step 106663 | loss: 2.454222 | lr 1.2614e-07 | norm: 0.4814 | dt: 2096.05ms | img/sec: 1954.15
step 106664 | loss: 2.404185 | lr 1.2471e-07 | norm: 0.4855 | dt: 2114.16ms | img/sec: 1937.41
step 106665 | loss: 2.386432 | lr 1.2331e-07 | norm: 0.4764 | dt: 2116.87ms | img/sec: 1934.93
step 106666 | loss: 2.419682 | lr 1.2196e-07 | norm: 0.4812 | dt: 2080.79ms | img/sec: 1968.48
step 106667 | loss: 2.413334 | lr 1.2065e-07 | norm: 0.4761 | dt: 2069.74ms | img/sec: 1978.99
step 106668 | loss: 2.538362 | lr 1.1938e-07 | norm: 0.5004 | dt: 2118.64ms | img/sec: 1933.31
step 106669 | loss: 2.500728 | lr 1.1815e-07 | norm: 0.4864 | dt: 2256.51ms | img/sec: 1815.19
step 106670 | loss: 2.473571 | lr 1.1696e-07 | norm: 0.4922 | dt: 2075.30ms | img/sec: 1973.69
step 106671 | loss: 2.528552 | lr 1.1581e-07 | norm: 0.4920 | dt: 2123.72ms | img/sec: 1928.69
step 106672 | loss: 2.428320 | lr 1.1470e-07 | norm: 0.4723 | dt: 2085.40ms | img/sec: 1964.13
step 106673 | loss: 2.458982 | lr 1.1364e-07 | norm: 0.4900 | dt: 2091.08ms | img/sec: 1958.80
step 106674 | loss: 2.456209 | lr 1.1261e-07 | norm: 0.5006 | dt: 2143.20ms | img/sec: 1911.16
step 106675 | loss: 2.525683 | lr 1.1162e-07 | norm: 0.5054 | dt: 2173.49ms | img/sec: 1884.53
step 106676 | loss: 2.487322 | lr 1.1067e-07 | norm: 0.4883 | dt: 2121.07ms | img/sec: 1931.11
step 106677 | loss: 2.467887 | lr 1.0976e-07 | norm: 0.4840 | dt: 2071.64ms | img/sec: 1977.18
step 106678 | loss: 2.497879 | lr 1.0890e-07 | norm: 0.4992 | dt: 2083.87ms | img/sec: 1965.57
step 106679 | loss: 2.446153 | lr 1.0807e-07 | norm: 0.4897 | dt: 2158.41ms | img/sec: 1897.69
step 106680 | loss: 2.477364 | lr 1.0728e-07 | norm: 0.4819 | dt: 2077.81ms | img/sec: 1971.30
step 106681 | loss: 2.424965 | lr 1.0654e-07 | norm: 0.4668 | dt: 2078.89ms | img/sec: 1970.28
step 106682 | loss: 2.462789 | lr 1.0583e-07 | norm: 0.4796 | dt: 2077.96ms | img/sec: 1971.16
step 106683 | loss: 2.433262 | lr 1.0516e-07 | norm: 0.4731 | dt: 2116.83ms | img/sec: 1934.96
step 106684 | loss: 2.485094 | lr 1.0454e-07 | norm: 0.4903 | dt: 2076.62ms | img/sec: 1972.43
step 106685 | loss: 2.502796 | lr 1.0395e-07 | norm: 0.5063 | dt: 2074.52ms | img/sec: 1974.43
step 106686 | loss: 2.544683 | lr 1.0341e-07 | norm: 0.4984 | dt: 2119.73ms | img/sec: 1932.32
step 106687 | loss: 2.443662 | lr 1.0291e-07 | norm: 0.4810 | dt: 2095.20ms | img/sec: 1954.94
step 106688 | loss: 2.533159 | lr 1.0244e-07 | norm: 0.4778 | dt: 2205.07ms | img/sec: 1857.54
step 106689 | loss: 2.446107 | lr 1.0202e-07 | norm: 0.4783 | dt: 2091.30ms | img/sec: 1958.59
step 106690 | loss: 2.491976 | lr 1.0163e-07 | norm: 0.4832 | dt: 2139.41ms | img/sec: 1914.55
step 106691 | loss: 2.440955 | lr 1.0129e-07 | norm: 0.4826 | dt: 2085.63ms | img/sec: 1963.91
step 106692 | loss: 2.527275 | lr 1.0099e-07 | norm: 0.4922 | dt: 2074.56ms | img/sec: 1974.40
step 106693 | loss: 2.436090 | lr 1.0073e-07 | norm: 0.4856 | dt: 2135.39ms | img/sec: 1918.15
step 106694 | loss: 2.484518 | lr 1.0050e-07 | norm: 0.4927 | dt: 2105.50ms | img/sec: 1945.39
step 106695 | loss: 2.538213 | lr 1.0032e-07 | norm: 0.5044 | dt: 2093.62ms | img/sec: 1956.42
step 106696 | loss: 2.415147 | lr 1.0018e-07 | norm: 0.4738 | dt: 2073.49ms | img/sec: 1975.41
step 106697 | loss: 2.415758 | lr 1.0008e-07 | norm: 0.4755 | dt: 2085.89ms | img/sec: 1963.67
step 106698 | val_loss 1.4501 | val_acc 66.21%
step 106698 | loss: 2.493743 | lr 1.0002e-07 | norm: 0.4844 | dt: 5457.53ms | img/sec: 750.52
--- Saved checkpoint at step 106698 ---
