Global Batch Size: 4096
Micro Batch Size (B): 1024
Number of GPUs: 1
Gradient Accumulation Steps: 4
/venv/main/lib/python3.12/site-packages/webdataset/compat.py:381: UserWarning: set WebDataset(shardshuffle=...) to a positive integer or 0 or False
  warnings.warn("set WebDataset(shardshuffle=...) to a positive integer or 0 or False")
Decay params: 52 tensors, 86,444,544 elements
Non-decay params: 100 tensors, 123,112 elements
Using fused AdamW: True
SOTA SPRINT: Weights successfully mapped (File -> Model).
Resuming from step 98277. Total tensors loaded: 152
step 98277 | loss: 3.653289 | lr 8.0128e-07 | norm: 0.9449 | dt: 4331.20ms | img/sec: 945.70
step 98278 | loss: 3.667708 | lr 1.6026e-06 | norm: 1.0096 | dt: 1664.14ms | img/sec: 2461.34
step 98279 | loss: 3.706041 | lr 2.4038e-06 | norm: 0.9662 | dt: 1657.76ms | img/sec: 2470.80
step 98280 | loss: 3.705808 | lr 3.2051e-06 | norm: 0.9674 | dt: 1662.95ms | img/sec: 2463.09
step 98281 | loss: 3.668896 | lr 4.0064e-06 | norm: 0.9567 | dt: 1659.43ms | img/sec: 2468.31
step 98282 | loss: 3.632977 | lr 4.8077e-06 | norm: 0.9247 | dt: 1666.30ms | img/sec: 2458.14
step 98283 | loss: 3.694095 | lr 5.6090e-06 | norm: 0.9677 | dt: 1714.64ms | img/sec: 2388.84
step 98284 | loss: 3.716182 | lr 6.4103e-06 | norm: 0.9247 | dt: 1661.99ms | img/sec: 2464.51
step 98285 | loss: 3.565475 | lr 7.2115e-06 | norm: 0.8573 | dt: 1658.76ms | img/sec: 2469.32
step 98286 | loss: 3.622765 | lr 8.0128e-06 | norm: 0.8783 | dt: 1694.52ms | img/sec: 2417.20
step 98287 | loss: 3.546091 | lr 8.8141e-06 | norm: 0.8157 | dt: 1681.99ms | img/sec: 2435.21
step 98288 | loss: 3.573769 | lr 9.6154e-06 | norm: 0.8109 | dt: 1662.14ms | img/sec: 2464.29
step 98289 | loss: 3.545443 | lr 1.0417e-05 | norm: 0.7705 | dt: 1762.09ms | img/sec: 2324.51
step 98290 | loss: 3.555781 | lr 1.1218e-05 | norm: 0.7957 | dt: 1658.45ms | img/sec: 2469.78
step 98291 | loss: 3.646009 | lr 1.2019e-05 | norm: 0.7969 | dt: 1699.85ms | img/sec: 2409.62
step 98292 | loss: 3.564571 | lr 1.2821e-05 | norm: 0.7129 | dt: 1711.69ms | img/sec: 2392.96
step 98293 | loss: 3.490242 | lr 1.3622e-05 | norm: 0.6835 | dt: 1684.16ms | img/sec: 2432.07
step 98294 | loss: 3.461374 | lr 1.4423e-05 | norm: 0.6401 | dt: 1688.15ms | img/sec: 2426.33
step 98295 | loss: 3.424071 | lr 1.5224e-05 | norm: 0.6286 | dt: 1665.67ms | img/sec: 2459.07
step 98296 | loss: 3.483352 | lr 1.6026e-05 | norm: 0.6254 | dt: 1663.23ms | img/sec: 2462.69
step 98297 | loss: 3.431357 | lr 1.6827e-05 | norm: 0.5810 | dt: 1691.19ms | img/sec: 2421.97
step 98298 | loss: 3.558520 | lr 1.7628e-05 | norm: 0.6186 | dt: 1716.86ms | img/sec: 2385.76
step 98299 | loss: 3.448711 | lr 1.8429e-05 | norm: 0.5837 | dt: 1768.80ms | img/sec: 2315.70
step 98300 | loss: 3.516442 | lr 1.9231e-05 | norm: 0.6073 | dt: 1674.27ms | img/sec: 2446.44
step 98301 | loss: 3.451025 | lr 2.0032e-05 | norm: 0.5710 | dt: 1677.66ms | img/sec: 2441.50
step 98302 | loss: 3.420676 | lr 2.0833e-05 | norm: 0.5399 | dt: 1764.39ms | img/sec: 2321.49
step 98303 | loss: 3.432477 | lr 2.1635e-05 | norm: 0.5402 | dt: 1700.26ms | img/sec: 2409.05
step 98304 | loss: 3.350434 | lr 2.2436e-05 | norm: 0.5465 | dt: 1659.30ms | img/sec: 2468.52
step 98305 | loss: 3.411406 | lr 2.3237e-05 | norm: 0.5230 | dt: 1711.44ms | img/sec: 2393.30
step 98306 | loss: 3.414452 | lr 2.4038e-05 | norm: 0.5423 | dt: 1694.97ms | img/sec: 2416.57
step 98307 | loss: 3.387793 | lr 2.4840e-05 | norm: 0.5184 | dt: 1755.97ms | img/sec: 2332.62
step 98308 | loss: 3.333236 | lr 2.5641e-05 | norm: 0.4922 | dt: 1736.43ms | img/sec: 2358.86
step 98309 | loss: 3.406125 | lr 2.6442e-05 | norm: 0.5068 | dt: 1693.43ms | img/sec: 2418.76
step 98310 | loss: 3.454272 | lr 2.7244e-05 | norm: 0.4940 | dt: 1717.04ms | img/sec: 2385.51
step 98311 | loss: 3.338631 | lr 2.8045e-05 | norm: 0.4897 | dt: 1662.27ms | img/sec: 2464.10
step 98312 | loss: 3.366601 | lr 2.8846e-05 | norm: 0.4880 | dt: 1701.85ms | img/sec: 2406.79
step 98313 | loss: 3.298707 | lr 2.9647e-05 | norm: 0.4534 | dt: 1704.14ms | img/sec: 2403.56
step 98314 | loss: 3.289830 | lr 3.0449e-05 | norm: 0.4540 | dt: 1660.66ms | img/sec: 2466.50
step 98315 | loss: 3.408733 | lr 3.1250e-05 | norm: 0.4599 | dt: 1718.93ms | img/sec: 2382.88
step 98316 | loss: 3.392233 | lr 3.2051e-05 | norm: 0.4541 | dt: 1679.17ms | img/sec: 2439.30
step 98317 | loss: 3.404063 | lr 3.2853e-05 | norm: 0.4690 | dt: 1716.21ms | img/sec: 2386.66
step 98318 | loss: 3.294878 | lr 3.3654e-05 | norm: 0.4506 | dt: 1666.23ms | img/sec: 2458.25
step 98319 | loss: 3.396065 | lr 3.4455e-05 | norm: 0.4505 | dt: 1690.86ms | img/sec: 2422.43
step 98320 | loss: 3.338221 | lr 3.5256e-05 | norm: 0.4367 | dt: 1668.39ms | img/sec: 2455.07
step 98321 | loss: 3.370955 | lr 3.6058e-05 | norm: 0.4526 | dt: 1668.55ms | img/sec: 2454.82
step 98322 | loss: 3.318326 | lr 3.6859e-05 | norm: 0.4637 | dt: 1680.65ms | img/sec: 2437.16
step 98323 | loss: 3.306687 | lr 3.7660e-05 | norm: 0.4548 | dt: 1713.29ms | img/sec: 2390.72
step 98324 | loss: 3.324616 | lr 3.8462e-05 | norm: 0.4330 | dt: 1664.70ms | img/sec: 2460.51
step 98325 | loss: 3.382185 | lr 3.9263e-05 | norm: 0.4359 | dt: 1669.52ms | img/sec: 2453.40
step 98326 | loss: 3.290544 | lr 4.0064e-05 | norm: 0.4344 | dt: 1699.75ms | img/sec: 2409.77
step 98327 | loss: 3.361614 | lr 4.0865e-05 | norm: 0.4661 | dt: 1666.59ms | img/sec: 2457.72
step 98328 | loss: 3.235986 | lr 4.1667e-05 | norm: 0.4248 | dt: 1663.73ms | img/sec: 2461.94
step 98329 | loss: 3.333839 | lr 4.2468e-05 | norm: 0.4435 | dt: 1693.33ms | img/sec: 2418.90
step 98330 | loss: 3.358778 | lr 4.3269e-05 | norm: 0.4405 | dt: 1667.26ms | img/sec: 2456.72
step 98331 | loss: 3.313236 | lr 4.4071e-05 | norm: 0.4399 | dt: 1713.59ms | img/sec: 2390.31
step 98332 | loss: 3.290668 | lr 4.4872e-05 | norm: 0.4337 | dt: 1657.87ms | img/sec: 2470.64
step 98333 | loss: 3.315870 | lr 4.5673e-05 | norm: 0.4194 | dt: 1658.20ms | img/sec: 2470.15
step 98334 | loss: 3.310123 | lr 4.6474e-05 | norm: 0.4334 | dt: 1662.40ms | img/sec: 2463.90
step 98335 | loss: 3.317604 | lr 4.7276e-05 | norm: 0.4371 | dt: 1690.50ms | img/sec: 2422.94
step 98336 | loss: 3.292151 | lr 4.8077e-05 | norm: 0.4246 | dt: 1675.98ms | img/sec: 2443.94
step 98337 | loss: 3.280030 | lr 4.8878e-05 | norm: 0.4154 | dt: 1662.97ms | img/sec: 2463.06
step 98338 | loss: 3.239312 | lr 4.9679e-05 | norm: 0.4150 | dt: 1665.65ms | img/sec: 2459.10
step 98339 | loss: 3.320212 | lr 5.0481e-05 | norm: 0.4267 | dt: 1756.98ms | img/sec: 2331.27
step 98340 | loss: 3.310909 | lr 5.1282e-05 | norm: 0.4200 | dt: 1665.39ms | img/sec: 2459.48
step 98341 | loss: 3.264289 | lr 5.2083e-05 | norm: 0.4160 | dt: 1715.79ms | img/sec: 2387.24
step 98342 | loss: 3.332870 | lr 5.2885e-05 | norm: 0.4314 | dt: 1664.24ms | img/sec: 2461.19
step 98343 | loss: 3.246593 | lr 5.3686e-05 | norm: 0.4304 | dt: 1722.45ms | img/sec: 2378.01
step 98344 | loss: 3.223232 | lr 5.4487e-05 | norm: 0.4199 | dt: 1690.93ms | img/sec: 2422.34
step 98345 | loss: 3.272520 | lr 5.5288e-05 | norm: 0.4165 | dt: 1706.72ms | img/sec: 2399.92
step 98346 | loss: 3.271290 | lr 5.6090e-05 | norm: 0.4417 | dt: 1712.25ms | img/sec: 2392.18
step 98347 | loss: 3.254209 | lr 5.6891e-05 | norm: 0.4183 | dt: 1718.46ms | img/sec: 2383.53
step 98348 | loss: 3.244246 | lr 5.7692e-05 | norm: 0.4221 | dt: 1667.00ms | img/sec: 2457.11
step 98349 | loss: 3.323513 | lr 5.8494e-05 | norm: 0.4348 | dt: 1661.48ms | img/sec: 2465.28
step 98350 | loss: 3.242062 | lr 5.9295e-05 | norm: 0.4160 | dt: 1695.69ms | img/sec: 2415.53
step 98351 | loss: 3.275622 | lr 6.0096e-05 | norm: 0.4111 | dt: 1661.27ms | img/sec: 2465.58
step 98352 | loss: 3.300055 | lr 6.0897e-05 | norm: 0.4210 | dt: 1721.57ms | img/sec: 2379.23
step 98353 | loss: 3.314026 | lr 6.1699e-05 | norm: 0.4264 | dt: 1757.12ms | img/sec: 2331.08
step 98354 | loss: 3.265709 | lr 6.2500e-05 | norm: 0.4230 | dt: 1670.60ms | img/sec: 2451.81
step 98355 | loss: 3.252403 | lr 6.3301e-05 | norm: 0.4197 | dt: 1765.31ms | img/sec: 2320.27
step 98356 | loss: 3.251908 | lr 6.4103e-05 | norm: 0.4200 | dt: 1660.94ms | img/sec: 2466.08
step 98357 | loss: 3.230793 | lr 6.4904e-05 | norm: 0.4116 | dt: 1760.71ms | img/sec: 2326.34
step 98358 | loss: 3.234543 | lr 6.5705e-05 | norm: 0.4182 | dt: 1660.32ms | img/sec: 2466.99
step 98359 | loss: 3.226693 | lr 6.6506e-05 | norm: 0.4244 | dt: 1733.60ms | img/sec: 2362.71
step 98360 | loss: 3.189000 | lr 6.7308e-05 | norm: 0.4180 | dt: 1681.40ms | img/sec: 2436.06
step 98361 | loss: 3.274896 | lr 6.8109e-05 | norm: 0.4276 | dt: 1665.32ms | img/sec: 2459.59
step 98362 | loss: 3.229202 | lr 6.8910e-05 | norm: 0.4262 | dt: 1666.94ms | img/sec: 2457.20
step 98363 | loss: 3.193868 | lr 6.9712e-05 | norm: 0.4202 | dt: 1770.87ms | img/sec: 2312.99
step 98364 | loss: 3.207961 | lr 7.0513e-05 | norm: 0.4247 | dt: 1685.23ms | img/sec: 2430.52
step 98365 | loss: 3.244962 | lr 7.1314e-05 | norm: 0.4315 | dt: 1665.47ms | img/sec: 2459.37
step 98366 | loss: 3.312907 | lr 7.2115e-05 | norm: 0.4347 | dt: 1654.74ms | img/sec: 2475.32
step 98367 | loss: 3.212181 | lr 7.2917e-05 | norm: 0.4151 | dt: 1729.62ms | img/sec: 2368.16
step 98368 | loss: 3.229465 | lr 7.3718e-05 | norm: 0.4366 | dt: 1664.29ms | img/sec: 2461.11
step 98369 | loss: 3.270597 | lr 7.4519e-05 | norm: 0.4485 | dt: 1662.52ms | img/sec: 2463.74
step 98370 | loss: 3.167196 | lr 7.5321e-05 | norm: 0.4159 | dt: 1673.31ms | img/sec: 2447.84
step 98371 | loss: 3.285437 | lr 7.6122e-05 | norm: 0.4343 | dt: 1715.69ms | img/sec: 2387.38
step 98372 | loss: 3.264817 | lr 7.6923e-05 | norm: 0.4271 | dt: 1668.68ms | img/sec: 2454.63
step 98373 | loss: 3.175433 | lr 7.7724e-05 | norm: 0.4255 | dt: 1668.34ms | img/sec: 2455.14
step 98374 | loss: 3.210985 | lr 7.8526e-05 | norm: 0.4241 | dt: 1667.46ms | img/sec: 2456.43
step 98375 | loss: 3.252336 | lr 7.9327e-05 | norm: 0.4365 | dt: 1689.43ms | img/sec: 2424.48
step 98376 | loss: 3.147941 | lr 8.0128e-05 | norm: 0.4175 | dt: 1660.31ms | img/sec: 2467.02
step 98377 | loss: 3.265893 | lr 8.0929e-05 | norm: 0.4216 | dt: 1688.80ms | img/sec: 2425.39
step 98378 | loss: 3.236092 | lr 8.1731e-05 | norm: 0.4507 | dt: 1666.82ms | img/sec: 2457.38
step 98379 | loss: 3.348238 | lr 8.2532e-05 | norm: 0.4225 | dt: 1727.55ms | img/sec: 2370.99
step 98380 | loss: 3.206190 | lr 8.3333e-05 | norm: 0.4162 | dt: 1652.91ms | img/sec: 2478.05
step 98381 | loss: 3.212776 | lr 8.4135e-05 | norm: 0.4396 | dt: 1714.13ms | img/sec: 2389.56
step 98382 | loss: 3.199501 | lr 8.4936e-05 | norm: 0.4148 | dt: 1662.18ms | img/sec: 2464.24
step 98383 | loss: 3.278184 | lr 8.5737e-05 | norm: 0.4438 | dt: 1661.66ms | img/sec: 2465.01
step 98384 | loss: 3.218842 | lr 8.6538e-05 | norm: 0.4203 | dt: 1662.58ms | img/sec: 2463.63
step 98385 | loss: 3.247090 | lr 8.7340e-05 | norm: 0.4303 | dt: 1663.49ms | img/sec: 2462.29
step 98386 | loss: 3.288891 | lr 8.8141e-05 | norm: 0.4365 | dt: 1689.42ms | img/sec: 2424.50
step 98387 | loss: 3.207413 | lr 8.8942e-05 | norm: 0.4319 | dt: 1655.62ms | img/sec: 2474.00
step 98388 | loss: 3.158770 | lr 8.9744e-05 | norm: 0.4199 | dt: 1668.93ms | img/sec: 2454.26
step 98389 | loss: 3.223765 | lr 9.0545e-05 | norm: 0.4246 | dt: 1657.20ms | img/sec: 2471.64
step 98390 | loss: 3.159786 | lr 9.1346e-05 | norm: 0.4241 | dt: 1730.55ms | img/sec: 2366.88
step 98391 | loss: 3.297842 | lr 9.2147e-05 | norm: 0.4283 | dt: 1659.67ms | img/sec: 2467.97
step 98392 | loss: 3.194380 | lr 9.2949e-05 | norm: 0.4282 | dt: 1755.98ms | img/sec: 2332.60
step 98393 | loss: 3.154733 | lr 9.3750e-05 | norm: 0.4171 | dt: 1700.94ms | img/sec: 2408.08
step 98394 | loss: 3.208888 | lr 9.4551e-05 | norm: 0.4380 | dt: 1700.27ms | img/sec: 2409.02
step 98395 | loss: 3.209595 | lr 9.5353e-05 | norm: 0.4242 | dt: 1733.34ms | img/sec: 2363.07
step 98396 | loss: 3.219319 | lr 9.6154e-05 | norm: 0.4179 | dt: 1685.72ms | img/sec: 2429.83
step 98397 | loss: 3.204962 | lr 9.6955e-05 | norm: 0.4154 | dt: 1665.60ms | img/sec: 2459.18
step 98398 | loss: 3.243459 | lr 9.7756e-05 | norm: 0.4309 | dt: 1693.54ms | img/sec: 2418.61
step 98399 | loss: 3.183104 | lr 9.8558e-05 | norm: 0.4250 | dt: 1720.13ms | img/sec: 2381.22
step 98400 | loss: 3.139762 | lr 9.9359e-05 | norm: 0.4198 | dt: 1658.67ms | img/sec: 2469.44
step 98401 | loss: 3.213152 | lr 1.0016e-04 | norm: 0.4205 | dt: 1667.15ms | img/sec: 2456.89
step 98402 | loss: 3.238576 | lr 1.0096e-04 | norm: 0.4318 | dt: 1668.74ms | img/sec: 2454.55
step 98403 | loss: 3.177850 | lr 1.0176e-04 | norm: 0.4207 | dt: 1679.07ms | img/sec: 2439.45
step 98404 | loss: 3.201033 | lr 1.0256e-04 | norm: 0.4216 | dt: 1681.90ms | img/sec: 2435.35
step 98405 | loss: 3.239007 | lr 1.0337e-04 | norm: 0.4347 | dt: 1669.07ms | img/sec: 2454.06
step 98406 | loss: 3.209859 | lr 1.0417e-04 | norm: 0.4161 | dt: 1722.50ms | img/sec: 2377.94
step 98407 | loss: 3.249053 | lr 1.0497e-04 | norm: 0.4164 | dt: 1662.44ms | img/sec: 2463.85
step 98408 | loss: 3.193742 | lr 1.0577e-04 | norm: 0.4247 | dt: 1701.37ms | img/sec: 2407.48
step 98409 | loss: 3.174815 | lr 1.0657e-04 | norm: 0.4102 | dt: 1663.03ms | img/sec: 2462.98
step 98410 | loss: 3.135837 | lr 1.0737e-04 | norm: 0.4163 | dt: 1727.51ms | img/sec: 2371.05
step 98411 | loss: 3.180271 | lr 1.0817e-04 | norm: 0.4144 | dt: 1700.56ms | img/sec: 2408.61
step 98412 | loss: 3.142720 | lr 1.0897e-04 | norm: 0.4014 | dt: 1736.95ms | img/sec: 2358.15
step 98413 | loss: 3.106391 | lr 1.0978e-04 | norm: 0.4142 | dt: 1660.44ms | img/sec: 2466.82
step 98414 | loss: 3.185727 | lr 1.1058e-04 | norm: 0.4186 | dt: 1711.07ms | img/sec: 2393.83
step 98415 | loss: 3.176760 | lr 1.1138e-04 | norm: 0.4261 | dt: 1689.51ms | img/sec: 2424.37
step 98416 | loss: 3.225318 | lr 1.1218e-04 | norm: 0.4372 | dt: 1685.42ms | img/sec: 2430.25
step 98417 | loss: 3.289399 | lr 1.1298e-04 | norm: 0.4476 | dt: 1688.30ms | img/sec: 2426.11
step 98418 | loss: 3.239631 | lr 1.1378e-04 | norm: 0.4314 | dt: 1669.10ms | img/sec: 2454.02
step 98419 | loss: 3.160853 | lr 1.1458e-04 | norm: 0.4309 | dt: 1672.79ms | img/sec: 2448.60
step 98420 | loss: 3.219140 | lr 1.1538e-04 | norm: 0.4237 | dt: 1707.33ms | img/sec: 2399.07
step 98421 | loss: 3.197801 | lr 1.1619e-04 | norm: 0.4278 | dt: 1662.55ms | img/sec: 2463.68
step 98422 | loss: 3.233379 | lr 1.1699e-04 | norm: 0.4401 | dt: 1737.21ms | img/sec: 2357.80
step 98423 | loss: 3.158092 | lr 1.1779e-04 | norm: 0.4230 | dt: 1721.47ms | img/sec: 2379.37
step 98424 | loss: 3.207129 | lr 1.1859e-04 | norm: 0.4538 | dt: 1673.39ms | img/sec: 2447.72
step 98425 | loss: 3.227118 | lr 1.1939e-04 | norm: 0.4302 | dt: 1667.31ms | img/sec: 2456.65
step 98426 | loss: 3.147957 | lr 1.2019e-04 | norm: 0.4365 | dt: 1722.61ms | img/sec: 2377.79
step 98427 | loss: 3.213260 | lr 1.2099e-04 | norm: 0.4292 | dt: 1762.23ms | img/sec: 2324.32
step 98428 | loss: 3.279871 | lr 1.2179e-04 | norm: 0.4309 | dt: 1668.14ms | img/sec: 2455.43
step 98429 | loss: 3.177071 | lr 1.2260e-04 | norm: 0.4242 | dt: 1722.02ms | img/sec: 2378.60
step 98430 | loss: 3.258916 | lr 1.2340e-04 | norm: 0.4361 | dt: 1670.63ms | img/sec: 2451.76
step 98431 | loss: 3.187148 | lr 1.2420e-04 | norm: 0.4341 | dt: 1702.25ms | img/sec: 2406.23
step 98432 | loss: 3.239537 | lr 1.2500e-04 | norm: 0.4623 | dt: 1671.54ms | img/sec: 2450.44
step 98433 | loss: 3.183502 | lr 1.2580e-04 | norm: 0.4195 | dt: 1667.91ms | img/sec: 2455.76
step 98434 | loss: 3.192001 | lr 1.2660e-04 | norm: 0.4263 | dt: 1701.17ms | img/sec: 2407.76
step 98435 | loss: 3.231663 | lr 1.2740e-04 | norm: 0.4438 | dt: 1766.40ms | img/sec: 2318.84
step 98436 | loss: 3.236163 | lr 1.2821e-04 | norm: 0.4314 | dt: 1666.15ms | img/sec: 2458.37
step 98437 | loss: 3.234675 | lr 1.2901e-04 | norm: 0.4250 | dt: 1668.54ms | img/sec: 2454.84
step 98438 | loss: 3.228649 | lr 1.2981e-04 | norm: 0.4274 | dt: 1664.21ms | img/sec: 2461.23
step 98439 | loss: 3.183345 | lr 1.3061e-04 | norm: 0.4276 | dt: 1679.39ms | img/sec: 2438.97
step 98440 | loss: 3.218192 | lr 1.3141e-04 | norm: 0.4217 | dt: 1677.67ms | img/sec: 2441.49
step 98441 | loss: 3.237017 | lr 1.3221e-04 | norm: 0.4243 | dt: 1666.77ms | img/sec: 2457.45
step 98442 | loss: 3.221113 | lr 1.3301e-04 | norm: 0.4216 | dt: 1670.05ms | img/sec: 2452.62
step 98443 | loss: 3.167753 | lr 1.3381e-04 | norm: 0.4077 | dt: 1723.94ms | img/sec: 2375.96
step 98444 | loss: 3.185032 | lr 1.3462e-04 | norm: 0.4254 | dt: 1686.07ms | img/sec: 2429.31
step 98445 | loss: 3.226159 | lr 1.3542e-04 | norm: 0.4406 | dt: 1678.21ms | img/sec: 2440.70
step 98446 | loss: 3.141618 | lr 1.3622e-04 | norm: 0.4162 | dt: 1669.85ms | img/sec: 2452.91
step 98447 | loss: 3.198179 | lr 1.3702e-04 | norm: 0.4346 | dt: 1667.83ms | img/sec: 2455.89
step 98448 | loss: 3.175620 | lr 1.3782e-04 | norm: 0.4262 | dt: 1670.10ms | img/sec: 2452.55
step 98449 | loss: 3.258139 | lr 1.3862e-04 | norm: 0.4258 | dt: 1741.58ms | img/sec: 2351.89
step 98450 | loss: 3.202811 | lr 1.3942e-04 | norm: 0.4196 | dt: 1728.57ms | img/sec: 2369.59
step 98451 | loss: 3.163653 | lr 1.4022e-04 | norm: 0.4224 | dt: 1666.39ms | img/sec: 2458.01
step 98452 | loss: 3.172990 | lr 1.4103e-04 | norm: 0.4342 | dt: 1703.67ms | img/sec: 2404.22
step 98453 | loss: 3.256316 | lr 1.4183e-04 | norm: 0.4180 | dt: 1674.76ms | img/sec: 2445.73
step 98454 | loss: 3.181571 | lr 1.4263e-04 | norm: 0.4207 | dt: 1664.03ms | img/sec: 2461.50
step 98455 | loss: 3.198778 | lr 1.4343e-04 | norm: 0.4334 | dt: 1712.27ms | img/sec: 2392.14
step 98456 | loss: 3.147598 | lr 1.4423e-04 | norm: 0.4243 | dt: 1669.12ms | img/sec: 2453.98
step 98457 | loss: 3.142716 | lr 1.4503e-04 | norm: 0.4239 | dt: 1660.37ms | img/sec: 2466.91
step 98458 | loss: 3.157004 | lr 1.4583e-04 | norm: 0.4189 | dt: 1676.11ms | img/sec: 2443.75
step 98459 | loss: 3.190341 | lr 1.4663e-04 | norm: 0.4393 | dt: 1675.90ms | img/sec: 2444.07
step 98460 | loss: 3.191572 | lr 1.4744e-04 | norm: 0.4325 | dt: 1658.25ms | img/sec: 2470.07
step 98461 | loss: 3.202388 | lr 1.4824e-04 | norm: 0.4483 | dt: 1665.57ms | img/sec: 2459.22
step 98462 | loss: 3.158761 | lr 1.4904e-04 | norm: 0.4324 | dt: 1774.77ms | img/sec: 2307.91
step 98463 | loss: 3.142218 | lr 1.4984e-04 | norm: 0.4148 | dt: 1667.83ms | img/sec: 2455.89
step 98464 | loss: 3.162761 | lr 1.5064e-04 | norm: 0.4268 | dt: 1700.02ms | img/sec: 2409.38
step 98465 | loss: 3.208410 | lr 1.5144e-04 | norm: 0.4357 | dt: 1807.87ms | img/sec: 2265.66
step 98466 | loss: 3.180873 | lr 1.5224e-04 | norm: 0.4362 | dt: 1660.73ms | img/sec: 2466.38
step 98467 | loss: 3.161709 | lr 1.5304e-04 | norm: 0.4364 | dt: 1651.65ms | img/sec: 2479.95
step 98468 | loss: 3.134828 | lr 1.5385e-04 | norm: 0.4248 | dt: 1670.58ms | img/sec: 2451.85
step 98469 | loss: 3.211521 | lr 1.5465e-04 | norm: 0.4370 | dt: 1709.00ms | img/sec: 2396.72
step 98470 | loss: 3.176353 | lr 1.5545e-04 | norm: 0.4269 | dt: 1737.20ms | img/sec: 2357.82
step 98471 | loss: 3.156041 | lr 1.5625e-04 | norm: 0.4350 | dt: 1821.22ms | img/sec: 2249.04
step 98472 | loss: 3.250192 | lr 1.5705e-04 | norm: 0.4209 | dt: 1664.40ms | img/sec: 2460.94
step 98473 | loss: 3.246061 | lr 1.5785e-04 | norm: 0.4420 | dt: 1659.59ms | img/sec: 2468.08
step 98474 | loss: 3.270605 | lr 1.5865e-04 | norm: 0.4312 | dt: 1683.57ms | img/sec: 2432.92
step 98475 | loss: 3.102949 | lr 1.5946e-04 | norm: 0.4214 | dt: 1695.82ms | img/sec: 2415.36
step 98476 | loss: 3.208895 | lr 1.6026e-04 | norm: 0.4317 | dt: 1680.90ms | img/sec: 2436.80
step 98477 | loss: 3.218625 | lr 1.6106e-04 | norm: 0.4131 | dt: 1839.99ms | img/sec: 2226.09
step 98478 | loss: 3.125909 | lr 1.6186e-04 | norm: 0.4273 | dt: 1712.95ms | img/sec: 2391.20
step 98479 | loss: 3.125582 | lr 1.6266e-04 | norm: 0.4409 | dt: 1748.54ms | img/sec: 2342.53
step 98480 | loss: 3.204123 | lr 1.6346e-04 | norm: 0.4285 | dt: 1704.78ms | img/sec: 2402.66
step 98481 | loss: 3.154803 | lr 1.6426e-04 | norm: 0.4352 | dt: 1656.47ms | img/sec: 2472.73
step 98482 | loss: 3.175187 | lr 1.6506e-04 | norm: 0.4269 | dt: 1678.42ms | img/sec: 2440.39
step 98483 | loss: 3.109282 | lr 1.6587e-04 | norm: 0.4317 | dt: 1667.27ms | img/sec: 2456.71
step 98484 | loss: 3.150257 | lr 1.6667e-04 | norm: 0.4456 | dt: 1788.64ms | img/sec: 2290.00
step 98485 | loss: 3.173214 | lr 1.6747e-04 | norm: 0.4412 | dt: 1665.82ms | img/sec: 2458.84
step 98486 | loss: 3.161338 | lr 1.6827e-04 | norm: 0.4406 | dt: 1783.85ms | img/sec: 2296.16
step 98487 | loss: 3.184381 | lr 1.6907e-04 | norm: 0.4260 | dt: 1733.65ms | img/sec: 2362.65
step 98488 | loss: 3.200423 | lr 1.6987e-04 | norm: 0.4405 | dt: 1657.54ms | img/sec: 2471.13
step 98489 | loss: 3.139597 | lr 1.7067e-04 | norm: 0.4220 | dt: 1694.24ms | img/sec: 2417.61
step 98490 | loss: 3.108263 | lr 1.7147e-04 | norm: 0.4382 | dt: 1716.77ms | img/sec: 2385.87
step 98491 | loss: 3.178562 | lr 1.7228e-04 | norm: 0.4444 | dt: 1728.71ms | img/sec: 2369.40
step 98492 | loss: 3.117765 | lr 1.7308e-04 | norm: 0.4224 | dt: 1709.06ms | img/sec: 2396.64
step 98493 | loss: 3.198652 | lr 1.7388e-04 | norm: 0.4469 | dt: 1666.60ms | img/sec: 2457.70
step 98494 | loss: 3.213440 | lr 1.7468e-04 | norm: 0.4409 | dt: 1663.32ms | img/sec: 2462.55
step 98495 | loss: 3.217022 | lr 1.7548e-04 | norm: 0.4372 | dt: 1698.06ms | img/sec: 2412.17
step 98496 | loss: 3.148068 | lr 1.7628e-04 | norm: 0.4304 | dt: 1668.59ms | img/sec: 2454.76
step 98497 | loss: 3.230737 | lr 1.7708e-04 | norm: 0.4310 | dt: 1698.01ms | img/sec: 2412.24
step 98498 | loss: 3.152171 | lr 1.7788e-04 | norm: 0.4381 | dt: 1669.64ms | img/sec: 2453.22
step 98499 | loss: 3.164632 | lr 1.7869e-04 | norm: 0.4581 | dt: 1686.90ms | img/sec: 2428.12
step 98500 | val_loss 1.7883 | val_acc 59.28%
step 98500 | loss: 3.164764 | lr 1.7949e-04 | norm: 0.4491 | dt: 6213.94ms | img/sec: 659.16
step 98501 | loss: 3.141748 | lr 1.8029e-04 | norm: 0.4474 | dt: 1830.78ms | img/sec: 2237.30
step 98502 | loss: 3.183823 | lr 1.8109e-04 | norm: 0.4426 | dt: 1674.86ms | img/sec: 2445.58
step 98503 | loss: 3.185399 | lr 1.8189e-04 | norm: 0.4461 | dt: 1700.07ms | img/sec: 2409.31
step 98504 | loss: 3.147075 | lr 1.8269e-04 | norm: 0.4298 | dt: 1662.05ms | img/sec: 2464.43
step 98505 | loss: 3.166813 | lr 1.8349e-04 | norm: 0.4293 | dt: 1667.58ms | img/sec: 2456.26
step 98506 | loss: 3.217883 | lr 1.8429e-04 | norm: 0.4462 | dt: 1663.97ms | img/sec: 2461.59
step 98507 | loss: 3.106611 | lr 1.8510e-04 | norm: 0.4291 | dt: 1666.39ms | img/sec: 2458.01
step 98508 | loss: 3.169765 | lr 1.8590e-04 | norm: 0.4420 | dt: 1742.78ms | img/sec: 2350.27
step 98509 | loss: 3.133807 | lr 1.8670e-04 | norm: 0.4435 | dt: 1719.28ms | img/sec: 2382.40
step 98510 | loss: 3.140133 | lr 1.8750e-04 | norm: 0.4463 | dt: 1668.47ms | img/sec: 2454.94
step 98511 | loss: 3.130540 | lr 1.8830e-04 | norm: 0.4327 | dt: 1721.88ms | img/sec: 2378.79
step 98512 | loss: 3.166267 | lr 1.8910e-04 | norm: 0.4512 | dt: 1705.98ms | img/sec: 2400.96
step 98513 | loss: 3.130942 | lr 1.8990e-04 | norm: 0.4343 | dt: 1734.81ms | img/sec: 2361.07
step 98514 | loss: 3.164667 | lr 1.9071e-04 | norm: 0.4537 | dt: 1664.93ms | img/sec: 2460.17
step 98515 | loss: 3.172278 | lr 1.9151e-04 | norm: 0.4488 | dt: 1667.97ms | img/sec: 2455.68
step 98516 | loss: 3.177790 | lr 1.9231e-04 | norm: 0.4368 | dt: 1663.76ms | img/sec: 2461.90
step 98517 | loss: 3.259947 | lr 1.9311e-04 | norm: 0.4450 | dt: 1668.26ms | img/sec: 2455.25
step 98518 | loss: 3.161077 | lr 1.9391e-04 | norm: 0.4521 | dt: 1768.06ms | img/sec: 2316.67
step 98519 | loss: 3.078799 | lr 1.9471e-04 | norm: 0.4374 | dt: 1667.51ms | img/sec: 2456.36
step 98520 | loss: 3.134055 | lr 1.9551e-04 | norm: 0.4420 | dt: 1700.58ms | img/sec: 2408.60
step 98521 | loss: 3.137043 | lr 1.9631e-04 | norm: 0.4438 | dt: 1688.84ms | img/sec: 2425.33
step 98522 | loss: 3.124649 | lr 1.9712e-04 | norm: 0.4387 | dt: 1710.77ms | img/sec: 2394.25
step 98523 | loss: 3.172461 | lr 1.9792e-04 | norm: 0.4361 | dt: 1709.40ms | img/sec: 2396.17
step 98524 | loss: 3.161518 | lr 1.9872e-04 | norm: 0.4302 | dt: 1767.67ms | img/sec: 2317.17
step 98525 | loss: 3.217718 | lr 1.9952e-04 | norm: 0.4481 | dt: 1714.20ms | img/sec: 2389.46
step 98526 | loss: 3.136431 | lr 2.0032e-04 | norm: 0.4487 | dt: 1662.63ms | img/sec: 2463.56
step 98527 | loss: 3.157809 | lr 2.0112e-04 | norm: 0.4504 | dt: 1739.97ms | img/sec: 2354.07
step 98528 | loss: 3.105728 | lr 2.0192e-04 | norm: 0.4272 | dt: 1726.48ms | img/sec: 2372.46
step 98529 | loss: 3.186608 | lr 2.0272e-04 | norm: 0.4402 | dt: 1692.64ms | img/sec: 2419.88
step 98530 | loss: 3.158352 | lr 2.0353e-04 | norm: 0.4333 | dt: 1672.57ms | img/sec: 2448.92
step 98531 | loss: 3.185273 | lr 2.0433e-04 | norm: 0.4384 | dt: 1692.22ms | img/sec: 2420.49
step 98532 | loss: 3.166068 | lr 2.0513e-04 | norm: 0.4362 | dt: 1712.19ms | img/sec: 2392.26
step 98533 | loss: 3.150764 | lr 2.0593e-04 | norm: 0.4441 | dt: 1679.30ms | img/sec: 2439.11
step 98534 | loss: 3.146044 | lr 2.0673e-04 | norm: 0.4381 | dt: 1662.60ms | img/sec: 2463.61
step 98535 | loss: 3.105250 | lr 2.0753e-04 | norm: 0.4248 | dt: 1756.40ms | img/sec: 2332.04
step 98536 | loss: 3.178575 | lr 2.0833e-04 | norm: 0.4427 | dt: 1668.53ms | img/sec: 2454.86
step 98537 | loss: 3.139198 | lr 2.0913e-04 | norm: 0.4275 | dt: 1704.03ms | img/sec: 2403.72
step 98538 | loss: 3.162130 | lr 2.0994e-04 | norm: 0.4463 | dt: 1668.21ms | img/sec: 2455.32
step 98539 | loss: 3.230870 | lr 2.1074e-04 | norm: 0.4674 | dt: 1662.67ms | img/sec: 2463.51
step 98540 | loss: 3.173292 | lr 2.1154e-04 | norm: 0.4391 | dt: 1663.45ms | img/sec: 2462.36
step 98541 | loss: 3.211862 | lr 2.1234e-04 | norm: 0.4419 | dt: 1755.70ms | img/sec: 2332.97
step 98542 | loss: 3.210575 | lr 2.1314e-04 | norm: 0.4412 | dt: 1662.39ms | img/sec: 2463.92
step 98543 | loss: 3.140566 | lr 2.1394e-04 | norm: 0.4396 | dt: 1753.20ms | img/sec: 2336.30
step 98544 | loss: 3.148813 | lr 2.1474e-04 | norm: 0.4668 | dt: 1660.17ms | img/sec: 2467.21
step 98545 | loss: 3.144502 | lr 2.1554e-04 | norm: 0.4416 | dt: 1715.80ms | img/sec: 2387.22
step 98546 | loss: 3.253322 | lr 2.1635e-04 | norm: 0.4608 | dt: 1682.40ms | img/sec: 2434.61
step 98547 | loss: 3.118978 | lr 2.1715e-04 | norm: 0.4316 | dt: 1725.72ms | img/sec: 2373.50
step 98548 | loss: 3.054500 | lr 2.1795e-04 | norm: 0.4287 | dt: 1740.64ms | img/sec: 2353.16
step 98549 | loss: 3.129224 | lr 2.1875e-04 | norm: 0.4401 | dt: 1788.05ms | img/sec: 2290.76
step 98550 | loss: 3.209538 | lr 2.1955e-04 | norm: 0.4616 | dt: 1713.63ms | img/sec: 2390.24
step 98551 | loss: 3.221648 | lr 2.2035e-04 | norm: 0.4457 | dt: 1667.71ms | img/sec: 2456.06
step 98552 | loss: 3.146731 | lr 2.2115e-04 | norm: 0.4360 | dt: 1722.60ms | img/sec: 2377.80
step 98553 | loss: 3.126079 | lr 2.2196e-04 | norm: 0.4276 | dt: 1661.20ms | img/sec: 2465.69
step 98554 | loss: 3.228567 | lr 2.2276e-04 | norm: 0.4433 | dt: 1727.44ms | img/sec: 2371.14
step 98555 | loss: 3.183413 | lr 2.2356e-04 | norm: 0.4388 | dt: 1685.16ms | img/sec: 2430.63
step 98556 | loss: 3.214929 | lr 2.2436e-04 | norm: 0.4481 | dt: 1688.07ms | img/sec: 2426.44
step 98557 | loss: 3.129154 | lr 2.2516e-04 | norm: 0.4514 | dt: 1668.87ms | img/sec: 2454.36
step 98558 | loss: 3.296781 | lr 2.2596e-04 | norm: 0.4639 | dt: 1724.50ms | img/sec: 2375.18
step 98559 | loss: 3.130850 | lr 2.2676e-04 | norm: 0.4426 | dt: 1661.76ms | img/sec: 2464.86
step 98560 | loss: 3.174747 | lr 2.2756e-04 | norm: 0.4493 | dt: 1661.43ms | img/sec: 2465.34
step 98561 | loss: 3.275486 | lr 2.2837e-04 | norm: 0.4394 | dt: 1698.10ms | img/sec: 2412.10
step 98562 | loss: 3.144464 | lr 2.2917e-04 | norm: 0.4475 | dt: 1667.10ms | img/sec: 2456.95
step 98563 | loss: 3.188831 | lr 2.2997e-04 | norm: 0.4622 | dt: 1668.30ms | img/sec: 2455.19
step 98564 | loss: 3.163463 | lr 2.3077e-04 | norm: 0.4438 | dt: 1696.73ms | img/sec: 2414.06
step 98565 | loss: 3.211065 | lr 2.3157e-04 | norm: 0.4203 | dt: 1665.89ms | img/sec: 2458.74
step 98566 | loss: 3.136856 | lr 2.3237e-04 | norm: 0.4425 | dt: 1670.10ms | img/sec: 2452.55
step 98567 | loss: 3.159420 | lr 2.3317e-04 | norm: 0.4486 | dt: 1660.51ms | img/sec: 2466.70
step 98568 | loss: 3.114789 | lr 2.3397e-04 | norm: 0.4416 | dt: 1711.56ms | img/sec: 2393.14
step 98569 | loss: 3.111337 | lr 2.3478e-04 | norm: 0.4473 | dt: 1669.02ms | img/sec: 2454.13
step 98570 | loss: 3.126124 | lr 2.3558e-04 | norm: 0.4258 | dt: 1658.66ms | img/sec: 2469.47
step 98571 | loss: 3.154176 | lr 2.3638e-04 | norm: 0.4389 | dt: 1663.80ms | img/sec: 2461.84
step 98572 | loss: 3.096952 | lr 2.3718e-04 | norm: 0.4544 | dt: 1679.87ms | img/sec: 2438.28
step 98573 | loss: 3.161069 | lr 2.3798e-04 | norm: 0.4349 | dt: 1678.82ms | img/sec: 2439.81
step 98574 | loss: 3.159141 | lr 2.3878e-04 | norm: 0.4475 | dt: 1676.58ms | img/sec: 2443.07
step 98575 | loss: 3.211003 | lr 2.3958e-04 | norm: 0.4304 | dt: 1661.69ms | img/sec: 2464.96
step 98576 | loss: 3.166740 | lr 2.4038e-04 | norm: 0.4399 | dt: 1657.30ms | img/sec: 2471.48
step 98577 | loss: 3.171367 | lr 2.4119e-04 | norm: 0.4403 | dt: 1732.29ms | img/sec: 2364.50
step 98578 | loss: 3.186873 | lr 2.4199e-04 | norm: 0.4685 | dt: 1656.68ms | img/sec: 2472.41
step 98579 | loss: 3.151459 | lr 2.4279e-04 | norm: 0.4578 | dt: 1669.76ms | img/sec: 2453.05
step 98580 | loss: 3.209576 | lr 2.4359e-04 | norm: 0.4469 | dt: 1682.78ms | img/sec: 2434.07
step 98581 | loss: 3.117496 | lr 2.4439e-04 | norm: 0.4281 | dt: 1757.19ms | img/sec: 2331.00
step 98582 | loss: 3.101513 | lr 2.4519e-04 | norm: 0.4363 | dt: 1662.26ms | img/sec: 2464.12
step 98583 | loss: 3.084115 | lr 2.4599e-04 | norm: 0.4265 | dt: 1759.59ms | img/sec: 2327.81
step 98584 | loss: 3.127853 | lr 2.4679e-04 | norm: 0.4521 | dt: 1692.35ms | img/sec: 2420.30
step 98585 | loss: 3.217326 | lr 2.4760e-04 | norm: 0.4627 | dt: 1667.66ms | img/sec: 2456.14
step 98586 | loss: 3.212501 | lr 2.4840e-04 | norm: 0.4232 | dt: 1687.93ms | img/sec: 2426.64
step 98587 | loss: 3.111361 | lr 2.4920e-04 | norm: 0.4292 | dt: 1665.42ms | img/sec: 2459.44
step 98588 | loss: 3.114913 | lr 2.5000e-04 | norm: 0.4319 | dt: 1658.96ms | img/sec: 2469.01
step 98589 | loss: 3.050365 | lr 2.5080e-04 | norm: 0.4489 | dt: 1663.32ms | img/sec: 2462.55
step 98590 | loss: 3.108593 | lr 2.5160e-04 | norm: 0.4400 | dt: 1676.61ms | img/sec: 2443.03
step 98591 | loss: 3.184303 | lr 2.5240e-04 | norm: 0.4576 | dt: 1665.16ms | img/sec: 2459.82
step 98592 | loss: 3.092419 | lr 2.5321e-04 | norm: 0.4403 | dt: 1662.48ms | img/sec: 2463.79
step 98593 | loss: 3.201420 | lr 2.5401e-04 | norm: 0.4313 | dt: 1659.92ms | img/sec: 2467.59
step 98594 | loss: 3.169663 | lr 2.5481e-04 | norm: 0.4449 | dt: 1696.88ms | img/sec: 2413.84
step 98595 | loss: 3.114578 | lr 2.5561e-04 | norm: 0.4511 | dt: 1750.69ms | img/sec: 2339.65
step 98596 | loss: 3.108871 | lr 2.5641e-04 | norm: 0.4350 | dt: 1707.35ms | img/sec: 2399.03
step 98597 | loss: 3.182012 | lr 2.5721e-04 | norm: 0.4310 | dt: 1789.31ms | img/sec: 2289.15
step 98598 | loss: 3.115047 | lr 2.5801e-04 | norm: 0.4527 | dt: 1751.31ms | img/sec: 2338.82
step 98599 | loss: 3.132881 | lr 2.5881e-04 | norm: 0.4590 | dt: 1718.63ms | img/sec: 2383.30
step 98600 | loss: 3.200216 | lr 2.5962e-04 | norm: 0.4738 | dt: 1662.65ms | img/sec: 2463.53
step 98601 | loss: 3.145790 | lr 2.6042e-04 | norm: 0.4456 | dt: 1665.15ms | img/sec: 2459.83
step 98602 | loss: 3.162974 | lr 2.6122e-04 | norm: 0.4419 | dt: 1797.25ms | img/sec: 2279.04
step 98603 | loss: 3.127264 | lr 2.6202e-04 | norm: 0.4284 | dt: 1708.61ms | img/sec: 2397.27
step 98604 | loss: 3.135115 | lr 2.6282e-04 | norm: 0.4498 | dt: 1667.27ms | img/sec: 2456.71
step 98605 | loss: 3.102952 | lr 2.6362e-04 | norm: 0.4362 | dt: 1752.34ms | img/sec: 2337.44
step 98606 | loss: 3.128911 | lr 2.6442e-04 | norm: 0.4452 | dt: 1657.15ms | img/sec: 2471.71
step 98607 | loss: 3.135598 | lr 2.6522e-04 | norm: 0.4493 | dt: 1718.93ms | img/sec: 2382.88
step 98608 | loss: 3.238418 | lr 2.6603e-04 | norm: 0.4587 | dt: 1729.51ms | img/sec: 2368.31
step 98609 | loss: 3.067428 | lr 2.6683e-04 | norm: 0.4413 | dt: 1689.00ms | img/sec: 2425.11
step 98610 | loss: 3.153872 | lr 2.6763e-04 | norm: 0.4554 | dt: 1664.51ms | img/sec: 2460.78
step 98611 | loss: 3.162766 | lr 2.6843e-04 | norm: 0.4555 | dt: 1723.04ms | img/sec: 2377.19
step 98612 | loss: 3.147922 | lr 2.6923e-04 | norm: 0.4427 | dt: 1681.09ms | img/sec: 2436.52
step 98613 | loss: 3.132531 | lr 2.7003e-04 | norm: 0.4579 | dt: 1760.48ms | img/sec: 2326.64
step 98614 | loss: 3.156941 | lr 2.7083e-04 | norm: 0.4428 | dt: 1660.87ms | img/sec: 2466.18
step 98615 | loss: 3.189782 | lr 2.7163e-04 | norm: 0.4710 | dt: 1686.83ms | img/sec: 2428.23
step 98616 | loss: 3.161141 | lr 2.7244e-04 | norm: 0.4318 | dt: 1856.65ms | img/sec: 2206.12
step 98617 | loss: 3.092644 | lr 2.7324e-04 | norm: 0.4496 | dt: 1679.75ms | img/sec: 2438.46
step 98618 | loss: 3.185358 | lr 2.7404e-04 | norm: 0.4506 | dt: 1661.77ms | img/sec: 2464.84
step 98619 | loss: 3.197599 | lr 2.7484e-04 | norm: 0.4433 | dt: 1737.35ms | img/sec: 2357.61
step 98620 | loss: 3.126991 | lr 2.7564e-04 | norm: 0.4387 | dt: 1672.16ms | img/sec: 2449.52
step 98621 | loss: 3.125601 | lr 2.7644e-04 | norm: 0.4446 | dt: 1664.17ms | img/sec: 2461.29
step 98622 | loss: 3.175131 | lr 2.7724e-04 | norm: 0.4401 | dt: 1724.23ms | img/sec: 2375.55
step 98623 | loss: 3.129628 | lr 2.7804e-04 | norm: 0.4361 | dt: 1665.33ms | img/sec: 2459.57
step 98624 | loss: 3.170770 | lr 2.7885e-04 | norm: 0.4400 | dt: 1789.41ms | img/sec: 2289.02
step 98625 | loss: 3.197402 | lr 2.7965e-04 | norm: 0.4221 | dt: 1750.24ms | img/sec: 2340.25
step 98626 | loss: 3.110763 | lr 2.8045e-04 | norm: 0.4547 | dt: 1751.99ms | img/sec: 2337.91
step 98627 | loss: 3.170002 | lr 2.8125e-04 | norm: 0.4359 | dt: 1753.61ms | img/sec: 2335.75
step 98628 | loss: 3.074377 | lr 2.8205e-04 | norm: 0.4306 | dt: 1666.46ms | img/sec: 2457.90
step 98629 | loss: 3.145821 | lr 2.8285e-04 | norm: 0.4471 | dt: 1675.19ms | img/sec: 2445.10
step 98630 | loss: 3.066435 | lr 2.8365e-04 | norm: 0.4214 | dt: 1671.71ms | img/sec: 2450.18
step 98631 | loss: 3.125045 | lr 2.8446e-04 | norm: 0.4433 | dt: 1701.26ms | img/sec: 2407.63
step 98632 | loss: 3.153404 | lr 2.8526e-04 | norm: 0.4311 | dt: 1657.78ms | img/sec: 2470.78
step 98633 | loss: 3.116562 | lr 2.8606e-04 | norm: 0.4460 | dt: 1659.97ms | img/sec: 2467.51
step 98634 | loss: 3.092815 | lr 2.8686e-04 | norm: 0.4300 | dt: 1673.17ms | img/sec: 2448.04
step 98635 | loss: 3.117464 | lr 2.8766e-04 | norm: 0.4502 | dt: 1713.61ms | img/sec: 2390.27
step 98636 | loss: 3.166333 | lr 2.8846e-04 | norm: 0.4580 | dt: 1667.30ms | img/sec: 2456.67
step 98637 | loss: 3.141918 | lr 2.8926e-04 | norm: 0.4488 | dt: 1700.65ms | img/sec: 2408.49
step 98638 | loss: 3.219961 | lr 2.9006e-04 | norm: 0.4650 | dt: 1741.47ms | img/sec: 2352.04
step 98639 | loss: 3.165155 | lr 2.9087e-04 | norm: 0.4415 | dt: 1709.83ms | img/sec: 2395.55
step 98640 | loss: 3.077305 | lr 2.9167e-04 | norm: 0.4476 | dt: 1697.08ms | img/sec: 2413.56
step 98641 | loss: 3.171641 | lr 2.9247e-04 | norm: 0.4851 | dt: 1740.31ms | img/sec: 2353.61
step 98642 | loss: 3.152639 | lr 2.9327e-04 | norm: 0.4747 | dt: 1662.85ms | img/sec: 2463.25
step 98643 | loss: 3.077777 | lr 2.9407e-04 | norm: 0.4675 | dt: 1663.21ms | img/sec: 2462.71
step 98644 | loss: 3.149137 | lr 2.9487e-04 | norm: 0.5080 | dt: 1715.23ms | img/sec: 2388.02
step 98645 | loss: 3.191871 | lr 2.9567e-04 | norm: 0.5092 | dt: 1669.81ms | img/sec: 2452.98
step 98646 | loss: 3.190316 | lr 2.9647e-04 | norm: 0.4708 | dt: 1742.17ms | img/sec: 2351.09
step 98647 | loss: 3.172656 | lr 2.9728e-04 | norm: 0.4556 | dt: 1722.44ms | img/sec: 2378.02
step 98648 | loss: 3.162425 | lr 2.9808e-04 | norm: 0.4732 | dt: 1661.37ms | img/sec: 2465.43
step 98649 | loss: 3.023324 | lr 2.9888e-04 | norm: 0.4974 | dt: 1658.76ms | img/sec: 2469.31
step 98650 | loss: 3.112704 | lr 2.9968e-04 | norm: 0.4730 | dt: 1724.89ms | img/sec: 2374.64
step 98651 | loss: 3.129806 | lr 3.0048e-04 | norm: 0.4818 | dt: 1779.24ms | img/sec: 2302.10
step 98652 | loss: 3.158849 | lr 3.0128e-04 | norm: 0.4846 | dt: 1689.39ms | img/sec: 2424.55
step 98653 | loss: 3.160360 | lr 3.0208e-04 | norm: 0.4517 | dt: 1656.74ms | img/sec: 2472.32
step 98654 | loss: 3.199903 | lr 3.0288e-04 | norm: 0.4638 | dt: 1660.75ms | img/sec: 2466.36
step 98655 | loss: 3.130349 | lr 3.0369e-04 | norm: 0.4655 | dt: 1712.24ms | img/sec: 2392.18
step 98656 | loss: 3.144509 | lr 3.0449e-04 | norm: 0.4522 | dt: 1662.89ms | img/sec: 2463.18
step 98657 | loss: 3.108337 | lr 3.0529e-04 | norm: 0.4599 | dt: 1765.03ms | img/sec: 2320.64
step 98658 | loss: 3.143375 | lr 3.0609e-04 | norm: 0.4417 | dt: 1733.05ms | img/sec: 2363.47
step 98659 | loss: 3.095986 | lr 3.0689e-04 | norm: 0.4631 | dt: 1722.39ms | img/sec: 2378.09
step 98660 | loss: 3.147665 | lr 3.0769e-04 | norm: 0.4523 | dt: 1662.07ms | img/sec: 2464.40
step 98661 | loss: 3.139334 | lr 3.0849e-04 | norm: 0.4833 | dt: 1716.42ms | img/sec: 2386.37
step 98662 | loss: 3.168886 | lr 3.0929e-04 | norm: 0.4705 | dt: 1759.35ms | img/sec: 2328.13
step 98663 | loss: 3.128080 | lr 3.1010e-04 | norm: 0.4637 | dt: 1713.33ms | img/sec: 2390.67
step 98664 | loss: 3.185739 | lr 3.1090e-04 | norm: 0.4486 | dt: 1653.97ms | img/sec: 2476.46
step 98665 | loss: 3.171481 | lr 3.1170e-04 | norm: 0.4434 | dt: 1657.88ms | img/sec: 2470.63
step 98666 | loss: 3.168251 | lr 3.1250e-04 | norm: 0.4527 | dt: 1761.14ms | img/sec: 2325.77
step 98667 | loss: 3.143107 | lr 3.1330e-04 | norm: 0.4528 | dt: 1655.40ms | img/sec: 2474.33
step 98668 | loss: 3.046472 | lr 3.1410e-04 | norm: 0.4391 | dt: 1658.79ms | img/sec: 2469.27
step 98669 | loss: 3.142757 | lr 3.1490e-04 | norm: 0.4546 | dt: 1664.03ms | img/sec: 2461.49
step 98670 | loss: 3.174698 | lr 3.1571e-04 | norm: 0.4597 | dt: 1713.71ms | img/sec: 2390.14
step 98671 | loss: 3.108192 | lr 3.1651e-04 | norm: 0.4581 | dt: 1687.01ms | img/sec: 2427.97
step 98672 | loss: 3.133267 | lr 3.1731e-04 | norm: 0.4870 | dt: 1775.69ms | img/sec: 2306.71
step 98673 | loss: 3.165620 | lr 3.1811e-04 | norm: 0.4468 | dt: 1708.79ms | img/sec: 2397.02
step 98674 | loss: 3.043369 | lr 3.1891e-04 | norm: 0.4658 | dt: 1658.09ms | img/sec: 2470.31
step 98675 | loss: 3.091398 | lr 3.1971e-04 | norm: 0.4685 | dt: 1658.94ms | img/sec: 2469.04
step 98676 | loss: 3.119844 | lr 3.2051e-04 | norm: 0.4658 | dt: 1684.28ms | img/sec: 2431.91
step 98677 | loss: 3.152566 | lr 3.2131e-04 | norm: 0.4553 | dt: 1671.61ms | img/sec: 2450.33
step 98678 | loss: 3.168708 | lr 3.2212e-04 | norm: 0.4701 | dt: 1698.99ms | img/sec: 2410.85
step 98679 | loss: 3.120031 | lr 3.2292e-04 | norm: 0.4449 | dt: 1656.74ms | img/sec: 2472.33
step 98680 | loss: 3.154059 | lr 3.2372e-04 | norm: 0.4621 | dt: 1666.38ms | img/sec: 2458.02
step 98681 | loss: 3.226484 | lr 3.2452e-04 | norm: 0.4694 | dt: 1665.41ms | img/sec: 2459.45
step 98682 | loss: 3.113995 | lr 3.2532e-04 | norm: 0.4680 | dt: 1663.41ms | img/sec: 2462.42
step 98683 | loss: 3.131330 | lr 3.2612e-04 | norm: 0.4722 | dt: 1661.47ms | img/sec: 2465.29
step 98684 | loss: 3.128681 | lr 3.2692e-04 | norm: 0.4938 | dt: 1742.07ms | img/sec: 2351.23
step 98685 | loss: 3.178314 | lr 3.2772e-04 | norm: 0.4460 | dt: 1689.13ms | img/sec: 2424.91
step 98686 | loss: 3.140720 | lr 3.2853e-04 | norm: 0.4651 | dt: 1662.69ms | img/sec: 2463.48
step 98687 | loss: 3.094322 | lr 3.2933e-04 | norm: 0.4691 | dt: 1670.25ms | img/sec: 2452.32
step 98688 | loss: 3.154002 | lr 3.3013e-04 | norm: 0.4623 | dt: 1709.00ms | img/sec: 2396.73
step 98689 | loss: 3.171122 | lr 3.3093e-04 | norm: 0.4576 | dt: 1712.60ms | img/sec: 2391.69
step 98690 | loss: 3.129358 | lr 3.3173e-04 | norm: 0.4437 | dt: 1702.57ms | img/sec: 2405.78
step 98691 | loss: 3.097070 | lr 3.3253e-04 | norm: 0.4414 | dt: 1717.95ms | img/sec: 2384.23
step 98692 | loss: 3.137851 | lr 3.3333e-04 | norm: 0.4574 | dt: 1656.46ms | img/sec: 2472.75
step 98693 | loss: 3.170520 | lr 3.3413e-04 | norm: 0.4872 | dt: 1702.27ms | img/sec: 2406.20
step 98694 | loss: 3.128809 | lr 3.3494e-04 | norm: 0.4571 | dt: 1737.38ms | img/sec: 2357.57
step 98695 | loss: 3.113938 | lr 3.3574e-04 | norm: 0.4642 | dt: 1768.38ms | img/sec: 2316.25
step 98696 | loss: 3.159205 | lr 3.3654e-04 | norm: 0.4688 | dt: 1658.57ms | img/sec: 2469.60
step 98697 | loss: 3.128651 | lr 3.3734e-04 | norm: 0.4925 | dt: 1655.88ms | img/sec: 2473.62
step 98698 | loss: 3.176001 | lr 3.3814e-04 | norm: 0.4708 | dt: 1667.44ms | img/sec: 2456.46
step 98699 | loss: 3.176702 | lr 3.3894e-04 | norm: 0.4378 | dt: 1716.65ms | img/sec: 2386.04
step 98700 | loss: 3.202793 | lr 3.3974e-04 | norm: 0.4965 | dt: 1724.04ms | img/sec: 2375.82
step 98701 | loss: 3.122424 | lr 3.4054e-04 | norm: 0.4623 | dt: 1703.37ms | img/sec: 2404.65
step 98702 | loss: 3.212226 | lr 3.4135e-04 | norm: 0.4623 | dt: 1730.59ms | img/sec: 2366.82
step 98703 | loss: 3.097703 | lr 3.4215e-04 | norm: 0.4767 | dt: 1750.00ms | img/sec: 2340.58
step 98704 | loss: 3.175370 | lr 3.4295e-04 | norm: 0.4920 | dt: 1692.52ms | img/sec: 2420.06
step 98705 | loss: 3.131142 | lr 3.4375e-04 | norm: 0.4768 | dt: 1755.55ms | img/sec: 2333.18
step 98706 | loss: 3.115608 | lr 3.4455e-04 | norm: 0.4774 | dt: 1686.17ms | img/sec: 2429.17
step 98707 | loss: 3.091327 | lr 3.4535e-04 | norm: 0.4645 | dt: 1743.91ms | img/sec: 2348.75
step 98708 | loss: 3.148867 | lr 3.4615e-04 | norm: 0.4678 | dt: 1663.59ms | img/sec: 2462.15
step 98709 | loss: 3.085822 | lr 3.4696e-04 | norm: 0.4712 | dt: 1671.05ms | img/sec: 2451.16
step 98710 | loss: 3.228086 | lr 3.4776e-04 | norm: 0.4472 | dt: 1693.57ms | img/sec: 2418.55
step 98711 | loss: 3.067819 | lr 3.4856e-04 | norm: 0.4554 | dt: 1750.22ms | img/sec: 2340.28
step 98712 | loss: 3.166814 | lr 3.4936e-04 | norm: 0.4621 | dt: 1700.72ms | img/sec: 2408.39
step 98713 | loss: 3.152045 | lr 3.5016e-04 | norm: 0.4693 | dt: 1710.47ms | img/sec: 2394.67
step 98714 | loss: 3.182494 | lr 3.5096e-04 | norm: 0.4500 | dt: 1706.15ms | img/sec: 2400.73
step 98715 | loss: 3.200992 | lr 3.5176e-04 | norm: 0.4791 | dt: 1789.71ms | img/sec: 2288.63
step 98716 | loss: 3.110364 | lr 3.5256e-04 | norm: 0.4521 | dt: 1682.95ms | img/sec: 2433.82
step 98717 | loss: 3.144089 | lr 3.5337e-04 | norm: 0.4779 | dt: 1684.04ms | img/sec: 2432.24
step 98718 | loss: 3.131850 | lr 3.5417e-04 | norm: 0.4503 | dt: 1706.06ms | img/sec: 2400.85
step 98719 | loss: 3.043916 | lr 3.5497e-04 | norm: 0.4557 | dt: 1667.31ms | img/sec: 2456.66
step 98720 | loss: 3.123984 | lr 3.5577e-04 | norm: 0.4793 | dt: 1710.49ms | img/sec: 2394.63
step 98721 | loss: 3.158987 | lr 3.5657e-04 | norm: 0.4785 | dt: 1713.89ms | img/sec: 2389.88
step 98722 | loss: 3.140502 | lr 3.5737e-04 | norm: 0.4679 | dt: 1763.78ms | img/sec: 2322.29
step 98723 | loss: 3.113253 | lr 3.5817e-04 | norm: 0.4255 | dt: 1661.88ms | img/sec: 2464.67
step 98724 | loss: 3.082826 | lr 3.5897e-04 | norm: 0.4730 | dt: 1727.07ms | img/sec: 2371.65
step 98725 | loss: 3.154809 | lr 3.5978e-04 | norm: 0.4893 | dt: 1716.40ms | img/sec: 2386.39
step 98726 | loss: 3.180507 | lr 3.6058e-04 | norm: 0.4760 | dt: 1658.21ms | img/sec: 2470.13
step 98727 | loss: 3.119175 | lr 3.6138e-04 | norm: 0.4491 | dt: 1721.99ms | img/sec: 2378.65
step 98728 | loss: 3.149238 | lr 3.6218e-04 | norm: 0.4511 | dt: 1654.47ms | img/sec: 2475.72
step 98729 | loss: 3.068593 | lr 3.6298e-04 | norm: 0.4644 | dt: 1718.97ms | img/sec: 2382.82
step 98730 | loss: 3.189444 | lr 3.6378e-04 | norm: 0.4823 | dt: 1659.87ms | img/sec: 2467.66
step 98731 | loss: 3.116822 | lr 3.6458e-04 | norm: 0.4563 | dt: 1701.84ms | img/sec: 2406.80
step 98732 | loss: 3.175980 | lr 3.6538e-04 | norm: 0.4420 | dt: 1702.95ms | img/sec: 2405.24
step 98733 | loss: 3.169162 | lr 3.6619e-04 | norm: 0.4528 | dt: 1796.19ms | img/sec: 2280.39
step 98734 | loss: 3.090395 | lr 3.6699e-04 | norm: 0.4739 | dt: 1685.12ms | img/sec: 2430.69
step 98735 | loss: 3.103971 | lr 3.6779e-04 | norm: 0.4552 | dt: 1669.09ms | img/sec: 2454.04
step 98736 | loss: 3.135595 | lr 3.6859e-04 | norm: 0.4534 | dt: 1786.44ms | img/sec: 2292.83
step 98737 | loss: 3.185909 | lr 3.6939e-04 | norm: 0.4850 | dt: 1730.38ms | img/sec: 2367.11
step 98738 | loss: 3.149497 | lr 3.7019e-04 | norm: 0.4566 | dt: 1730.22ms | img/sec: 2367.33
step 98739 | loss: 3.149909 | lr 3.7099e-04 | norm: 0.4496 | dt: 1656.34ms | img/sec: 2472.93
step 98740 | loss: 3.125507 | lr 3.7179e-04 | norm: 0.4574 | dt: 1744.78ms | img/sec: 2347.57
step 98741 | loss: 3.102005 | lr 3.7260e-04 | norm: 0.4698 | dt: 1655.53ms | img/sec: 2474.13
step 98742 | loss: 3.161728 | lr 3.7340e-04 | norm: 0.4345 | dt: 1659.29ms | img/sec: 2468.53
step 98743 | loss: 3.106462 | lr 3.7420e-04 | norm: 0.4394 | dt: 1714.10ms | img/sec: 2389.59
step 98744 | loss: 3.187066 | lr 3.7500e-04 | norm: 0.4529 | dt: 1675.31ms | img/sec: 2444.92
step 98745 | loss: 3.173177 | lr 3.7580e-04 | norm: 0.4487 | dt: 1663.92ms | img/sec: 2461.66
step 98746 | loss: 3.189265 | lr 3.7660e-04 | norm: 0.4501 | dt: 1766.27ms | img/sec: 2319.02
step 98747 | loss: 3.100486 | lr 3.7740e-04 | norm: 0.4590 | dt: 1656.05ms | img/sec: 2473.36
step 98748 | loss: 3.066652 | lr 3.7821e-04 | norm: 0.4431 | dt: 1679.91ms | img/sec: 2438.22
step 98749 | loss: 3.054662 | lr 3.7901e-04 | norm: 0.4450 | dt: 1698.34ms | img/sec: 2411.77
step 98750 | loss: 3.151088 | lr 3.7981e-04 | norm: 0.4604 | dt: 1710.25ms | img/sec: 2394.97
step 98751 | loss: 3.154563 | lr 3.8061e-04 | norm: 0.4672 | dt: 1781.29ms | img/sec: 2299.46
step 98752 | loss: 3.142099 | lr 3.8141e-04 | norm: 0.4772 | dt: 1707.87ms | img/sec: 2398.31
step 98753 | loss: 3.174675 | lr 3.8221e-04 | norm: 0.4402 | dt: 1716.99ms | img/sec: 2385.57
step 98754 | loss: 3.142164 | lr 3.8301e-04 | norm: 0.4977 | dt: 1652.69ms | img/sec: 2478.39
step 98755 | loss: 3.155140 | lr 3.8381e-04 | norm: 0.4726 | dt: 1665.81ms | img/sec: 2458.86
step 98756 | loss: 3.108905 | lr 3.8462e-04 | norm: 0.4349 | dt: 1692.19ms | img/sec: 2420.54
step 98757 | loss: 3.172483 | lr 3.8542e-04 | norm: 0.4573 | dt: 1661.33ms | img/sec: 2465.50
step 98758 | loss: 3.110755 | lr 3.8622e-04 | norm: 0.4694 | dt: 1682.53ms | img/sec: 2434.43
step 98759 | loss: 3.099106 | lr 3.8702e-04 | norm: 0.4548 | dt: 1714.03ms | img/sec: 2389.69
step 98760 | loss: 3.107653 | lr 3.8782e-04 | norm: 0.4547 | dt: 1803.38ms | img/sec: 2271.30
step 98761 | loss: 3.092801 | lr 3.8862e-04 | norm: 0.4343 | dt: 1745.98ms | img/sec: 2345.96
step 98762 | loss: 3.094677 | lr 3.8942e-04 | norm: 0.4437 | dt: 1749.72ms | img/sec: 2340.94
step 98763 | loss: 3.160263 | lr 3.9022e-04 | norm: 0.4686 | dt: 1661.81ms | img/sec: 2464.78
step 98764 | loss: 3.151024 | lr 3.9103e-04 | norm: 0.4545 | dt: 1839.36ms | img/sec: 2226.86
step 98765 | loss: 3.090663 | lr 3.9183e-04 | norm: 0.4612 | dt: 1668.46ms | img/sec: 2454.96
step 98766 | loss: 3.120587 | lr 3.9263e-04 | norm: 0.4548 | dt: 1658.28ms | img/sec: 2470.03
step 98767 | loss: 3.143968 | lr 3.9343e-04 | norm: 0.4583 | dt: 1753.90ms | img/sec: 2335.37
step 98768 | loss: 3.149864 | lr 3.9423e-04 | norm: 0.4577 | dt: 1793.02ms | img/sec: 2284.41
step 98769 | loss: 3.187363 | lr 3.9503e-04 | norm: 0.4491 | dt: 1695.00ms | img/sec: 2416.52
step 98770 | loss: 3.158778 | lr 3.9583e-04 | norm: 0.4678 | dt: 1660.23ms | img/sec: 2467.12
step 98771 | loss: 3.157914 | lr 3.9663e-04 | norm: 0.4692 | dt: 1665.64ms | img/sec: 2459.12
step 98772 | loss: 3.036262 | lr 3.9744e-04 | norm: 0.4483 | dt: 1720.75ms | img/sec: 2380.36
step 98773 | loss: 3.069503 | lr 3.9824e-04 | norm: 0.4439 | dt: 1659.48ms | img/sec: 2468.24
step 98774 | loss: 3.150783 | lr 3.9904e-04 | norm: 0.4693 | dt: 1762.78ms | img/sec: 2323.60
step 98775 | loss: 3.137338 | lr 3.9984e-04 | norm: 0.4551 | dt: 1657.65ms | img/sec: 2470.97
step 98776 | loss: 3.221052 | lr 4.0064e-04 | norm: 0.4880 | dt: 1701.69ms | img/sec: 2407.02
step 98777 | loss: 3.136386 | lr 4.0144e-04 | norm: 0.4697 | dt: 1663.21ms | img/sec: 2462.71
step 98778 | loss: 3.108816 | lr 4.0224e-04 | norm: 0.4825 | dt: 1709.63ms | img/sec: 2395.84
step 98779 | loss: 3.147118 | lr 4.0304e-04 | norm: 0.5005 | dt: 1741.06ms | img/sec: 2352.59
step 98780 | loss: 3.093448 | lr 4.0385e-04 | norm: 0.4712 | dt: 1663.42ms | img/sec: 2462.40
step 98781 | loss: 3.084339 | lr 4.0465e-04 | norm: 0.4659 | dt: 1702.89ms | img/sec: 2405.33
step 98782 | loss: 3.141702 | lr 4.0545e-04 | norm: 0.4761 | dt: 1767.88ms | img/sec: 2316.90
step 98783 | loss: 3.145474 | lr 4.0625e-04 | norm: 0.4887 | dt: 1686.40ms | img/sec: 2428.85
step 98784 | loss: 3.167037 | lr 4.0705e-04 | norm: 0.5545 | dt: 1699.16ms | img/sec: 2410.60
step 98785 | loss: 3.095015 | lr 4.0785e-04 | norm: 0.4606 | dt: 1704.65ms | img/sec: 2402.85
step 98786 | loss: 3.112425 | lr 4.0865e-04 | norm: 0.4775 | dt: 1743.17ms | img/sec: 2349.74
step 98787 | loss: 3.153359 | lr 4.0946e-04 | norm: 0.4880 | dt: 1659.94ms | img/sec: 2467.57
step 98788 | loss: 3.196848 | lr 4.1026e-04 | norm: 0.4863 | dt: 1653.82ms | img/sec: 2476.69
step 98789 | loss: 3.213597 | lr 4.1106e-04 | norm: 0.4785 | dt: 1660.15ms | img/sec: 2467.25
step 98790 | loss: 3.101546 | lr 4.1186e-04 | norm: 0.4683 | dt: 1671.50ms | img/sec: 2450.49
step 98791 | loss: 3.184510 | lr 4.1266e-04 | norm: 0.4731 | dt: 1701.17ms | img/sec: 2407.76
step 98792 | loss: 3.168772 | lr 4.1346e-04 | norm: 0.4483 | dt: 1664.84ms | img/sec: 2460.30
step 98793 | loss: 3.175529 | lr 4.1426e-04 | norm: 0.4534 | dt: 1657.85ms | img/sec: 2470.66
step 98794 | loss: 3.149894 | lr 4.1506e-04 | norm: 0.4625 | dt: 1694.45ms | img/sec: 2417.30
step 98795 | loss: 3.055012 | lr 4.1587e-04 | norm: 0.4384 | dt: 1661.51ms | img/sec: 2465.22
step 98796 | loss: 3.066844 | lr 4.1667e-04 | norm: 0.4548 | dt: 1703.80ms | img/sec: 2404.04
step 98797 | loss: 3.113898 | lr 4.1747e-04 | norm: 0.4879 | dt: 1700.18ms | img/sec: 2409.16
step 98798 | loss: 3.128103 | lr 4.1827e-04 | norm: 0.4733 | dt: 1661.41ms | img/sec: 2465.38
step 98799 | loss: 3.116809 | lr 4.1907e-04 | norm: 0.4644 | dt: 1704.15ms | img/sec: 2403.54
step 98800 | loss: 3.177885 | lr 4.1987e-04 | norm: 0.4967 | dt: 1663.97ms | img/sec: 2461.59
step 98801 | loss: 3.144325 | lr 4.2067e-04 | norm: 0.4864 | dt: 1659.83ms | img/sec: 2467.73
step 98802 | loss: 3.070714 | lr 4.2147e-04 | norm: 0.4643 | dt: 1657.58ms | img/sec: 2471.07
step 98803 | loss: 3.094757 | lr 4.2228e-04 | norm: 0.4658 | dt: 1684.09ms | img/sec: 2432.18
step 98804 | loss: 3.182993 | lr 4.2308e-04 | norm: 0.4688 | dt: 1687.36ms | img/sec: 2427.46
step 98805 | loss: 3.120951 | lr 4.2388e-04 | norm: 0.4528 | dt: 1685.08ms | img/sec: 2430.75
step 98806 | loss: 3.121471 | lr 4.2468e-04 | norm: 0.4450 | dt: 1740.06ms | img/sec: 2353.94
step 98807 | loss: 3.204640 | lr 4.2548e-04 | norm: 0.4869 | dt: 1661.49ms | img/sec: 2465.25
step 98808 | loss: 3.157615 | lr 4.2628e-04 | norm: 0.4541 | dt: 1709.67ms | img/sec: 2395.78
step 98809 | loss: 3.117043 | lr 4.2708e-04 | norm: 0.4651 | dt: 1692.81ms | img/sec: 2419.65
step 98810 | loss: 3.022164 | lr 4.2788e-04 | norm: 0.4375 | dt: 1709.82ms | img/sec: 2395.58
step 98811 | loss: 3.139763 | lr 4.2869e-04 | norm: 0.4521 | dt: 1695.89ms | img/sec: 2415.25
step 98812 | loss: 3.136930 | lr 4.2949e-04 | norm: 0.4992 | dt: 1677.70ms | img/sec: 2441.43
step 98813 | loss: 3.155989 | lr 4.3029e-04 | norm: 0.4552 | dt: 1705.90ms | img/sec: 2401.08
step 98814 | loss: 3.168966 | lr 4.3109e-04 | norm: 0.4388 | dt: 1661.79ms | img/sec: 2464.81
step 98815 | loss: 3.080215 | lr 4.3189e-04 | norm: 0.4682 | dt: 1663.56ms | img/sec: 2462.19
step 98816 | loss: 3.093825 | lr 4.3269e-04 | norm: 0.4862 | dt: 1733.07ms | img/sec: 2363.44
step 98817 | loss: 3.168216 | lr 4.3349e-04 | norm: 0.4527 | dt: 1697.78ms | img/sec: 2412.57
step 98818 | loss: 3.200796 | lr 4.3429e-04 | norm: 0.4599 | dt: 1654.93ms | img/sec: 2475.03
step 98819 | loss: 3.150054 | lr 4.3510e-04 | norm: 0.4735 | dt: 1659.73ms | img/sec: 2467.87
step 98820 | loss: 3.137273 | lr 4.3590e-04 | norm: 0.4640 | dt: 1658.89ms | img/sec: 2469.13
step 98821 | loss: 3.123600 | lr 4.3670e-04 | norm: 0.4492 | dt: 1709.20ms | img/sec: 2396.45
step 98822 | loss: 3.194919 | lr 4.3750e-04 | norm: 0.4529 | dt: 1672.79ms | img/sec: 2448.60
step 98823 | loss: 3.193655 | lr 4.3830e-04 | norm: 0.4804 | dt: 1651.57ms | img/sec: 2480.06
step 98824 | loss: 3.186023 | lr 4.3910e-04 | norm: 0.4819 | dt: 1679.31ms | img/sec: 2439.09
step 98825 | loss: 3.117713 | lr 4.3990e-04 | norm: 0.4627 | dt: 1716.73ms | img/sec: 2385.93
step 98826 | loss: 3.146595 | lr 4.4071e-04 | norm: 0.4573 | dt: 1712.00ms | img/sec: 2392.53
step 98827 | loss: 3.127992 | lr 4.4151e-04 | norm: 0.4652 | dt: 1667.53ms | img/sec: 2456.33
step 98828 | loss: 3.121059 | lr 4.4231e-04 | norm: 0.4353 | dt: 1737.31ms | img/sec: 2357.67
step 98829 | loss: 3.205418 | lr 4.4311e-04 | norm: 0.4823 | dt: 1706.66ms | img/sec: 2400.01
step 98830 | loss: 3.153992 | lr 4.4391e-04 | norm: 0.4794 | dt: 1658.63ms | img/sec: 2469.50
step 98831 | loss: 3.138144 | lr 4.4471e-04 | norm: 0.4344 | dt: 1699.61ms | img/sec: 2409.97
step 98832 | loss: 3.238415 | lr 4.4551e-04 | norm: 0.4575 | dt: 1677.65ms | img/sec: 2441.51
step 98833 | loss: 3.155464 | lr 4.4631e-04 | norm: 0.4524 | dt: 1734.47ms | img/sec: 2361.53
step 98834 | loss: 3.144135 | lr 4.4712e-04 | norm: 0.4548 | dt: 1694.96ms | img/sec: 2416.57
step 98835 | loss: 3.144365 | lr 4.4792e-04 | norm: 0.4661 | dt: 1734.05ms | img/sec: 2362.11
step 98836 | loss: 3.101375 | lr 4.4872e-04 | norm: 0.4674 | dt: 1661.69ms | img/sec: 2464.96
step 98837 | loss: 3.121357 | lr 4.4952e-04 | norm: 0.4665 | dt: 1699.79ms | img/sec: 2409.71
step 98838 | loss: 2.986428 | lr 4.5032e-04 | norm: 0.4501 | dt: 1657.21ms | img/sec: 2471.62
step 98839 | loss: 3.090764 | lr 4.5112e-04 | norm: 0.4862 | dt: 1660.38ms | img/sec: 2466.90
step 98840 | loss: 3.120550 | lr 4.5192e-04 | norm: 0.4776 | dt: 1662.97ms | img/sec: 2463.06
step 98841 | loss: 3.167379 | lr 4.5272e-04 | norm: 0.4737 | dt: 1708.03ms | img/sec: 2398.09
step 98842 | loss: 3.109358 | lr 4.5353e-04 | norm: 0.4785 | dt: 1699.18ms | img/sec: 2410.58
step 98843 | loss: 3.163468 | lr 4.5433e-04 | norm: 0.5081 | dt: 1681.29ms | img/sec: 2436.23
step 98844 | loss: 3.137188 | lr 4.5513e-04 | norm: 0.4601 | dt: 1721.24ms | img/sec: 2379.68
step 98845 | loss: 3.138471 | lr 4.5593e-04 | norm: 0.4698 | dt: 1712.85ms | img/sec: 2391.34
step 98846 | loss: 3.088363 | lr 4.5673e-04 | norm: 0.4821 | dt: 1704.21ms | img/sec: 2403.45
step 98847 | loss: 3.138831 | lr 4.5753e-04 | norm: 0.5139 | dt: 1669.50ms | img/sec: 2453.43
step 98848 | loss: 3.103413 | lr 4.5833e-04 | norm: 0.4765 | dt: 1660.38ms | img/sec: 2466.91
step 98849 | loss: 3.202814 | lr 4.5913e-04 | norm: 0.4754 | dt: 1666.48ms | img/sec: 2457.87
step 98850 | loss: 3.148060 | lr 4.5994e-04 | norm: 0.4832 | dt: 1690.98ms | img/sec: 2422.26
step 98851 | loss: 3.152270 | lr 4.6074e-04 | norm: 0.5183 | dt: 1683.55ms | img/sec: 2432.95
step 98852 | loss: 3.082688 | lr 4.6154e-04 | norm: 0.4665 | dt: 1661.19ms | img/sec: 2465.70
step 98853 | loss: 3.098917 | lr 4.6234e-04 | norm: 0.4592 | dt: 1700.02ms | img/sec: 2409.39
step 98854 | loss: 3.112250 | lr 4.6314e-04 | norm: 0.4663 | dt: 1717.01ms | img/sec: 2385.54
step 98855 | loss: 3.118204 | lr 4.6394e-04 | norm: 0.4995 | dt: 1662.95ms | img/sec: 2463.10
step 98856 | loss: 3.138883 | lr 4.6474e-04 | norm: 0.4948 | dt: 1663.88ms | img/sec: 2461.71
step 98857 | loss: 3.120220 | lr 4.6554e-04 | norm: 0.4607 | dt: 1817.70ms | img/sec: 2253.40
step 98858 | loss: 3.181381 | lr 4.6635e-04 | norm: 0.5126 | dt: 1672.99ms | img/sec: 2448.30
step 98859 | loss: 3.121519 | lr 4.6715e-04 | norm: 0.4973 | dt: 1708.91ms | img/sec: 2396.85
step 98860 | loss: 3.103928 | lr 4.6795e-04 | norm: 0.4750 | dt: 1679.26ms | img/sec: 2439.18
step 98861 | loss: 3.185680 | lr 4.6875e-04 | norm: 0.4751 | dt: 1701.14ms | img/sec: 2407.79
step 98862 | loss: 3.121834 | lr 4.6955e-04 | norm: 0.4801 | dt: 1659.64ms | img/sec: 2468.01
step 98863 | loss: 3.069235 | lr 4.7035e-04 | norm: 0.5360 | dt: 1673.04ms | img/sec: 2448.24
step 98864 | loss: 3.133462 | lr 4.7115e-04 | norm: 0.5054 | dt: 1706.94ms | img/sec: 2399.62
step 98865 | loss: 3.205800 | lr 4.7196e-04 | norm: 0.4886 | dt: 1723.81ms | img/sec: 2376.13
step 98866 | loss: 3.160009 | lr 4.7276e-04 | norm: 0.5315 | dt: 1667.60ms | img/sec: 2456.23
step 98867 | loss: 3.210429 | lr 4.7356e-04 | norm: 0.5243 | dt: 1659.97ms | img/sec: 2467.51
step 98868 | loss: 3.087958 | lr 4.7436e-04 | norm: 0.4734 | dt: 1660.54ms | img/sec: 2466.67
step 98869 | loss: 3.151682 | lr 4.7516e-04 | norm: 0.4347 | dt: 1722.85ms | img/sec: 2377.45
step 98870 | loss: 3.116244 | lr 4.7596e-04 | norm: 0.4639 | dt: 1654.16ms | img/sec: 2476.18
step 98871 | loss: 3.184333 | lr 4.7676e-04 | norm: 0.5083 | dt: 1655.28ms | img/sec: 2474.50
step 98872 | loss: 3.185096 | lr 4.7756e-04 | norm: 0.5053 | dt: 1659.70ms | img/sec: 2467.92
step 98873 | loss: 3.174107 | lr 4.7837e-04 | norm: 0.4924 | dt: 1660.12ms | img/sec: 2467.30
step 98874 | loss: 3.125756 | lr 4.7917e-04 | norm: 0.4470 | dt: 1671.81ms | img/sec: 2450.04
step 98875 | loss: 3.148061 | lr 4.7997e-04 | norm: 0.4780 | dt: 1660.53ms | img/sec: 2466.68
step 98876 | loss: 3.122205 | lr 4.8077e-04 | norm: 0.4795 | dt: 1660.90ms | img/sec: 2466.13
step 98877 | loss: 3.122008 | lr 4.8157e-04 | norm: 0.4665 | dt: 1658.27ms | img/sec: 2470.04
step 98878 | loss: 3.215579 | lr 4.8237e-04 | norm: 0.4816 | dt: 1670.58ms | img/sec: 2451.84
step 98879 | loss: 3.153465 | lr 4.8317e-04 | norm: 0.4847 | dt: 1665.40ms | img/sec: 2459.47
step 98880 | loss: 3.154282 | lr 4.8397e-04 | norm: 0.4689 | dt: 1657.92ms | img/sec: 2470.57
step 98881 | loss: 3.105170 | lr 4.8478e-04 | norm: 0.4790 | dt: 1655.81ms | img/sec: 2473.71
step 98882 | loss: 3.083521 | lr 4.8558e-04 | norm: 0.4690 | dt: 1661.54ms | img/sec: 2465.19
step 98883 | loss: 3.118086 | lr 4.8638e-04 | norm: 0.4585 | dt: 1714.91ms | img/sec: 2388.47
step 98884 | loss: 3.129444 | lr 4.8718e-04 | norm: 0.4578 | dt: 1707.96ms | img/sec: 2398.18
step 98885 | loss: 3.132007 | lr 4.8798e-04 | norm: 0.4760 | dt: 1730.48ms | img/sec: 2366.97
step 98886 | loss: 3.133147 | lr 4.8878e-04 | norm: 0.4692 | dt: 1686.51ms | img/sec: 2428.69
step 98887 | loss: 3.216892 | lr 4.8958e-04 | norm: 0.4739 | dt: 1656.97ms | img/sec: 2471.99
step 98888 | loss: 3.097268 | lr 4.9038e-04 | norm: 0.4621 | dt: 1665.53ms | img/sec: 2459.28
step 98889 | loss: 3.119100 | lr 4.9119e-04 | norm: 0.4714 | dt: 1855.07ms | img/sec: 2208.00
step 98890 | loss: 3.147443 | lr 4.9199e-04 | norm: 0.4978 | dt: 1659.21ms | img/sec: 2468.64
step 98891 | loss: 3.146164 | lr 4.9279e-04 | norm: 0.4487 | dt: 1734.65ms | img/sec: 2361.28
step 98892 | loss: 3.151650 | lr 4.9359e-04 | norm: 0.4544 | dt: 1718.55ms | img/sec: 2383.41
step 98893 | loss: 3.130993 | lr 4.9439e-04 | norm: 0.4679 | dt: 1730.23ms | img/sec: 2367.31
step 98894 | loss: 3.125076 | lr 4.9519e-04 | norm: 0.4581 | dt: 1663.53ms | img/sec: 2462.23
step 98895 | loss: 3.171503 | lr 4.9599e-04 | norm: 0.4581 | dt: 1662.40ms | img/sec: 2463.90
step 98896 | loss: 3.102250 | lr 4.9679e-04 | norm: 0.4496 | dt: 1657.00ms | img/sec: 2471.94
step 98897 | loss: 3.080484 | lr 4.9760e-04 | norm: 0.4687 | dt: 1654.81ms | img/sec: 2475.20
step 98898 | loss: 3.151253 | lr 4.9840e-04 | norm: 0.4620 | dt: 1661.50ms | img/sec: 2465.24
step 98899 | loss: 3.176841 | lr 4.9920e-04 | norm: 0.4692 | dt: 1658.39ms | img/sec: 2469.87
step 98900 | loss: 3.097474 | lr 5.0000e-04 | norm: 0.4704 | dt: 1664.86ms | img/sec: 2460.26
step 98901 | loss: 3.122530 | lr 5.0000e-04 | norm: 0.4918 | dt: 5031.98ms | img/sec: 813.99
step 98902 | loss: 3.116823 | lr 5.0000e-04 | norm: 0.4666 | dt: 1788.94ms | img/sec: 2289.63
step 98903 | loss: 3.183868 | lr 5.0000e-04 | norm: 0.4704 | dt: 1691.17ms | img/sec: 2421.99
step 98904 | loss: 3.174050 | lr 5.0000e-04 | norm: 0.4870 | dt: 1660.18ms | img/sec: 2467.20
step 98905 | loss: 3.109822 | lr 5.0000e-04 | norm: 0.4665 | dt: 1710.57ms | img/sec: 2394.52
step 98906 | loss: 3.110972 | lr 5.0000e-04 | norm: 0.4614 | dt: 1656.58ms | img/sec: 2472.56
step 98907 | loss: 3.176566 | lr 5.0000e-04 | norm: 0.5050 | dt: 1656.57ms | img/sec: 2472.58
step 98908 | loss: 3.106364 | lr 5.0000e-04 | norm: 0.4783 | dt: 1659.02ms | img/sec: 2468.93
step 98909 | loss: 3.091492 | lr 5.0000e-04 | norm: 0.4545 | dt: 1657.28ms | img/sec: 2471.52
step 98910 | loss: 3.111449 | lr 5.0000e-04 | norm: 0.4725 | dt: 1756.92ms | img/sec: 2331.36
step 98911 | loss: 3.139318 | lr 5.0000e-04 | norm: 0.4714 | dt: 1669.06ms | img/sec: 2454.07
step 98912 | loss: 3.142494 | lr 5.0000e-04 | norm: 0.4762 | dt: 1876.41ms | img/sec: 2182.90
step 98913 | loss: 3.104381 | lr 4.9999e-04 | norm: 0.4665 | dt: 1728.00ms | img/sec: 2370.37
step 98914 | loss: 3.094275 | lr 4.9999e-04 | norm: 0.4476 | dt: 1695.61ms | img/sec: 2415.65
step 98915 | loss: 3.187113 | lr 4.9999e-04 | norm: 0.4815 | dt: 1655.28ms | img/sec: 2474.50
step 98916 | loss: 3.146034 | lr 4.9999e-04 | norm: 0.4636 | dt: 1676.14ms | img/sec: 2443.71
step 98917 | loss: 3.046655 | lr 4.9999e-04 | norm: 0.4608 | dt: 1663.30ms | img/sec: 2462.57
step 98918 | loss: 3.165958 | lr 4.9999e-04 | norm: 0.4681 | dt: 1739.84ms | img/sec: 2354.23
step 98919 | loss: 3.080480 | lr 4.9999e-04 | norm: 0.4661 | dt: 1698.02ms | img/sec: 2412.22
step 98920 | loss: 3.146261 | lr 4.9999e-04 | norm: 0.4300 | dt: 1749.73ms | img/sec: 2340.93
step 98921 | loss: 3.128928 | lr 4.9998e-04 | norm: 0.4597 | dt: 1690.15ms | img/sec: 2423.46
step 98922 | loss: 3.184098 | lr 4.9998e-04 | norm: 0.4596 | dt: 1699.64ms | img/sec: 2409.93
step 98923 | loss: 3.140652 | lr 4.9998e-04 | norm: 0.4852 | dt: 1664.49ms | img/sec: 2460.81
step 98924 | loss: 3.158609 | lr 4.9998e-04 | norm: 0.4867 | dt: 1734.30ms | img/sec: 2361.76
step 98925 | loss: 3.155879 | lr 4.9998e-04 | norm: 0.4593 | dt: 1717.81ms | img/sec: 2384.43
step 98926 | loss: 3.059807 | lr 4.9998e-04 | norm: 0.4597 | dt: 1676.14ms | img/sec: 2443.70
step 98927 | loss: 3.144684 | lr 4.9997e-04 | norm: 0.4610 | dt: 1659.31ms | img/sec: 2468.50
step 98928 | loss: 3.253144 | lr 4.9997e-04 | norm: 0.5152 | dt: 1670.82ms | img/sec: 2451.49
step 98929 | loss: 3.189791 | lr 4.9997e-04 | norm: 0.4738 | dt: 1655.46ms | img/sec: 2474.24
step 98930 | loss: 3.149803 | lr 4.9997e-04 | norm: 0.4777 | dt: 1659.33ms | img/sec: 2468.47
step 98931 | loss: 3.168653 | lr 4.9997e-04 | norm: 0.4775 | dt: 1667.27ms | img/sec: 2456.70
step 98932 | loss: 3.065818 | lr 4.9996e-04 | norm: 0.4832 | dt: 1733.99ms | img/sec: 2362.18
step 98933 | loss: 3.173573 | lr 4.9996e-04 | norm: 0.4760 | dt: 1746.27ms | img/sec: 2345.58
step 98934 | loss: 3.160179 | lr 4.9996e-04 | norm: 0.5358 | dt: 1730.98ms | img/sec: 2366.29
step 98935 | loss: 3.150664 | lr 4.9996e-04 | norm: 0.4900 | dt: 1735.39ms | img/sec: 2360.28
step 98936 | loss: 3.051685 | lr 4.9995e-04 | norm: 0.4490 | dt: 1811.09ms | img/sec: 2261.62
step 98937 | loss: 3.172005 | lr 4.9995e-04 | norm: 0.4634 | dt: 1669.77ms | img/sec: 2453.03
step 98938 | loss: 3.149832 | lr 4.9995e-04 | norm: 0.4633 | dt: 1698.68ms | img/sec: 2411.29
step 98939 | loss: 3.159979 | lr 4.9994e-04 | norm: 0.4811 | dt: 1683.66ms | img/sec: 2432.79
step 98940 | loss: 3.130864 | lr 4.9994e-04 | norm: 0.4879 | dt: 1707.32ms | img/sec: 2399.08
step 98941 | loss: 3.061899 | lr 4.9994e-04 | norm: 0.4440 | dt: 1717.49ms | img/sec: 2384.88
step 98942 | loss: 3.156711 | lr 4.9993e-04 | norm: 0.4756 | dt: 1756.72ms | img/sec: 2331.62
step 98943 | loss: 3.121747 | lr 4.9993e-04 | norm: 0.4693 | dt: 1712.56ms | img/sec: 2391.74
step 98944 | loss: 3.106209 | lr 4.9993e-04 | norm: 0.4615 | dt: 1659.35ms | img/sec: 2468.44
step 98945 | loss: 3.158203 | lr 4.9993e-04 | norm: 0.4700 | dt: 1748.15ms | img/sec: 2343.04
step 98946 | loss: 3.171561 | lr 4.9992e-04 | norm: 0.4888 | dt: 1655.36ms | img/sec: 2474.39
step 98947 | loss: 3.150322 | lr 4.9992e-04 | norm: 0.4701 | dt: 1763.89ms | img/sec: 2322.14
step 98948 | loss: 3.115149 | lr 4.9991e-04 | norm: 0.4896 | dt: 1695.26ms | img/sec: 2416.15
step 98949 | loss: 3.084162 | lr 4.9991e-04 | norm: 0.5002 | dt: 1724.70ms | img/sec: 2374.90
step 98950 | loss: 3.125303 | lr 4.9991e-04 | norm: 0.5012 | dt: 1685.12ms | img/sec: 2430.69
step 98951 | loss: 3.104019 | lr 4.9990e-04 | norm: 0.4671 | dt: 1713.42ms | img/sec: 2390.54
step 98952 | loss: 3.050679 | lr 4.9990e-04 | norm: 0.4704 | dt: 1679.86ms | img/sec: 2438.30
step 98953 | loss: 3.160064 | lr 4.9990e-04 | norm: 0.4580 | dt: 1694.64ms | img/sec: 2417.03
step 98954 | loss: 3.126866 | lr 4.9989e-04 | norm: 0.4491 | dt: 1695.38ms | img/sec: 2415.98
step 98955 | loss: 3.113865 | lr 4.9989e-04 | norm: 0.5073 | dt: 1779.88ms | img/sec: 2301.28
step 98956 | loss: 3.114058 | lr 4.9988e-04 | norm: 0.5092 | dt: 1717.81ms | img/sec: 2384.43
step 98957 | loss: 3.165946 | lr 4.9988e-04 | norm: 0.4853 | dt: 1700.03ms | img/sec: 2409.37
step 98958 | loss: 3.181341 | lr 4.9987e-04 | norm: 0.4721 | dt: 1706.24ms | img/sec: 2400.59
step 98959 | loss: 3.123039 | lr 4.9987e-04 | norm: 0.4896 | dt: 1690.77ms | img/sec: 2422.56
step 98960 | loss: 3.127835 | lr 4.9987e-04 | norm: 0.4903 | dt: 1721.16ms | img/sec: 2379.79
step 98961 | loss: 3.109164 | lr 4.9986e-04 | norm: 0.4621 | dt: 1665.04ms | img/sec: 2460.00
step 98962 | loss: 3.097791 | lr 4.9986e-04 | norm: 0.4660 | dt: 1788.44ms | img/sec: 2290.26
step 98963 | loss: 3.112496 | lr 4.9985e-04 | norm: 0.5101 | dt: 1729.94ms | img/sec: 2367.72
step 98964 | loss: 3.077216 | lr 4.9985e-04 | norm: 0.4862 | dt: 1734.22ms | img/sec: 2361.87
step 98965 | loss: 3.156065 | lr 4.9984e-04 | norm: 0.5110 | dt: 1766.52ms | img/sec: 2318.68
step 98966 | loss: 3.189345 | lr 4.9984e-04 | norm: 0.4662 | dt: 1659.28ms | img/sec: 2468.54
step 98967 | loss: 3.124681 | lr 4.9983e-04 | norm: 0.5018 | dt: 1707.07ms | img/sec: 2399.43
step 98968 | loss: 3.173361 | lr 4.9983e-04 | norm: 0.4662 | dt: 1657.00ms | img/sec: 2471.93
step 98969 | loss: 3.185374 | lr 4.9982e-04 | norm: 0.4775 | dt: 1727.20ms | img/sec: 2371.47
step 98970 | loss: 3.092150 | lr 4.9982e-04 | norm: 0.4613 | dt: 1695.51ms | img/sec: 2415.79
step 98971 | loss: 3.105612 | lr 4.9981e-04 | norm: 0.4724 | dt: 1658.99ms | img/sec: 2468.97
step 98972 | loss: 3.184211 | lr 4.9980e-04 | norm: 0.4707 | dt: 1710.46ms | img/sec: 2394.68
step 98973 | loss: 3.092064 | lr 4.9980e-04 | norm: 0.4495 | dt: 1659.02ms | img/sec: 2468.93
step 98974 | loss: 3.121598 | lr 4.9979e-04 | norm: 0.4752 | dt: 1683.44ms | img/sec: 2433.11
step 98975 | loss: 3.144127 | lr 4.9979e-04 | norm: 0.4899 | dt: 1700.06ms | img/sec: 2409.32
step 98976 | loss: 3.021647 | lr 4.9978e-04 | norm: 0.4674 | dt: 1746.71ms | img/sec: 2344.98
step 98977 | loss: 3.198881 | lr 4.9978e-04 | norm: 0.4696 | dt: 1660.11ms | img/sec: 2467.31
step 98978 | loss: 3.074561 | lr 4.9977e-04 | norm: 0.4692 | dt: 1720.39ms | img/sec: 2380.86
step 98979 | loss: 3.068407 | lr 4.9976e-04 | norm: 0.4761 | dt: 1683.17ms | img/sec: 2433.50
step 98980 | loss: 3.179644 | lr 4.9976e-04 | norm: 0.4999 | dt: 1664.09ms | img/sec: 2461.41
step 98981 | loss: 3.122969 | lr 4.9975e-04 | norm: 0.4776 | dt: 1717.94ms | img/sec: 2384.25
step 98982 | loss: 3.166381 | lr 4.9975e-04 | norm: 0.4768 | dt: 1683.50ms | img/sec: 2433.02
step 98983 | loss: 3.140405 | lr 4.9974e-04 | norm: 0.4825 | dt: 1698.75ms | img/sec: 2411.18
step 98984 | loss: 3.132130 | lr 4.9973e-04 | norm: 0.4775 | dt: 1660.55ms | img/sec: 2466.65
step 98985 | loss: 3.101780 | lr 4.9973e-04 | norm: 0.4644 | dt: 1659.82ms | img/sec: 2467.74
step 98986 | loss: 3.037949 | lr 4.9972e-04 | norm: 0.4352 | dt: 1695.73ms | img/sec: 2415.49
step 98987 | loss: 3.150157 | lr 4.9971e-04 | norm: 0.4686 | dt: 1659.75ms | img/sec: 2467.84
step 98988 | loss: 3.141881 | lr 4.9971e-04 | norm: 0.4222 | dt: 1657.97ms | img/sec: 2470.50
step 98989 | loss: 3.128854 | lr 4.9970e-04 | norm: 0.4281 | dt: 1775.29ms | img/sec: 2307.23
step 98990 | loss: 3.126467 | lr 4.9969e-04 | norm: 0.4375 | dt: 1657.81ms | img/sec: 2470.74
step 98991 | loss: 3.181857 | lr 4.9969e-04 | norm: 0.4773 | dt: 1715.74ms | img/sec: 2387.31
step 98992 | loss: 3.103809 | lr 4.9968e-04 | norm: 0.4423 | dt: 1667.24ms | img/sec: 2456.75
step 98993 | loss: 3.047770 | lr 4.9967e-04 | norm: 0.4461 | dt: 1684.72ms | img/sec: 2431.26
step 98994 | loss: 3.084615 | lr 4.9967e-04 | norm: 0.4710 | dt: 1720.83ms | img/sec: 2380.25
step 98995 | loss: 3.154943 | lr 4.9966e-04 | norm: 0.4523 | dt: 1656.75ms | img/sec: 2472.30
step 98996 | loss: 3.095140 | lr 4.9965e-04 | norm: 0.4511 | dt: 1662.48ms | img/sec: 2463.79
step 98997 | loss: 3.163171 | lr 4.9964e-04 | norm: 0.4788 | dt: 1769.01ms | img/sec: 2315.42
step 98998 | loss: 3.145953 | lr 4.9964e-04 | norm: 0.5138 | dt: 1681.75ms | img/sec: 2435.56
step 98999 | loss: 3.109826 | lr 4.9963e-04 | norm: 0.4687 | dt: 1696.72ms | img/sec: 2414.07
step 99000 | val_loss 1.8306 | val_acc 58.28%
step 99000 | loss: 3.147468 | lr 4.9962e-04 | norm: 0.4915 | dt: 4171.78ms | img/sec: 981.84
--- Saved checkpoint at step 99000 ---
step 99001 | loss: 3.080739 | lr 4.9961e-04 | norm: 0.4676 | dt: 1662.15ms | img/sec: 2464.29
step 99002 | loss: 3.050495 | lr 4.9961e-04 | norm: 0.4836 | dt: 1656.74ms | img/sec: 2472.32
step 99003 | loss: 3.095340 | lr 4.9960e-04 | norm: 0.4645 | dt: 1660.83ms | img/sec: 2466.23
step 99004 | loss: 3.156872 | lr 4.9959e-04 | norm: 0.4874 | dt: 1661.66ms | img/sec: 2465.01
step 99005 | loss: 3.220021 | lr 4.9958e-04 | norm: 0.5198 | dt: 1703.54ms | img/sec: 2404.40
step 99006 | loss: 3.081218 | lr 4.9957e-04 | norm: 0.4940 | dt: 1660.59ms | img/sec: 2466.59
step 99007 | loss: 3.120081 | lr 4.9957e-04 | norm: 0.4806 | dt: 1687.69ms | img/sec: 2426.99
step 99008 | loss: 3.129803 | lr 4.9956e-04 | norm: 0.4839 | dt: 1677.97ms | img/sec: 2441.04
step 99009 | loss: 3.123408 | lr 4.9955e-04 | norm: 0.4580 | dt: 1696.71ms | img/sec: 2414.08
step 99010 | loss: 3.041631 | lr 4.9954e-04 | norm: 0.4739 | dt: 1663.57ms | img/sec: 2462.17
step 99011 | loss: 3.032217 | lr 4.9953e-04 | norm: 0.4505 | dt: 1760.07ms | img/sec: 2327.18
step 99012 | loss: 3.162449 | lr 4.9952e-04 | norm: 0.5186 | dt: 1733.27ms | img/sec: 2363.17
step 99013 | loss: 3.155938 | lr 4.9951e-04 | norm: 0.5191 | dt: 1659.96ms | img/sec: 2467.53
step 99014 | loss: 3.090822 | lr 4.9951e-04 | norm: 0.4974 | dt: 1710.42ms | img/sec: 2394.74
step 99015 | loss: 3.151724 | lr 4.9950e-04 | norm: 0.5006 | dt: 1659.01ms | img/sec: 2468.94
step 99016 | loss: 3.011151 | lr 4.9949e-04 | norm: 0.4942 | dt: 1712.47ms | img/sec: 2391.86
step 99017 | loss: 3.178487 | lr 4.9948e-04 | norm: 0.5177 | dt: 1714.48ms | img/sec: 2389.06
step 99018 | loss: 3.113889 | lr 4.9947e-04 | norm: 0.4953 | dt: 1778.51ms | img/sec: 2303.05
step 99019 | loss: 3.068330 | lr 4.9946e-04 | norm: 0.4606 | dt: 1702.43ms | img/sec: 2405.97
step 99020 | loss: 3.087905 | lr 4.9945e-04 | norm: 0.4806 | dt: 1660.38ms | img/sec: 2466.91
step 99021 | loss: 3.119102 | lr 4.9944e-04 | norm: 0.4947 | dt: 1706.76ms | img/sec: 2399.87
step 99022 | loss: 3.159658 | lr 4.9943e-04 | norm: 0.4997 | dt: 1695.52ms | img/sec: 2415.78
step 99023 | loss: 3.164014 | lr 4.9942e-04 | norm: 0.5043 | dt: 1685.31ms | img/sec: 2430.42
step 99024 | loss: 3.128518 | lr 4.9941e-04 | norm: 0.4701 | dt: 1671.37ms | img/sec: 2450.69
step 99025 | loss: 3.183402 | lr 4.9940e-04 | norm: 0.4728 | dt: 1666.94ms | img/sec: 2457.20
step 99026 | loss: 3.059875 | lr 4.9940e-04 | norm: 0.5013 | dt: 1738.64ms | img/sec: 2355.86
step 99027 | loss: 3.110502 | lr 4.9939e-04 | norm: 0.4804 | dt: 1732.28ms | img/sec: 2364.52
step 99028 | loss: 3.080214 | lr 4.9938e-04 | norm: 0.4731 | dt: 1653.24ms | img/sec: 2477.56
step 99029 | loss: 3.088996 | lr 4.9937e-04 | norm: 0.4948 | dt: 1716.29ms | img/sec: 2386.54
step 99030 | loss: 3.127263 | lr 4.9936e-04 | norm: 0.4839 | dt: 1661.22ms | img/sec: 2465.66
step 99031 | loss: 3.066457 | lr 4.9935e-04 | norm: 0.4848 | dt: 1688.17ms | img/sec: 2426.30
step 99032 | loss: 3.130085 | lr 4.9934e-04 | norm: 0.4604 | dt: 1686.54ms | img/sec: 2428.63
step 99033 | loss: 3.098532 | lr 4.9933e-04 | norm: 0.4876 | dt: 1690.89ms | img/sec: 2422.40
step 99034 | loss: 3.104956 | lr 4.9932e-04 | norm: 0.4955 | dt: 1668.44ms | img/sec: 2454.98
step 99035 | loss: 3.084049 | lr 4.9930e-04 | norm: 0.5075 | dt: 1665.56ms | img/sec: 2459.23
step 99036 | loss: 3.104715 | lr 4.9929e-04 | norm: 0.4914 | dt: 1664.30ms | img/sec: 2461.09
step 99037 | loss: 3.123366 | lr 4.9928e-04 | norm: 0.4698 | dt: 1718.34ms | img/sec: 2383.69
step 99038 | loss: 3.123034 | lr 4.9927e-04 | norm: 0.4644 | dt: 1676.19ms | img/sec: 2443.64
step 99039 | loss: 3.145418 | lr 4.9926e-04 | norm: 0.5116 | dt: 1747.30ms | img/sec: 2344.18
step 99040 | loss: 3.118341 | lr 4.9925e-04 | norm: 0.4837 | dt: 1671.60ms | img/sec: 2450.34
step 99041 | loss: 3.126420 | lr 4.9924e-04 | norm: 0.4596 | dt: 1762.10ms | img/sec: 2324.50
step 99042 | loss: 3.055778 | lr 4.9923e-04 | norm: 0.4835 | dt: 1730.31ms | img/sec: 2367.20
step 99043 | loss: 3.108061 | lr 4.9922e-04 | norm: 0.4963 | dt: 1658.00ms | img/sec: 2470.44
step 99044 | loss: 3.111654 | lr 4.9921e-04 | norm: 0.4701 | dt: 1664.69ms | img/sec: 2460.52
step 99045 | loss: 3.123374 | lr 4.9920e-04 | norm: 0.4683 | dt: 1790.02ms | img/sec: 2288.25
step 99046 | loss: 3.167299 | lr 4.9919e-04 | norm: 0.4609 | dt: 1669.81ms | img/sec: 2452.97
step 99047 | loss: 3.125204 | lr 4.9917e-04 | norm: 0.5090 | dt: 1674.73ms | img/sec: 2445.77
step 99048 | loss: 3.125511 | lr 4.9916e-04 | norm: 0.4471 | dt: 1731.66ms | img/sec: 2365.36
step 99049 | loss: 3.113051 | lr 4.9915e-04 | norm: 0.4514 | dt: 1733.64ms | img/sec: 2362.66
step 99050 | loss: 3.106418 | lr 4.9914e-04 | norm: 0.4694 | dt: 1682.75ms | img/sec: 2434.11
step 99051 | loss: 3.145861 | lr 4.9913e-04 | norm: 0.4799 | dt: 1702.53ms | img/sec: 2405.83
step 99052 | loss: 3.117648 | lr 4.9912e-04 | norm: 0.4815 | dt: 1711.57ms | img/sec: 2393.12
step 99053 | loss: 3.124030 | lr 4.9911e-04 | norm: 0.4749 | dt: 1735.78ms | img/sec: 2359.75
step 99054 | loss: 3.102048 | lr 4.9909e-04 | norm: 0.4644 | dt: 1654.08ms | img/sec: 2476.30
step 99055 | loss: 3.107238 | lr 4.9908e-04 | norm: 0.4797 | dt: 1710.51ms | img/sec: 2394.61
step 99056 | loss: 3.139995 | lr 4.9907e-04 | norm: 0.4877 | dt: 1657.44ms | img/sec: 2471.28
step 99057 | loss: 3.121446 | lr 4.9906e-04 | norm: 0.4625 | dt: 1665.01ms | img/sec: 2460.05
step 99058 | loss: 3.129818 | lr 4.9905e-04 | norm: 0.4756 | dt: 1689.45ms | img/sec: 2424.46
step 99059 | loss: 3.112212 | lr 4.9903e-04 | norm: 0.4597 | dt: 1675.71ms | img/sec: 2444.34
step 99060 | loss: 3.178141 | lr 4.9902e-04 | norm: 0.4804 | dt: 1665.96ms | img/sec: 2458.64
step 99061 | loss: 3.142389 | lr 4.9901e-04 | norm: 0.4611 | dt: 1676.83ms | img/sec: 2442.71
step 99062 | loss: 3.122679 | lr 4.9900e-04 | norm: 0.4747 | dt: 1730.13ms | img/sec: 2367.46
step 99063 | loss: 3.124663 | lr 4.9898e-04 | norm: 0.4774 | dt: 1802.69ms | img/sec: 2272.16
step 99064 | loss: 3.120562 | lr 4.9897e-04 | norm: 0.4616 | dt: 1665.15ms | img/sec: 2459.84
step 99065 | loss: 3.098256 | lr 4.9896e-04 | norm: 0.4698 | dt: 1665.58ms | img/sec: 2459.20
step 99066 | loss: 3.113004 | lr 4.9895e-04 | norm: 0.4659 | dt: 1659.97ms | img/sec: 2467.52
step 99067 | loss: 3.099824 | lr 4.9893e-04 | norm: 0.4694 | dt: 1742.53ms | img/sec: 2350.60
step 99068 | loss: 3.044317 | lr 4.9892e-04 | norm: 0.4512 | dt: 1658.58ms | img/sec: 2469.59
step 99069 | loss: 3.086787 | lr 4.9891e-04 | norm: 0.4428 | dt: 1693.23ms | img/sec: 2419.05
step 99070 | loss: 3.162655 | lr 4.9889e-04 | norm: 0.4542 | dt: 1716.70ms | img/sec: 2385.97
step 99071 | loss: 3.098009 | lr 4.9888e-04 | norm: 0.4693 | dt: 1665.62ms | img/sec: 2459.14
step 99072 | loss: 3.090925 | lr 4.9887e-04 | norm: 0.4602 | dt: 1777.18ms | img/sec: 2304.78
step 99073 | loss: 3.112237 | lr 4.9886e-04 | norm: 0.4492 | dt: 1672.87ms | img/sec: 2448.49
step 99074 | loss: 3.104123 | lr 4.9884e-04 | norm: 0.4799 | dt: 1657.29ms | img/sec: 2471.51
step 99075 | loss: 3.094935 | lr 4.9883e-04 | norm: 0.4586 | dt: 1658.44ms | img/sec: 2469.79
step 99076 | loss: 3.064894 | lr 4.9881e-04 | norm: 0.4553 | dt: 1666.09ms | img/sec: 2458.46
step 99077 | loss: 3.140291 | lr 4.9880e-04 | norm: 0.4753 | dt: 1736.96ms | img/sec: 2358.14
step 99078 | loss: 3.095832 | lr 4.9879e-04 | norm: 0.5084 | dt: 1690.10ms | img/sec: 2423.53
step 99079 | loss: 3.108943 | lr 4.9877e-04 | norm: 0.5147 | dt: 1748.55ms | img/sec: 2342.52
step 99080 | loss: 3.150356 | lr 4.9876e-04 | norm: 0.4817 | dt: 1703.85ms | img/sec: 2403.97
step 99081 | loss: 3.149524 | lr 4.9875e-04 | norm: 0.5197 | dt: 1666.50ms | img/sec: 2457.85
step 99082 | loss: 3.117666 | lr 4.9873e-04 | norm: 0.4904 | dt: 1656.99ms | img/sec: 2471.96
step 99083 | loss: 3.055190 | lr 4.9872e-04 | norm: 0.4864 | dt: 1745.33ms | img/sec: 2346.83
step 99084 | loss: 3.060663 | lr 4.9870e-04 | norm: 0.4919 | dt: 1664.15ms | img/sec: 2461.31
step 99085 | loss: 3.096697 | lr 4.9869e-04 | norm: 0.4817 | dt: 1664.63ms | img/sec: 2460.61
step 99086 | loss: 3.097455 | lr 4.9868e-04 | norm: 0.4907 | dt: 1713.30ms | img/sec: 2390.71
step 99087 | loss: 3.043965 | lr 4.9866e-04 | norm: 0.4683 | dt: 1716.19ms | img/sec: 2386.68
step 99088 | loss: 3.100663 | lr 4.9865e-04 | norm: 0.4649 | dt: 1652.40ms | img/sec: 2478.83
step 99089 | loss: 3.127592 | lr 4.9863e-04 | norm: 0.4670 | dt: 1692.10ms | img/sec: 2420.66
step 99090 | loss: 3.018431 | lr 4.9862e-04 | norm: 0.4705 | dt: 1664.10ms | img/sec: 2461.38
step 99091 | loss: 3.119486 | lr 4.9860e-04 | norm: 0.4597 | dt: 1777.40ms | img/sec: 2304.49
step 99092 | loss: 3.106965 | lr 4.9859e-04 | norm: 0.4562 | dt: 1720.60ms | img/sec: 2380.56
step 99093 | loss: 3.069730 | lr 4.9857e-04 | norm: 0.4486 | dt: 1666.45ms | img/sec: 2457.92
step 99094 | loss: 3.068522 | lr 4.9856e-04 | norm: 0.4844 | dt: 1664.13ms | img/sec: 2461.34
step 99095 | loss: 3.071086 | lr 4.9854e-04 | norm: 0.4816 | dt: 1648.34ms | img/sec: 2484.93
step 99096 | loss: 3.093094 | lr 4.9853e-04 | norm: 0.4580 | dt: 1733.85ms | img/sec: 2362.37
step 99097 | loss: 3.148648 | lr 4.9851e-04 | norm: 0.4527 | dt: 1661.94ms | img/sec: 2464.59
step 99098 | loss: 3.089420 | lr 4.9850e-04 | norm: 0.4809 | dt: 1673.14ms | img/sec: 2448.09
step 99099 | loss: 3.219962 | lr 4.9848e-04 | norm: 0.4810 | dt: 1665.32ms | img/sec: 2459.59
step 99100 | loss: 3.140494 | lr 4.9847e-04 | norm: 0.4635 | dt: 1774.08ms | img/sec: 2308.81
step 99101 | loss: 3.136390 | lr 4.9845e-04 | norm: 0.4614 | dt: 1679.05ms | img/sec: 2439.48
step 99102 | loss: 3.101201 | lr 4.9844e-04 | norm: 0.4674 | dt: 1681.63ms | img/sec: 2435.73
step 99103 | loss: 3.121193 | lr 4.9842e-04 | norm: 0.4892 | dt: 1724.78ms | img/sec: 2374.80
step 99104 | loss: 3.057217 | lr 4.9841e-04 | norm: 0.4486 | dt: 1716.79ms | img/sec: 2385.84
step 99105 | loss: 3.142127 | lr 4.9839e-04 | norm: 0.4644 | dt: 1683.53ms | img/sec: 2432.98
step 99106 | loss: 3.106299 | lr 4.9837e-04 | norm: 0.4649 | dt: 1830.68ms | img/sec: 2237.42
step 99107 | loss: 3.113334 | lr 4.9836e-04 | norm: 0.4496 | dt: 1715.78ms | img/sec: 2387.26
step 99108 | loss: 3.067667 | lr 4.9834e-04 | norm: 0.4642 | dt: 1649.73ms | img/sec: 2482.84
step 99109 | loss: 3.101972 | lr 4.9833e-04 | norm: 0.4709 | dt: 1683.20ms | img/sec: 2433.45
step 99110 | loss: 3.120697 | lr 4.9831e-04 | norm: 0.4586 | dt: 1693.65ms | img/sec: 2418.44
step 99111 | loss: 3.184860 | lr 4.9829e-04 | norm: 0.4585 | dt: 1703.39ms | img/sec: 2404.61
step 99112 | loss: 3.142651 | lr 4.9828e-04 | norm: 0.4720 | dt: 1711.67ms | img/sec: 2392.98
step 99113 | loss: 3.013211 | lr 4.9826e-04 | norm: 0.4747 | dt: 1717.15ms | img/sec: 2385.35
step 99114 | loss: 3.086041 | lr 4.9825e-04 | norm: 0.4555 | dt: 1660.43ms | img/sec: 2466.82
step 99115 | loss: 3.041141 | lr 4.9823e-04 | norm: 0.4881 | dt: 1697.02ms | img/sec: 2413.64
step 99116 | loss: 3.105520 | lr 4.9821e-04 | norm: 0.4553 | dt: 1657.90ms | img/sec: 2470.60
step 99117 | loss: 3.071718 | lr 4.9820e-04 | norm: 0.4476 | dt: 1693.23ms | img/sec: 2419.04
step 99118 | loss: 3.086567 | lr 4.9818e-04 | norm: 0.4699 | dt: 1659.05ms | img/sec: 2468.88
step 99119 | loss: 3.058965 | lr 4.9816e-04 | norm: 0.4900 | dt: 1705.17ms | img/sec: 2402.11
step 99120 | loss: 3.098830 | lr 4.9815e-04 | norm: 0.4655 | dt: 1745.77ms | img/sec: 2346.25
step 99121 | loss: 3.083611 | lr 4.9813e-04 | norm: 0.4668 | dt: 1675.44ms | img/sec: 2444.73
step 99122 | loss: 3.114575 | lr 4.9811e-04 | norm: 0.4746 | dt: 1675.08ms | img/sec: 2445.25
step 99123 | loss: 3.116794 | lr 4.9809e-04 | norm: 0.5389 | dt: 1663.83ms | img/sec: 2461.79
step 99124 | loss: 3.191356 | lr 4.9808e-04 | norm: 0.4787 | dt: 1663.54ms | img/sec: 2462.23
step 99125 | loss: 3.108932 | lr 4.9806e-04 | norm: 0.4488 | dt: 1666.02ms | img/sec: 2458.55
step 99126 | loss: 3.095022 | lr 4.9804e-04 | norm: 0.5333 | dt: 1907.08ms | img/sec: 2147.79
step 99127 | loss: 3.074025 | lr 4.9802e-04 | norm: 0.4707 | dt: 1743.60ms | img/sec: 2349.17
step 99128 | loss: 3.063051 | lr 4.9801e-04 | norm: 0.4852 | dt: 1739.68ms | img/sec: 2354.45
step 99129 | loss: 3.072042 | lr 4.9799e-04 | norm: 0.4752 | dt: 1662.91ms | img/sec: 2463.15
step 99130 | loss: 3.145665 | lr 4.9797e-04 | norm: 0.4677 | dt: 1710.66ms | img/sec: 2394.40
step 99131 | loss: 3.098742 | lr 4.9795e-04 | norm: 0.4485 | dt: 1724.21ms | img/sec: 2375.58
step 99132 | loss: 3.074952 | lr 4.9794e-04 | norm: 0.4586 | dt: 1747.19ms | img/sec: 2344.34
step 99133 | loss: 3.079767 | lr 4.9792e-04 | norm: 0.4830 | dt: 1709.76ms | img/sec: 2395.66
step 99134 | loss: 3.133909 | lr 4.9790e-04 | norm: 0.4681 | dt: 1696.61ms | img/sec: 2414.23
step 99135 | loss: 2.987785 | lr 4.9788e-04 | norm: 0.4795 | dt: 1651.49ms | img/sec: 2480.18
step 99136 | loss: 3.142576 | lr 4.9786e-04 | norm: 0.4729 | dt: 1709.36ms | img/sec: 2396.22
step 99137 | loss: 3.118997 | lr 4.9785e-04 | norm: 0.4866 | dt: 1702.90ms | img/sec: 2405.31
step 99138 | loss: 3.126998 | lr 4.9783e-04 | norm: 0.4767 | dt: 1655.45ms | img/sec: 2474.26
step 99139 | loss: 3.122395 | lr 4.9781e-04 | norm: 0.5282 | dt: 1656.32ms | img/sec: 2472.96
step 99140 | loss: 3.108320 | lr 4.9779e-04 | norm: 0.4722 | dt: 1676.64ms | img/sec: 2442.99
step 99141 | loss: 3.100913 | lr 4.9777e-04 | norm: 0.4759 | dt: 1661.75ms | img/sec: 2464.87
step 99142 | loss: 3.152735 | lr 4.9775e-04 | norm: 0.4755 | dt: 1667.26ms | img/sec: 2456.72
step 99143 | loss: 3.047298 | lr 4.9774e-04 | norm: 0.4763 | dt: 1656.74ms | img/sec: 2472.33
step 99144 | loss: 3.120720 | lr 4.9772e-04 | norm: 0.4876 | dt: 1661.73ms | img/sec: 2464.90
step 99145 | loss: 3.148069 | lr 4.9770e-04 | norm: 0.4998 | dt: 1722.32ms | img/sec: 2378.19
step 99146 | loss: 3.189984 | lr 4.9768e-04 | norm: 0.4691 | dt: 1668.48ms | img/sec: 2454.93
step 99147 | loss: 3.029307 | lr 4.9766e-04 | norm: 0.4655 | dt: 1713.16ms | img/sec: 2390.90
step 99148 | loss: 3.125431 | lr 4.9764e-04 | norm: 0.4699 | dt: 1745.61ms | img/sec: 2346.46
step 99149 | loss: 3.096748 | lr 4.9762e-04 | norm: 0.4944 | dt: 1655.62ms | img/sec: 2473.99
step 99150 | loss: 3.132230 | lr 4.9760e-04 | norm: 0.4761 | dt: 1665.21ms | img/sec: 2459.74
step 99151 | loss: 3.115200 | lr 4.9758e-04 | norm: 0.4653 | dt: 1744.12ms | img/sec: 2348.47
step 99152 | loss: 3.057735 | lr 4.9756e-04 | norm: 0.4803 | dt: 1674.19ms | img/sec: 2446.55
step 99153 | loss: 3.114286 | lr 4.9754e-04 | norm: 0.4731 | dt: 1712.35ms | img/sec: 2392.03
step 99154 | loss: 3.097950 | lr 4.9753e-04 | norm: 0.4472 | dt: 1661.83ms | img/sec: 2464.75
step 99155 | loss: 3.062154 | lr 4.9751e-04 | norm: 0.4688 | dt: 1655.94ms | img/sec: 2473.52
step 99156 | loss: 3.036916 | lr 4.9749e-04 | norm: 0.4624 | dt: 1714.02ms | img/sec: 2389.71
step 99157 | loss: 3.093067 | lr 4.9747e-04 | norm: 0.4745 | dt: 1666.08ms | img/sec: 2458.47
step 99158 | loss: 3.066646 | lr 4.9745e-04 | norm: 0.4574 | dt: 1687.77ms | img/sec: 2426.86
step 99159 | loss: 3.043589 | lr 4.9743e-04 | norm: 0.4588 | dt: 1781.33ms | img/sec: 2299.41
step 99160 | loss: 3.075567 | lr 4.9741e-04 | norm: 0.5026 | dt: 1763.45ms | img/sec: 2322.72
step 99161 | loss: 3.079291 | lr 4.9739e-04 | norm: 0.4635 | dt: 1706.13ms | img/sec: 2400.76
step 99162 | loss: 3.092058 | lr 4.9737e-04 | norm: 0.5002 | dt: 1650.88ms | img/sec: 2481.10
step 99163 | loss: 3.084964 | lr 4.9735e-04 | norm: 0.4970 | dt: 1664.46ms | img/sec: 2460.86
step 99164 | loss: 3.198004 | lr 4.9733e-04 | norm: 0.4811 | dt: 1698.76ms | img/sec: 2411.17
step 99165 | loss: 3.098449 | lr 4.9731e-04 | norm: 0.4605 | dt: 1658.39ms | img/sec: 2469.87
step 99166 | loss: 3.124789 | lr 4.9729e-04 | norm: 0.4553 | dt: 1730.31ms | img/sec: 2367.21
step 99167 | loss: 3.148108 | lr 4.9727e-04 | norm: 0.5141 | dt: 1688.33ms | img/sec: 2426.06
step 99168 | loss: 3.075187 | lr 4.9724e-04 | norm: 0.4994 | dt: 1733.87ms | img/sec: 2362.34
step 99169 | loss: 3.084088 | lr 4.9722e-04 | norm: 0.4560 | dt: 1676.47ms | img/sec: 2443.22
step 99170 | loss: 3.147036 | lr 4.9720e-04 | norm: 0.4656 | dt: 1708.09ms | img/sec: 2398.00
step 99171 | loss: 3.139097 | lr 4.9718e-04 | norm: 0.4761 | dt: 1709.37ms | img/sec: 2396.20
step 99172 | loss: 3.161176 | lr 4.9716e-04 | norm: 0.4591 | dt: 1679.99ms | img/sec: 2438.12
step 99173 | loss: 3.135606 | lr 4.9714e-04 | norm: 0.4747 | dt: 1689.96ms | img/sec: 2423.73
step 99174 | loss: 3.113959 | lr 4.9712e-04 | norm: 0.4751 | dt: 1725.70ms | img/sec: 2373.53
step 99175 | loss: 3.054468 | lr 4.9710e-04 | norm: 0.4888 | dt: 1773.79ms | img/sec: 2309.18
step 99176 | loss: 3.124906 | lr 4.9708e-04 | norm: 0.4629 | dt: 1659.97ms | img/sec: 2467.52
step 99177 | loss: 3.049398 | lr 4.9706e-04 | norm: 0.4543 | dt: 1692.31ms | img/sec: 2420.37
step 99178 | loss: 3.103817 | lr 4.9703e-04 | norm: 0.4638 | dt: 1660.71ms | img/sec: 2466.41
step 99179 | loss: 3.019824 | lr 4.9701e-04 | norm: 0.4709 | dt: 1699.79ms | img/sec: 2409.71
step 99180 | loss: 3.069033 | lr 4.9699e-04 | norm: 0.4547 | dt: 1741.55ms | img/sec: 2351.93
step 99181 | loss: 3.151121 | lr 4.9697e-04 | norm: 0.5230 | dt: 1719.33ms | img/sec: 2382.33
step 99182 | loss: 3.088794 | lr 4.9695e-04 | norm: 0.4731 | dt: 1670.04ms | img/sec: 2452.64
step 99183 | loss: 3.094584 | lr 4.9693e-04 | norm: 0.4740 | dt: 1663.28ms | img/sec: 2462.61
step 99184 | loss: 3.059125 | lr 4.9691e-04 | norm: 0.4829 | dt: 1784.39ms | img/sec: 2295.46
step 99185 | loss: 3.108622 | lr 4.9688e-04 | norm: 0.4807 | dt: 1666.90ms | img/sec: 2457.26
step 99186 | loss: 3.120223 | lr 4.9686e-04 | norm: 0.4595 | dt: 1759.91ms | img/sec: 2327.39
step 99187 | loss: 3.076255 | lr 4.9684e-04 | norm: 0.4735 | dt: 1671.38ms | img/sec: 2450.67
step 99188 | loss: 3.100883 | lr 4.9682e-04 | norm: 0.4835 | dt: 1670.89ms | img/sec: 2451.39
step 99189 | loss: 3.034108 | lr 4.9679e-04 | norm: 0.4990 | dt: 1653.64ms | img/sec: 2476.96
step 99190 | loss: 3.039189 | lr 4.9677e-04 | norm: 0.4700 | dt: 1798.38ms | img/sec: 2277.60
step 99191 | loss: 3.121735 | lr 4.9675e-04 | norm: 0.4405 | dt: 1671.89ms | img/sec: 2449.92
step 99192 | loss: 3.066293 | lr 4.9673e-04 | norm: 0.4707 | dt: 1678.23ms | img/sec: 2440.67
step 99193 | loss: 3.018919 | lr 4.9671e-04 | norm: 0.4616 | dt: 1696.60ms | img/sec: 2414.24
step 99194 | loss: 3.071779 | lr 4.9668e-04 | norm: 0.4533 | dt: 1661.91ms | img/sec: 2464.64
step 99195 | loss: 3.079746 | lr 4.9666e-04 | norm: 0.4685 | dt: 1660.78ms | img/sec: 2466.31
step 99196 | loss: 3.078693 | lr 4.9664e-04 | norm: 0.4598 | dt: 1647.22ms | img/sec: 2486.61
step 99197 | loss: 3.068893 | lr 4.9661e-04 | norm: 0.5016 | dt: 1743.64ms | img/sec: 2349.11
step 99198 | loss: 3.040903 | lr 4.9659e-04 | norm: 0.4842 | dt: 1665.77ms | img/sec: 2458.92
step 99199 | loss: 3.133090 | lr 4.9657e-04 | norm: 0.4564 | dt: 1651.88ms | img/sec: 2479.60
step 99200 | loss: 3.124677 | lr 4.9655e-04 | norm: 0.4682 | dt: 1705.39ms | img/sec: 2401.80
step 99201 | loss: 3.101010 | lr 4.9652e-04 | norm: 0.4648 | dt: 1666.35ms | img/sec: 2458.06
step 99202 | loss: 3.110218 | lr 4.9650e-04 | norm: 0.5045 | dt: 1694.41ms | img/sec: 2417.37
step 99203 | loss: 3.061331 | lr 4.9648e-04 | norm: 0.4744 | dt: 1650.25ms | img/sec: 2482.06
step 99204 | loss: 3.022268 | lr 4.9645e-04 | norm: 0.4329 | dt: 1704.01ms | img/sec: 2403.74
step 99205 | loss: 3.098250 | lr 4.9643e-04 | norm: 0.4696 | dt: 1692.59ms | img/sec: 2419.96
step 99206 | loss: 3.061003 | lr 4.9641e-04 | norm: 0.4753 | dt: 1664.58ms | img/sec: 2460.68
step 99207 | loss: 3.056698 | lr 4.9638e-04 | norm: 0.4845 | dt: 1730.63ms | img/sec: 2366.77
step 99208 | loss: 3.121772 | lr 4.9636e-04 | norm: 0.4640 | dt: 1686.88ms | img/sec: 2428.15
step 99209 | loss: 3.104104 | lr 4.9634e-04 | norm: 0.5014 | dt: 1712.40ms | img/sec: 2391.96
step 99210 | loss: 3.084759 | lr 4.9631e-04 | norm: 0.4648 | dt: 1672.36ms | img/sec: 2449.23
step 99211 | loss: 3.072145 | lr 4.9629e-04 | norm: 0.4651 | dt: 1664.23ms | img/sec: 2461.20
step 99212 | loss: 3.058595 | lr 4.9626e-04 | norm: 0.4789 | dt: 1785.19ms | img/sec: 2294.44
step 99213 | loss: 3.062290 | lr 4.9624e-04 | norm: 0.4497 | dt: 1841.98ms | img/sec: 2223.70
step 99214 | loss: 3.141786 | lr 4.9622e-04 | norm: 0.5018 | dt: 1670.22ms | img/sec: 2452.38
step 99215 | loss: 3.031522 | lr 4.9619e-04 | norm: 0.4836 | dt: 1662.06ms | img/sec: 2464.42
step 99216 | loss: 3.201737 | lr 4.9617e-04 | norm: 0.4709 | dt: 1674.50ms | img/sec: 2446.10
step 99217 | loss: 3.095209 | lr 4.9614e-04 | norm: 0.4629 | dt: 1705.24ms | img/sec: 2402.00
step 99218 | loss: 3.111585 | lr 4.9612e-04 | norm: 0.4769 | dt: 1674.36ms | img/sec: 2446.31
step 99219 | loss: 3.061134 | lr 4.9609e-04 | norm: 0.4757 | dt: 1661.34ms | img/sec: 2465.48
step 99220 | loss: 3.064960 | lr 4.9607e-04 | norm: 0.4658 | dt: 1649.73ms | img/sec: 2482.83
step 99221 | loss: 3.055371 | lr 4.9605e-04 | norm: 0.4501 | dt: 1750.51ms | img/sec: 2339.89
step 99222 | loss: 3.019886 | lr 4.9602e-04 | norm: 0.4715 | dt: 1712.74ms | img/sec: 2391.48
step 99223 | loss: 3.083380 | lr 4.9600e-04 | norm: 0.4548 | dt: 1645.05ms | img/sec: 2489.89
step 99224 | loss: 3.071579 | lr 4.9597e-04 | norm: 0.4770 | dt: 1697.87ms | img/sec: 2412.44
step 99225 | loss: 3.086890 | lr 4.9595e-04 | norm: 0.4883 | dt: 1651.56ms | img/sec: 2480.08
step 99226 | loss: 3.092619 | lr 4.9592e-04 | norm: 0.4596 | dt: 1652.38ms | img/sec: 2478.85
step 99227 | loss: 3.042977 | lr 4.9590e-04 | norm: 0.4810 | dt: 1679.94ms | img/sec: 2438.19
step 99228 | loss: 3.103771 | lr 4.9587e-04 | norm: 0.4782 | dt: 1726.09ms | img/sec: 2372.99
step 99229 | loss: 3.109501 | lr 4.9585e-04 | norm: 0.4605 | dt: 1732.93ms | img/sec: 2363.63
step 99230 | loss: 3.097335 | lr 4.9582e-04 | norm: 0.4961 | dt: 1705.09ms | img/sec: 2402.22
step 99231 | loss: 3.128095 | lr 4.9579e-04 | norm: 0.4589 | dt: 1744.62ms | img/sec: 2347.78
step 99232 | loss: 3.117984 | lr 4.9577e-04 | norm: 0.4656 | dt: 1719.67ms | img/sec: 2381.86
step 99233 | loss: 3.135451 | lr 4.9574e-04 | norm: 0.5113 | dt: 1691.53ms | img/sec: 2421.48
step 99234 | loss: 3.114071 | lr 4.9572e-04 | norm: 0.4811 | dt: 1695.07ms | img/sec: 2416.42
step 99235 | loss: 3.127231 | lr 4.9569e-04 | norm: 0.4713 | dt: 1718.05ms | img/sec: 2384.10
step 99236 | loss: 3.038664 | lr 4.9567e-04 | norm: 0.4746 | dt: 1727.22ms | img/sec: 2371.44
step 99237 | loss: 3.179605 | lr 4.9564e-04 | norm: 0.5133 | dt: 1748.72ms | img/sec: 2342.28
step 99238 | loss: 3.068165 | lr 4.9562e-04 | norm: 0.4426 | dt: 1662.15ms | img/sec: 2464.28
step 99239 | loss: 3.103142 | lr 4.9559e-04 | norm: 0.4699 | dt: 1780.96ms | img/sec: 2299.88
step 99240 | loss: 3.076845 | lr 4.9556e-04 | norm: 0.4558 | dt: 1702.57ms | img/sec: 2405.78
step 99241 | loss: 3.010965 | lr 4.9554e-04 | norm: 0.4757 | dt: 1734.30ms | img/sec: 2361.76
step 99242 | loss: 3.136600 | lr 4.9551e-04 | norm: 0.4734 | dt: 1666.62ms | img/sec: 2457.66
step 99243 | loss: 3.051376 | lr 4.9548e-04 | norm: 0.4415 | dt: 1658.26ms | img/sec: 2470.05
step 99244 | loss: 3.096666 | lr 4.9546e-04 | norm: 0.4530 | dt: 1676.27ms | img/sec: 2443.52
step 99245 | loss: 3.064745 | lr 4.9543e-04 | norm: 0.4755 | dt: 1662.65ms | img/sec: 2463.53
step 99246 | loss: 3.061182 | lr 4.9541e-04 | norm: 0.4797 | dt: 1654.88ms | img/sec: 2475.10
step 99247 | loss: 3.064700 | lr 4.9538e-04 | norm: 0.4783 | dt: 1665.55ms | img/sec: 2459.24
step 99248 | loss: 3.070458 | lr 4.9535e-04 | norm: 0.5059 | dt: 1711.66ms | img/sec: 2393.00
step 99249 | loss: 3.104569 | lr 4.9533e-04 | norm: 0.4862 | dt: 1671.49ms | img/sec: 2450.51
step 99250 | loss: 3.147781 | lr 4.9530e-04 | norm: 0.4800 | dt: 1690.06ms | img/sec: 2423.58
step 99251 | loss: 3.068309 | lr 4.9527e-04 | norm: 0.4743 | dt: 1656.57ms | img/sec: 2472.57
step 99252 | loss: 3.122303 | lr 4.9524e-04 | norm: 0.4858 | dt: 1670.19ms | img/sec: 2452.41
step 99253 | loss: 3.179018 | lr 4.9522e-04 | norm: 0.4696 | dt: 1650.30ms | img/sec: 2481.97
step 99254 | loss: 3.008346 | lr 4.9519e-04 | norm: 0.4586 | dt: 1657.59ms | img/sec: 2471.06
step 99255 | loss: 3.167264 | lr 4.9516e-04 | norm: 0.4846 | dt: 1657.47ms | img/sec: 2471.24
step 99256 | loss: 3.097843 | lr 4.9514e-04 | norm: 0.4606 | dt: 1661.05ms | img/sec: 2465.90
step 99257 | loss: 3.042346 | lr 4.9511e-04 | norm: 0.4802 | dt: 1652.92ms | img/sec: 2478.04
step 99258 | loss: 3.098070 | lr 4.9508e-04 | norm: 0.4772 | dt: 1736.35ms | img/sec: 2358.97
step 99259 | loss: 3.103364 | lr 4.9505e-04 | norm: 0.4758 | dt: 1668.14ms | img/sec: 2455.43
step 99260 | loss: 3.108282 | lr 4.9503e-04 | norm: 0.4679 | dt: 1748.50ms | img/sec: 2342.58
step 99261 | loss: 3.069019 | lr 4.9500e-04 | norm: 0.4504 | dt: 1722.65ms | img/sec: 2377.73
step 99262 | loss: 3.022982 | lr 4.9497e-04 | norm: 0.4572 | dt: 1729.26ms | img/sec: 2368.65
step 99263 | loss: 3.080907 | lr 4.9494e-04 | norm: 0.4617 | dt: 1652.01ms | img/sec: 2479.41
step 99264 | loss: 3.061766 | lr 4.9491e-04 | norm: 0.4508 | dt: 1721.23ms | img/sec: 2379.69
step 99265 | loss: 3.084596 | lr 4.9489e-04 | norm: 0.4654 | dt: 1679.93ms | img/sec: 2438.19
step 99266 | loss: 3.157900 | lr 4.9486e-04 | norm: 0.5058 | dt: 1656.63ms | img/sec: 2472.48
step 99267 | loss: 3.098942 | lr 4.9483e-04 | norm: 0.4794 | dt: 1689.46ms | img/sec: 2424.44
step 99268 | loss: 3.096871 | lr 4.9480e-04 | norm: 0.4477 | dt: 1686.70ms | img/sec: 2428.42
step 99269 | loss: 3.010770 | lr 4.9477e-04 | norm: 0.4735 | dt: 1657.64ms | img/sec: 2470.98
step 99270 | loss: 3.113195 | lr 4.9475e-04 | norm: 0.4878 | dt: 1676.84ms | img/sec: 2442.69
step 99271 | loss: 3.093617 | lr 4.9472e-04 | norm: 0.4723 | dt: 1784.22ms | img/sec: 2295.68
step 99272 | loss: 3.097880 | lr 4.9469e-04 | norm: 0.4730 | dt: 1663.04ms | img/sec: 2462.96
step 99273 | loss: 3.105452 | lr 4.9466e-04 | norm: 0.4710 | dt: 1655.98ms | img/sec: 2473.47
step 99274 | loss: 3.154862 | lr 4.9463e-04 | norm: 0.4853 | dt: 1704.84ms | img/sec: 2402.58
step 99275 | loss: 3.121555 | lr 4.9460e-04 | norm: 0.4606 | dt: 1658.52ms | img/sec: 2469.67
step 99276 | loss: 3.108016 | lr 4.9457e-04 | norm: 0.4941 | dt: 1720.43ms | img/sec: 2380.80
step 99277 | loss: 2.962282 | lr 4.9455e-04 | norm: 0.4511 | dt: 1661.22ms | img/sec: 2465.65
step 99278 | loss: 3.096785 | lr 4.9452e-04 | norm: 0.4755 | dt: 1682.55ms | img/sec: 2434.40
step 99279 | loss: 3.100003 | lr 4.9449e-04 | norm: 0.4724 | dt: 1733.28ms | img/sec: 2363.15
step 99280 | loss: 3.069773 | lr 4.9446e-04 | norm: 0.4663 | dt: 1653.41ms | img/sec: 2477.31
step 99281 | loss: 3.107138 | lr 4.9443e-04 | norm: 0.4771 | dt: 1658.99ms | img/sec: 2468.98
step 99282 | loss: 3.135297 | lr 4.9440e-04 | norm: 0.4724 | dt: 1686.72ms | img/sec: 2428.38
step 99283 | loss: 3.041959 | lr 4.9437e-04 | norm: 0.4635 | dt: 1716.27ms | img/sec: 2386.57
step 99284 | loss: 3.059147 | lr 4.9434e-04 | norm: 0.4683 | dt: 1654.11ms | img/sec: 2476.25
step 99285 | loss: 3.049641 | lr 4.9431e-04 | norm: 0.4719 | dt: 1656.60ms | img/sec: 2472.54
step 99286 | loss: 3.031463 | lr 4.9428e-04 | norm: 0.4590 | dt: 1659.45ms | img/sec: 2468.29
step 99287 | loss: 3.027633 | lr 4.9425e-04 | norm: 0.4545 | dt: 1686.60ms | img/sec: 2428.55
step 99288 | loss: 3.067493 | lr 4.9422e-04 | norm: 0.4654 | dt: 1659.95ms | img/sec: 2467.54
step 99289 | loss: 3.056210 | lr 4.9419e-04 | norm: 0.4696 | dt: 1860.89ms | img/sec: 2201.10
step 99290 | loss: 3.064718 | lr 4.9416e-04 | norm: 0.4854 | dt: 1674.58ms | img/sec: 2445.98
step 99291 | loss: 3.048328 | lr 4.9413e-04 | norm: 0.4990 | dt: 1728.96ms | img/sec: 2369.05
step 99292 | loss: 3.095276 | lr 4.9410e-04 | norm: 0.5037 | dt: 1713.34ms | img/sec: 2390.66
step 99293 | loss: 3.075922 | lr 4.9407e-04 | norm: 0.5020 | dt: 1801.60ms | img/sec: 2273.53
step 99294 | loss: 3.090204 | lr 4.9404e-04 | norm: 0.4598 | dt: 1703.26ms | img/sec: 2404.81
step 99295 | loss: 3.086359 | lr 4.9401e-04 | norm: 0.4945 | dt: 1717.46ms | img/sec: 2384.92
step 99296 | loss: 3.091855 | lr 4.9398e-04 | norm: 0.5104 | dt: 1663.14ms | img/sec: 2462.81
step 99297 | loss: 3.112185 | lr 4.9395e-04 | norm: 0.4619 | dt: 1648.82ms | img/sec: 2484.21
step 99298 | loss: 3.117021 | lr 4.9392e-04 | norm: 0.4833 | dt: 1727.78ms | img/sec: 2370.68
step 99299 | loss: 3.069936 | lr 4.9389e-04 | norm: 0.4688 | dt: 1690.62ms | img/sec: 2422.79
step 99300 | loss: 3.187080 | lr 4.9386e-04 | norm: 0.4775 | dt: 1653.38ms | img/sec: 2477.36
step 99301 | loss: 3.065667 | lr 4.9383e-04 | norm: 0.4705 | dt: 1694.83ms | img/sec: 2416.77
step 99302 | loss: 3.139009 | lr 4.9380e-04 | norm: 0.4843 | dt: 1664.56ms | img/sec: 2460.72
step 99303 | loss: 3.065953 | lr 4.9377e-04 | norm: 0.5174 | dt: 1685.46ms | img/sec: 2430.20
step 99304 | loss: 3.075316 | lr 4.9374e-04 | norm: 0.4957 | dt: 1648.55ms | img/sec: 2484.61
step 99305 | loss: 3.095487 | lr 4.9371e-04 | norm: 0.4724 | dt: 1675.99ms | img/sec: 2443.92
step 99306 | loss: 3.133237 | lr 4.9368e-04 | norm: 0.5214 | dt: 1656.80ms | img/sec: 2472.24
step 99307 | loss: 3.115033 | lr 4.9364e-04 | norm: 0.4690 | dt: 1711.76ms | img/sec: 2392.86
step 99308 | loss: 3.112955 | lr 4.9361e-04 | norm: 0.4680 | dt: 1674.63ms | img/sec: 2445.91
step 99309 | loss: 3.042463 | lr 4.9358e-04 | norm: 0.4610 | dt: 1659.15ms | img/sec: 2468.74
step 99310 | loss: 3.072469 | lr 4.9355e-04 | norm: 0.4732 | dt: 1654.78ms | img/sec: 2475.25
step 99311 | loss: 3.058449 | lr 4.9352e-04 | norm: 0.5047 | dt: 1650.55ms | img/sec: 2481.60
step 99312 | loss: 3.068658 | lr 4.9349e-04 | norm: 0.4739 | dt: 1660.60ms | img/sec: 2466.58
step 99313 | loss: 3.110089 | lr 4.9346e-04 | norm: 0.4658 | dt: 1730.51ms | img/sec: 2366.93
step 99314 | loss: 3.060748 | lr 4.9342e-04 | norm: 0.4643 | dt: 1657.83ms | img/sec: 2470.70
step 99315 | loss: 3.122129 | lr 4.9339e-04 | norm: 0.4995 | dt: 1785.52ms | img/sec: 2294.01
step 99316 | loss: 3.081912 | lr 4.9336e-04 | norm: 0.4626 | dt: 1656.42ms | img/sec: 2472.80
step 99317 | loss: 3.082568 | lr 4.9333e-04 | norm: 0.4854 | dt: 1652.79ms | img/sec: 2478.24
step 99318 | loss: 3.018911 | lr 4.9330e-04 | norm: 0.4680 | dt: 1745.06ms | img/sec: 2347.20
step 99319 | loss: 3.089831 | lr 4.9326e-04 | norm: 0.4845 | dt: 1728.26ms | img/sec: 2370.01
step 99320 | loss: 3.019041 | lr 4.9323e-04 | norm: 0.4745 | dt: 1655.47ms | img/sec: 2474.22
step 99321 | loss: 3.028924 | lr 4.9320e-04 | norm: 0.4702 | dt: 1687.40ms | img/sec: 2427.40
step 99322 | loss: 3.127520 | lr 4.9317e-04 | norm: 0.4651 | dt: 1747.45ms | img/sec: 2343.99
step 99323 | loss: 3.081977 | lr 4.9314e-04 | norm: 0.4968 | dt: 1719.58ms | img/sec: 2381.97
step 99324 | loss: 3.151601 | lr 4.9310e-04 | norm: 0.5080 | dt: 1646.86ms | img/sec: 2487.16
step 99325 | loss: 2.997901 | lr 4.9307e-04 | norm: 0.4819 | dt: 1670.75ms | img/sec: 2451.59
step 99326 | loss: 3.057138 | lr 4.9304e-04 | norm: 0.4673 | dt: 1714.67ms | img/sec: 2388.80
step 99327 | loss: 3.095262 | lr 4.9301e-04 | norm: 0.4593 | dt: 1715.15ms | img/sec: 2388.13
step 99328 | loss: 3.103794 | lr 4.9297e-04 | norm: 0.5027 | dt: 1707.20ms | img/sec: 2399.24
step 99329 | loss: 3.104995 | lr 4.9294e-04 | norm: 0.5039 | dt: 1655.70ms | img/sec: 2473.87
step 99330 | loss: 3.104032 | lr 4.9291e-04 | norm: 0.4502 | dt: 1729.91ms | img/sec: 2367.76
step 99331 | loss: 3.146021 | lr 4.9287e-04 | norm: 0.4549 | dt: 1783.27ms | img/sec: 2296.90
step 99332 | loss: 3.077378 | lr 4.9284e-04 | norm: 0.4787 | dt: 1698.51ms | img/sec: 2411.52
step 99333 | loss: 3.136007 | lr 4.9281e-04 | norm: 0.5231 | dt: 1652.53ms | img/sec: 2478.63
step 99334 | loss: 3.115232 | lr 4.9277e-04 | norm: 0.4582 | dt: 1720.50ms | img/sec: 2380.71
step 99335 | loss: 3.096486 | lr 4.9274e-04 | norm: 0.4963 | dt: 1659.25ms | img/sec: 2468.59
step 99336 | loss: 3.130293 | lr 4.9271e-04 | norm: 0.5190 | dt: 1659.34ms | img/sec: 2468.45
step 99337 | loss: 3.091299 | lr 4.9267e-04 | norm: 0.4597 | dt: 1787.94ms | img/sec: 2290.90
step 99338 | loss: 3.186629 | lr 4.9264e-04 | norm: 0.4715 | dt: 1651.67ms | img/sec: 2479.92
step 99339 | loss: 3.047679 | lr 4.9261e-04 | norm: 0.4597 | dt: 1653.04ms | img/sec: 2477.86
step 99340 | loss: 3.121663 | lr 4.9257e-04 | norm: 0.4995 | dt: 1709.18ms | img/sec: 2396.47
step 99341 | loss: 3.031081 | lr 4.9254e-04 | norm: 0.4910 | dt: 1651.96ms | img/sec: 2479.48
step 99342 | loss: 3.102363 | lr 4.9251e-04 | norm: 0.4752 | dt: 1658.39ms | img/sec: 2469.86
step 99343 | loss: 3.011274 | lr 4.9247e-04 | norm: 0.4745 | dt: 1658.50ms | img/sec: 2469.71
step 99344 | loss: 3.066349 | lr 4.9244e-04 | norm: 0.4773 | dt: 1668.13ms | img/sec: 2455.44
step 99345 | loss: 3.107872 | lr 4.9241e-04 | norm: 0.4663 | dt: 1743.07ms | img/sec: 2349.87
step 99346 | loss: 3.119380 | lr 4.9237e-04 | norm: 0.4901 | dt: 1744.70ms | img/sec: 2347.68
step 99347 | loss: 3.039334 | lr 4.9234e-04 | norm: 0.4806 | dt: 1660.35ms | img/sec: 2466.95
step 99348 | loss: 3.084918 | lr 4.9230e-04 | norm: 0.4670 | dt: 1657.44ms | img/sec: 2471.28
step 99349 | loss: 3.054288 | lr 4.9227e-04 | norm: 0.4587 | dt: 1657.26ms | img/sec: 2471.55
step 99350 | loss: 3.163755 | lr 4.9223e-04 | norm: 0.4774 | dt: 1664.11ms | img/sec: 2461.38
step 99351 | loss: 3.072822 | lr 4.9220e-04 | norm: 0.4606 | dt: 1712.62ms | img/sec: 2391.65
step 99352 | loss: 3.072481 | lr 4.9216e-04 | norm: 0.4538 | dt: 1658.58ms | img/sec: 2469.58
step 99353 | loss: 3.031853 | lr 4.9213e-04 | norm: 0.4385 | dt: 1653.21ms | img/sec: 2477.60
step 99354 | loss: 3.026022 | lr 4.9210e-04 | norm: 0.4455 | dt: 1744.10ms | img/sec: 2348.48
step 99355 | loss: 3.094587 | lr 4.9206e-04 | norm: 0.4826 | dt: 1652.43ms | img/sec: 2478.77
step 99356 | loss: 3.069130 | lr 4.9203e-04 | norm: 0.4563 | dt: 1714.00ms | img/sec: 2389.73
step 99357 | loss: 3.059054 | lr 4.9199e-04 | norm: 0.4835 | dt: 1671.73ms | img/sec: 2450.15
step 99358 | loss: 3.032433 | lr 4.9196e-04 | norm: 0.4645 | dt: 1664.23ms | img/sec: 2461.20
step 99359 | loss: 3.131399 | lr 4.9192e-04 | norm: 0.4551 | dt: 1658.85ms | img/sec: 2469.18
step 99360 | loss: 3.111115 | lr 4.9189e-04 | norm: 0.4932 | dt: 1657.29ms | img/sec: 2471.51
step 99361 | loss: 3.099500 | lr 4.9185e-04 | norm: 0.4669 | dt: 1688.75ms | img/sec: 2425.46
step 99362 | loss: 3.081007 | lr 4.9182e-04 | norm: 0.4592 | dt: 1695.28ms | img/sec: 2416.11
step 99363 | loss: 3.043029 | lr 4.9178e-04 | norm: 0.4544 | dt: 1660.27ms | img/sec: 2467.07
step 99364 | loss: 3.085962 | lr 4.9174e-04 | norm: 0.4684 | dt: 1821.44ms | img/sec: 2248.76
step 99365 | loss: 3.064816 | lr 4.9171e-04 | norm: 0.4642 | dt: 1702.14ms | img/sec: 2406.39
step 99366 | loss: 3.090281 | lr 4.9167e-04 | norm: 0.4589 | dt: 1708.15ms | img/sec: 2397.92
step 99367 | loss: 3.024158 | lr 4.9164e-04 | norm: 0.4822 | dt: 1675.22ms | img/sec: 2445.05
step 99368 | loss: 3.167017 | lr 4.9160e-04 | norm: 0.4898 | dt: 1662.24ms | img/sec: 2464.15
step 99369 | loss: 3.053461 | lr 4.9157e-04 | norm: 0.4556 | dt: 1711.48ms | img/sec: 2393.25
step 99370 | loss: 3.010657 | lr 4.9153e-04 | norm: 0.4477 | dt: 1669.00ms | img/sec: 2454.16
step 99371 | loss: 3.033288 | lr 4.9149e-04 | norm: 0.4713 | dt: 1652.56ms | img/sec: 2478.58
step 99372 | loss: 3.042205 | lr 4.9146e-04 | norm: 0.4589 | dt: 1736.42ms | img/sec: 2358.88
step 99373 | loss: 3.074667 | lr 4.9142e-04 | norm: 0.4929 | dt: 1665.86ms | img/sec: 2458.79
step 99374 | loss: 3.092015 | lr 4.9139e-04 | norm: 0.4588 | dt: 1656.30ms | img/sec: 2472.97
step 99375 | loss: 3.028379 | lr 4.9135e-04 | norm: 0.4878 | dt: 1786.34ms | img/sec: 2292.96
step 99376 | loss: 3.014920 | lr 4.9131e-04 | norm: 0.4468 | dt: 1657.84ms | img/sec: 2470.69
step 99377 | loss: 3.097424 | lr 4.9128e-04 | norm: 0.4850 | dt: 1675.17ms | img/sec: 2445.13
step 99378 | loss: 3.114321 | lr 4.9124e-04 | norm: 0.4711 | dt: 1650.37ms | img/sec: 2481.86
step 99379 | loss: 3.102137 | lr 4.9120e-04 | norm: 0.5464 | dt: 1739.57ms | img/sec: 2354.61
step 99380 | loss: 3.104172 | lr 4.9117e-04 | norm: 0.4787 | dt: 1721.49ms | img/sec: 2379.34
step 99381 | loss: 3.056417 | lr 4.9113e-04 | norm: 0.5080 | dt: 1660.64ms | img/sec: 2466.52
step 99382 | loss: 3.077791 | lr 4.9109e-04 | norm: 0.5212 | dt: 1649.52ms | img/sec: 2483.14
step 99383 | loss: 2.979139 | lr 4.9106e-04 | norm: 0.4806 | dt: 1664.80ms | img/sec: 2460.36
step 99384 | loss: 3.113758 | lr 4.9102e-04 | norm: 0.4821 | dt: 1720.64ms | img/sec: 2380.50
step 99385 | loss: 3.128219 | lr 4.9098e-04 | norm: 0.4507 | dt: 1757.27ms | img/sec: 2330.89
step 99386 | loss: 3.144834 | lr 4.9095e-04 | norm: 0.5211 | dt: 1742.45ms | img/sec: 2350.72
step 99387 | loss: 3.042064 | lr 4.9091e-04 | norm: 0.4734 | dt: 1664.00ms | img/sec: 2461.54
step 99388 | loss: 3.093335 | lr 4.9087e-04 | norm: 0.4767 | dt: 1652.93ms | img/sec: 2478.03
step 99389 | loss: 3.117521 | lr 4.9084e-04 | norm: 0.4857 | dt: 1694.47ms | img/sec: 2417.28
step 99390 | loss: 3.097238 | lr 4.9080e-04 | norm: 0.5488 | dt: 1708.49ms | img/sec: 2397.43
step 99391 | loss: 3.053123 | lr 4.9076e-04 | norm: 0.4889 | dt: 1744.42ms | img/sec: 2348.06
step 99392 | loss: 3.045196 | lr 4.9072e-04 | norm: 0.4554 | dt: 1655.85ms | img/sec: 2473.65
step 99393 | loss: 3.139692 | lr 4.9069e-04 | norm: 0.5308 | dt: 1665.48ms | img/sec: 2459.36
step 99394 | loss: 3.070455 | lr 4.9065e-04 | norm: 0.5163 | dt: 1660.08ms | img/sec: 2467.35
step 99395 | loss: 3.070847 | lr 4.9061e-04 | norm: 0.4944 | dt: 1744.83ms | img/sec: 2347.51
step 99396 | loss: 3.049351 | lr 4.9057e-04 | norm: 0.4745 | dt: 1747.60ms | img/sec: 2343.79
step 99397 | loss: 3.099825 | lr 4.9053e-04 | norm: 0.5086 | dt: 1729.80ms | img/sec: 2367.91
step 99398 | loss: 3.033307 | lr 4.9050e-04 | norm: 0.5020 | dt: 1737.48ms | img/sec: 2357.44
step 99399 | loss: 3.061404 | lr 4.9046e-04 | norm: 0.4549 | dt: 1658.59ms | img/sec: 2469.57
step 99400 | loss: 3.082322 | lr 4.9042e-04 | norm: 0.5124 | dt: 1653.91ms | img/sec: 2476.56
step 99401 | loss: 3.110962 | lr 4.9038e-04 | norm: 0.4838 | dt: 1669.48ms | img/sec: 2453.46
step 99402 | loss: 3.031524 | lr 4.9034e-04 | norm: 0.4826 | dt: 1700.84ms | img/sec: 2408.22
step 99403 | loss: 3.083380 | lr 4.9031e-04 | norm: 0.5056 | dt: 1709.32ms | img/sec: 2396.27
step 99404 | loss: 3.022915 | lr 4.9027e-04 | norm: 0.5339 | dt: 1703.72ms | img/sec: 2404.15
step 99405 | loss: 3.001122 | lr 4.9023e-04 | norm: 0.4988 | dt: 1652.50ms | img/sec: 2478.66
step 99406 | loss: 3.035970 | lr 4.9019e-04 | norm: 0.4944 | dt: 1722.54ms | img/sec: 2377.89
step 99407 | loss: 3.058766 | lr 4.9015e-04 | norm: 0.5256 | dt: 1694.95ms | img/sec: 2416.60
step 99408 | loss: 3.128203 | lr 4.9011e-04 | norm: 0.5177 | dt: 1713.93ms | img/sec: 2389.83
step 99409 | loss: 3.073518 | lr 4.9007e-04 | norm: 0.4873 | dt: 1707.29ms | img/sec: 2399.12
step 99410 | loss: 3.064023 | lr 4.9003e-04 | norm: 0.4792 | dt: 1686.70ms | img/sec: 2428.41
step 99411 | loss: 3.102695 | lr 4.9000e-04 | norm: 0.4983 | dt: 1818.96ms | img/sec: 2251.83
step 99412 | loss: 3.022371 | lr 4.8996e-04 | norm: 0.4946 | dt: 1704.45ms | img/sec: 2403.12
step 99413 | loss: 3.057603 | lr 4.8992e-04 | norm: 0.4914 | dt: 1661.86ms | img/sec: 2464.71
step 99414 | loss: 3.040108 | lr 4.8988e-04 | norm: 0.4985 | dt: 1798.04ms | img/sec: 2278.03
step 99415 | loss: 3.071968 | lr 4.8984e-04 | norm: 0.4970 | dt: 1714.24ms | img/sec: 2389.39
step 99416 | loss: 3.011281 | lr 4.8980e-04 | norm: 0.4519 | dt: 1687.36ms | img/sec: 2427.46
step 99417 | loss: 3.160722 | lr 4.8976e-04 | norm: 0.4755 | dt: 1697.68ms | img/sec: 2412.71
step 99418 | loss: 3.061857 | lr 4.8972e-04 | norm: 0.4963 | dt: 1662.55ms | img/sec: 2463.69
step 99419 | loss: 3.051936 | lr 4.8968e-04 | norm: 0.4799 | dt: 1734.14ms | img/sec: 2361.98
step 99420 | loss: 3.152359 | lr 4.8964e-04 | norm: 0.5002 | dt: 1656.40ms | img/sec: 2472.83
step 99421 | loss: 3.087063 | lr 4.8960e-04 | norm: 0.4982 | dt: 1680.65ms | img/sec: 2437.16
step 99422 | loss: 3.016827 | lr 4.8956e-04 | norm: 0.4658 | dt: 1664.58ms | img/sec: 2460.68
step 99423 | loss: 3.066182 | lr 4.8952e-04 | norm: 0.4682 | dt: 1664.03ms | img/sec: 2461.50
step 99424 | loss: 3.096799 | lr 4.8948e-04 | norm: 0.4624 | dt: 1714.81ms | img/sec: 2388.60
step 99425 | loss: 3.017227 | lr 4.8944e-04 | norm: 0.4823 | dt: 1709.76ms | img/sec: 2395.66
step 99426 | loss: 3.061717 | lr 4.8940e-04 | norm: 0.4632 | dt: 1658.86ms | img/sec: 2469.17
step 99427 | loss: 3.138328 | lr 4.8936e-04 | norm: 0.4938 | dt: 1708.72ms | img/sec: 2397.11
step 99428 | loss: 3.064705 | lr 4.8932e-04 | norm: 0.4668 | dt: 1657.60ms | img/sec: 2471.05
step 99429 | loss: 3.087557 | lr 4.8928e-04 | norm: 0.4583 | dt: 1712.48ms | img/sec: 2391.86
step 99430 | loss: 3.025630 | lr 4.8924e-04 | norm: 0.4716 | dt: 1656.69ms | img/sec: 2472.40
step 99431 | loss: 3.083971 | lr 4.8920e-04 | norm: 0.4952 | dt: 1654.30ms | img/sec: 2475.97
step 99432 | loss: 3.095815 | lr 4.8916e-04 | norm: 0.4598 | dt: 1781.37ms | img/sec: 2299.35
step 99433 | loss: 3.131323 | lr 4.8912e-04 | norm: 0.4484 | dt: 1721.72ms | img/sec: 2379.01
step 99434 | loss: 3.115159 | lr 4.8908e-04 | norm: 0.4863 | dt: 1715.22ms | img/sec: 2388.04
step 99435 | loss: 3.056001 | lr 4.8904e-04 | norm: 0.4818 | dt: 1770.00ms | img/sec: 2314.13
step 99436 | loss: 3.042542 | lr 4.8900e-04 | norm: 0.4584 | dt: 1657.44ms | img/sec: 2471.28
step 99437 | loss: 3.039269 | lr 4.8896e-04 | norm: 0.4518 | dt: 1672.77ms | img/sec: 2448.63
step 99438 | loss: 3.034806 | lr 4.8892e-04 | norm: 0.4695 | dt: 1660.78ms | img/sec: 2466.31
step 99439 | loss: 3.118111 | lr 4.8888e-04 | norm: 0.4692 | dt: 1732.19ms | img/sec: 2364.63
step 99440 | loss: 3.079028 | lr 4.8883e-04 | norm: 0.4802 | dt: 1743.28ms | img/sec: 2349.60
step 99441 | loss: 3.074268 | lr 4.8879e-04 | norm: 0.4947 | dt: 1744.88ms | img/sec: 2347.44
step 99442 | loss: 3.033994 | lr 4.8875e-04 | norm: 0.4538 | dt: 1698.14ms | img/sec: 2412.05
step 99443 | loss: 3.061344 | lr 4.8871e-04 | norm: 0.4893 | dt: 1712.05ms | img/sec: 2392.45
step 99444 | loss: 3.054366 | lr 4.8867e-04 | norm: 0.4518 | dt: 1707.76ms | img/sec: 2398.46
step 99445 | loss: 3.110467 | lr 4.8863e-04 | norm: 0.4832 | dt: 1753.86ms | img/sec: 2335.42
step 99446 | loss: 3.076483 | lr 4.8859e-04 | norm: 0.4860 | dt: 1658.34ms | img/sec: 2469.93
step 99447 | loss: 3.048996 | lr 4.8854e-04 | norm: 0.4583 | dt: 1656.37ms | img/sec: 2472.88
step 99448 | loss: 3.064200 | lr 4.8850e-04 | norm: 0.4917 | dt: 1703.13ms | img/sec: 2404.98
step 99449 | loss: 3.032907 | lr 4.8846e-04 | norm: 0.4690 | dt: 1721.92ms | img/sec: 2378.74
step 99450 | loss: 3.109637 | lr 4.8842e-04 | norm: 0.4667 | dt: 1657.56ms | img/sec: 2471.11
step 99451 | loss: 3.047050 | lr 4.8838e-04 | norm: 0.4703 | dt: 1662.54ms | img/sec: 2463.70
step 99452 | loss: 3.063814 | lr 4.8834e-04 | norm: 0.4898 | dt: 1707.73ms | img/sec: 2398.51
step 99453 | loss: 3.131587 | lr 4.8829e-04 | norm: 0.4802 | dt: 1660.97ms | img/sec: 2466.03
step 99454 | loss: 3.006763 | lr 4.8825e-04 | norm: 0.4491 | dt: 1835.46ms | img/sec: 2231.59
step 99455 | loss: 3.028375 | lr 4.8821e-04 | norm: 0.4862 | dt: 1663.07ms | img/sec: 2462.91
step 99456 | loss: 3.068820 | lr 4.8817e-04 | norm: 0.4933 | dt: 1660.10ms | img/sec: 2467.33
step 99457 | loss: 3.130791 | lr 4.8812e-04 | norm: 0.4505 | dt: 1667.19ms | img/sec: 2456.82
step 99458 | loss: 3.053099 | lr 4.8808e-04 | norm: 0.4789 | dt: 1703.45ms | img/sec: 2404.53
step 99459 | loss: 3.021672 | lr 4.8804e-04 | norm: 0.4683 | dt: 1657.37ms | img/sec: 2471.38
step 99460 | loss: 3.079806 | lr 4.8800e-04 | norm: 0.4643 | dt: 1674.53ms | img/sec: 2446.05
step 99461 | loss: 3.078195 | lr 4.8795e-04 | norm: 0.4982 | dt: 1672.47ms | img/sec: 2449.08
step 99462 | loss: 3.081275 | lr 4.8791e-04 | norm: 0.4501 | dt: 1708.28ms | img/sec: 2397.73
step 99463 | loss: 2.990957 | lr 4.8787e-04 | norm: 0.4421 | dt: 1682.24ms | img/sec: 2434.86
step 99464 | loss: 3.059882 | lr 4.8783e-04 | norm: 0.4646 | dt: 1660.45ms | img/sec: 2466.80
step 99465 | loss: 3.002728 | lr 4.8778e-04 | norm: 0.4673 | dt: 1667.68ms | img/sec: 2456.11
step 99466 | loss: 3.109016 | lr 4.8774e-04 | norm: 0.4690 | dt: 1658.38ms | img/sec: 2469.88
step 99467 | loss: 3.067749 | lr 4.8770e-04 | norm: 0.5211 | dt: 1700.05ms | img/sec: 2409.33
step 99468 | loss: 3.002549 | lr 4.8765e-04 | norm: 0.4989 | dt: 1679.68ms | img/sec: 2438.56
step 99469 | loss: 3.119534 | lr 4.8761e-04 | norm: 0.4834 | dt: 1696.42ms | img/sec: 2414.50
step 99470 | loss: 3.089026 | lr 4.8757e-04 | norm: 0.4877 | dt: 1706.07ms | img/sec: 2400.84
step 99471 | loss: 3.078571 | lr 4.8752e-04 | norm: 0.4678 | dt: 1658.68ms | img/sec: 2469.44
step 99472 | loss: 3.085235 | lr 4.8748e-04 | norm: 0.4694 | dt: 1722.18ms | img/sec: 2378.38
step 99473 | loss: 3.033827 | lr 4.8744e-04 | norm: 0.4730 | dt: 1715.18ms | img/sec: 2388.09
step 99474 | loss: 3.024723 | lr 4.8739e-04 | norm: 0.4481 | dt: 1763.18ms | img/sec: 2323.07
step 99475 | loss: 3.020448 | lr 4.8735e-04 | norm: 0.4917 | dt: 1676.58ms | img/sec: 2443.06
step 99476 | loss: 3.015592 | lr 4.8731e-04 | norm: 0.4568 | dt: 1690.45ms | img/sec: 2423.03
step 99477 | loss: 3.072052 | lr 4.8726e-04 | norm: 0.4882 | dt: 1892.00ms | img/sec: 2164.90
step 99478 | loss: 3.034193 | lr 4.8722e-04 | norm: 0.4569 | dt: 1659.95ms | img/sec: 2467.54
step 99479 | loss: 3.100425 | lr 4.8717e-04 | norm: 0.5004 | dt: 1649.32ms | img/sec: 2483.44
step 99480 | loss: 3.071066 | lr 4.8713e-04 | norm: 0.4637 | dt: 1691.73ms | img/sec: 2421.19
step 99481 | loss: 3.041505 | lr 4.8709e-04 | norm: 0.4868 | dt: 1651.96ms | img/sec: 2479.48
step 99482 | loss: 2.999588 | lr 4.8704e-04 | norm: 0.4805 | dt: 1654.46ms | img/sec: 2475.73
step 99483 | loss: 3.087941 | lr 4.8700e-04 | norm: 0.4862 | dt: 1654.13ms | img/sec: 2476.22
step 99484 | loss: 3.049198 | lr 4.8695e-04 | norm: 0.4903 | dt: 1659.53ms | img/sec: 2468.16
step 99485 | loss: 3.052279 | lr 4.8691e-04 | norm: 0.4570 | dt: 1712.73ms | img/sec: 2391.51
step 99486 | loss: 3.001276 | lr 4.8687e-04 | norm: 0.4588 | dt: 1650.67ms | img/sec: 2481.42
step 99487 | loss: 3.016086 | lr 4.8682e-04 | norm: 0.4540 | dt: 1700.70ms | img/sec: 2408.42
step 99488 | loss: 3.039853 | lr 4.8678e-04 | norm: 0.4851 | dt: 1654.58ms | img/sec: 2475.56
step 99489 | loss: 3.094921 | lr 4.8673e-04 | norm: 0.4682 | dt: 1665.01ms | img/sec: 2460.05
step 99490 | loss: 3.113591 | lr 4.8669e-04 | norm: 0.4791 | dt: 1654.68ms | img/sec: 2475.40
step 99491 | loss: 3.046920 | lr 4.8664e-04 | norm: 0.4790 | dt: 1711.77ms | img/sec: 2392.85
step 99492 | loss: 3.037467 | lr 4.8660e-04 | norm: 0.4936 | dt: 1660.39ms | img/sec: 2466.89
step 99493 | loss: 3.040632 | lr 4.8655e-04 | norm: 0.4771 | dt: 1691.19ms | img/sec: 2421.96
step 99494 | loss: 3.107167 | lr 4.8651e-04 | norm: 0.4991 | dt: 1667.70ms | img/sec: 2456.07
step 99495 | loss: 3.078636 | lr 4.8646e-04 | norm: 0.5299 | dt: 1661.58ms | img/sec: 2465.13
step 99496 | loss: 3.045463 | lr 4.8642e-04 | norm: 0.4632 | dt: 1655.77ms | img/sec: 2473.77
step 99497 | loss: 3.041679 | lr 4.8637e-04 | norm: 0.4710 | dt: 1658.51ms | img/sec: 2469.68
step 99498 | loss: 3.040730 | lr 4.8633e-04 | norm: 0.4658 | dt: 1727.44ms | img/sec: 2371.14
step 99499 | loss: 3.055948 | lr 4.8628e-04 | norm: 0.4806 | dt: 1654.73ms | img/sec: 2475.32
step 99500 | val_loss 1.8097 | val_acc 59.30%
step 99500 | loss: 3.074701 | lr 4.8623e-04 | norm: 0.4745 | dt: 4149.78ms | img/sec: 987.04
step 99501 | loss: 3.021506 | lr 4.8619e-04 | norm: 0.4732 | dt: 1858.15ms | img/sec: 2204.34
step 99502 | loss: 2.993897 | lr 4.8614e-04 | norm: 0.4948 | dt: 1735.60ms | img/sec: 2359.99
step 99503 | loss: 3.041191 | lr 4.8610e-04 | norm: 0.4661 | dt: 1656.21ms | img/sec: 2473.12
step 99504 | loss: 3.095071 | lr 4.8605e-04 | norm: 0.4911 | dt: 1660.45ms | img/sec: 2466.81
step 99505 | loss: 3.100680 | lr 4.8601e-04 | norm: 0.4916 | dt: 1737.51ms | img/sec: 2357.40
step 99506 | loss: 3.057808 | lr 4.8596e-04 | norm: 0.4803 | dt: 1653.79ms | img/sec: 2476.74
step 99507 | loss: 3.070503 | lr 4.8591e-04 | norm: 0.4650 | dt: 1653.70ms | img/sec: 2476.87
step 99508 | loss: 3.051016 | lr 4.8587e-04 | norm: 0.5135 | dt: 1699.36ms | img/sec: 2410.31
step 99509 | loss: 2.983127 | lr 4.8582e-04 | norm: 0.4577 | dt: 1740.00ms | img/sec: 2354.03
step 99510 | loss: 3.131001 | lr 4.8578e-04 | norm: 0.4777 | dt: 1652.57ms | img/sec: 2478.56
step 99511 | loss: 3.078138 | lr 4.8573e-04 | norm: 0.4923 | dt: 1715.98ms | img/sec: 2386.97
step 99512 | loss: 3.072314 | lr 4.8568e-04 | norm: 0.4667 | dt: 1655.53ms | img/sec: 2474.13
step 99513 | loss: 3.070123 | lr 4.8564e-04 | norm: 0.4743 | dt: 1697.21ms | img/sec: 2413.37
step 99514 | loss: 3.097360 | lr 4.8559e-04 | norm: 0.4939 | dt: 1663.00ms | img/sec: 2463.01
step 99515 | loss: 3.031908 | lr 4.8554e-04 | norm: 0.4687 | dt: 1654.86ms | img/sec: 2475.14
step 99516 | loss: 3.059393 | lr 4.8550e-04 | norm: 0.5072 | dt: 1689.23ms | img/sec: 2424.78
step 99517 | loss: 3.021513 | lr 4.8545e-04 | norm: 0.4766 | dt: 1694.43ms | img/sec: 2417.33
step 99518 | loss: 3.101428 | lr 4.8540e-04 | norm: 0.4775 | dt: 1654.52ms | img/sec: 2475.64
step 99519 | loss: 3.056526 | lr 4.8536e-04 | norm: 0.5001 | dt: 1663.36ms | img/sec: 2462.48
step 99520 | loss: 3.092471 | lr 4.8531e-04 | norm: 0.4976 | dt: 1650.06ms | img/sec: 2482.34
step 99521 | loss: 3.081920 | lr 4.8526e-04 | norm: 0.4893 | dt: 1651.45ms | img/sec: 2480.24
step 99522 | loss: 3.055753 | lr 4.8522e-04 | norm: 0.4720 | dt: 1656.26ms | img/sec: 2473.03
step 99523 | loss: 3.085858 | lr 4.8517e-04 | norm: 0.4732 | dt: 1656.74ms | img/sec: 2472.33
step 99524 | loss: 3.095547 | lr 4.8512e-04 | norm: 0.4766 | dt: 1660.55ms | img/sec: 2466.65
step 99525 | loss: 3.019988 | lr 4.8507e-04 | norm: 0.4906 | dt: 5833.32ms | img/sec: 702.17
step 99526 | loss: 3.027245 | lr 4.8503e-04 | norm: 0.4638 | dt: 1688.72ms | img/sec: 2425.51
step 99527 | loss: 3.105912 | lr 4.8498e-04 | norm: 0.4762 | dt: 1652.72ms | img/sec: 2478.33
step 99528 | loss: 3.111625 | lr 4.8493e-04 | norm: 0.5129 | dt: 1651.51ms | img/sec: 2480.15
step 99529 | loss: 3.025797 | lr 4.8488e-04 | norm: 0.4542 | dt: 1651.90ms | img/sec: 2479.57
step 99530 | loss: 3.032604 | lr 4.8484e-04 | norm: 0.4737 | dt: 1684.48ms | img/sec: 2431.61
step 99531 | loss: 3.087543 | lr 4.8479e-04 | norm: 0.4883 | dt: 1704.69ms | img/sec: 2402.78
step 99532 | loss: 3.075853 | lr 4.8474e-04 | norm: 0.5075 | dt: 1707.01ms | img/sec: 2399.51
step 99533 | loss: 3.044611 | lr 4.8469e-04 | norm: 0.4833 | dt: 1720.01ms | img/sec: 2381.39
step 99534 | loss: 2.983255 | lr 4.8464e-04 | norm: 0.4696 | dt: 1655.63ms | img/sec: 2473.99
step 99535 | loss: 3.106126 | lr 4.8460e-04 | norm: 0.4777 | dt: 1655.89ms | img/sec: 2473.59
step 99536 | loss: 3.069728 | lr 4.8455e-04 | norm: 0.4916 | dt: 1655.96ms | img/sec: 2473.49
step 99537 | loss: 3.062912 | lr 4.8450e-04 | norm: 0.4964 | dt: 1656.35ms | img/sec: 2472.91
step 99538 | loss: 3.007170 | lr 4.8445e-04 | norm: 0.4714 | dt: 1675.07ms | img/sec: 2445.27
step 99539 | loss: 3.071626 | lr 4.8440e-04 | norm: 0.5158 | dt: 1647.58ms | img/sec: 2486.07
step 99540 | loss: 3.080730 | lr 4.8436e-04 | norm: 0.4899 | dt: 1718.45ms | img/sec: 2383.55
step 99541 | loss: 3.013841 | lr 4.8431e-04 | norm: 0.5157 | dt: 1723.58ms | img/sec: 2376.44
step 99542 | loss: 3.049691 | lr 4.8426e-04 | norm: 0.4619 | dt: 1660.19ms | img/sec: 2467.19
step 99543 | loss: 3.030125 | lr 4.8421e-04 | norm: 0.4984 | dt: 1667.53ms | img/sec: 2456.32
step 99544 | loss: 2.993947 | lr 4.8416e-04 | norm: 0.4956 | dt: 1661.62ms | img/sec: 2465.06
step 99545 | loss: 2.996468 | lr 4.8411e-04 | norm: 0.4739 | dt: 1654.46ms | img/sec: 2475.73
step 99546 | loss: 3.073504 | lr 4.8406e-04 | norm: 0.4905 | dt: 1720.89ms | img/sec: 2380.16
step 99547 | loss: 3.040189 | lr 4.8401e-04 | norm: 0.4615 | dt: 1726.99ms | img/sec: 2371.76
step 99548 | loss: 3.070142 | lr 4.8397e-04 | norm: 0.5060 | dt: 1674.69ms | img/sec: 2445.83
step 99549 | loss: 3.106825 | lr 4.8392e-04 | norm: 0.4565 | dt: 1661.41ms | img/sec: 2465.38
step 99550 | loss: 3.024181 | lr 4.8387e-04 | norm: 0.4541 | dt: 1665.04ms | img/sec: 2460.00
step 99551 | loss: 3.122204 | lr 4.8382e-04 | norm: 0.5219 | dt: 1665.31ms | img/sec: 2459.60
step 99552 | loss: 2.992888 | lr 4.8377e-04 | norm: 0.5027 | dt: 1650.24ms | img/sec: 2482.07
step 99553 | loss: 3.060370 | lr 4.8372e-04 | norm: 0.4519 | dt: 1651.56ms | img/sec: 2480.08
step 99554 | loss: 3.118574 | lr 4.8367e-04 | norm: 0.4850 | dt: 1784.40ms | img/sec: 2295.45
step 99555 | loss: 3.002526 | lr 4.8362e-04 | norm: 0.4856 | dt: 1716.81ms | img/sec: 2385.82
step 99556 | loss: 3.074780 | lr 4.8357e-04 | norm: 0.4771 | dt: 1672.87ms | img/sec: 2448.48
step 99557 | loss: 3.023709 | lr 4.8352e-04 | norm: 0.4863 | dt: 1667.37ms | img/sec: 2456.56
step 99558 | loss: 3.080870 | lr 4.8347e-04 | norm: 0.4657 | dt: 1672.60ms | img/sec: 2448.88
step 99559 | loss: 3.113861 | lr 4.8342e-04 | norm: 0.5229 | dt: 1658.99ms | img/sec: 2468.98
step 99560 | loss: 2.962476 | lr 4.8337e-04 | norm: 0.5044 | dt: 1791.36ms | img/sec: 2286.53
step 99561 | loss: 3.073340 | lr 4.8332e-04 | norm: 0.4929 | dt: 1677.30ms | img/sec: 2442.02
step 99562 | loss: 3.085528 | lr 4.8327e-04 | norm: 0.5308 | dt: 1654.43ms | img/sec: 2475.78
step 99563 | loss: 3.045002 | lr 4.8322e-04 | norm: 0.5208 | dt: 1686.23ms | img/sec: 2429.08
step 99564 | loss: 3.036607 | lr 4.8317e-04 | norm: 0.4720 | dt: 1656.74ms | img/sec: 2472.33
step 99565 | loss: 3.004983 | lr 4.8312e-04 | norm: 0.4674 | dt: 1660.28ms | img/sec: 2467.06
step 99566 | loss: 3.076617 | lr 4.8307e-04 | norm: 0.5330 | dt: 1705.06ms | img/sec: 2402.26
step 99567 | loss: 3.071940 | lr 4.8302e-04 | norm: 0.4874 | dt: 1679.11ms | img/sec: 2439.39
step 99568 | loss: 3.062737 | lr 4.8297e-04 | norm: 0.4844 | dt: 1658.79ms | img/sec: 2469.26
step 99569 | loss: 2.984702 | lr 4.8292e-04 | norm: 0.4763 | dt: 1657.50ms | img/sec: 2471.20
step 99570 | loss: 2.977181 | lr 4.8287e-04 | norm: 0.4625 | dt: 1699.62ms | img/sec: 2409.96
step 99571 | loss: 3.049517 | lr 4.8282e-04 | norm: 0.4967 | dt: 1680.61ms | img/sec: 2437.20
step 99572 | loss: 2.996317 | lr 4.8277e-04 | norm: 0.4839 | dt: 1652.75ms | img/sec: 2478.29
step 99573 | loss: 3.095962 | lr 4.8272e-04 | norm: 0.4953 | dt: 1656.44ms | img/sec: 2472.78
step 99574 | loss: 3.036245 | lr 4.8267e-04 | norm: 0.5281 | dt: 1718.55ms | img/sec: 2383.41
step 99575 | loss: 3.005898 | lr 4.8262e-04 | norm: 0.4702 | dt: 1683.00ms | img/sec: 2433.74
step 99576 | loss: 3.013349 | lr 4.8256e-04 | norm: 0.4767 | dt: 1661.74ms | img/sec: 2464.89
step 99577 | loss: 3.052485 | lr 4.8251e-04 | norm: 0.4542 | dt: 1668.41ms | img/sec: 2455.03
step 99578 | loss: 3.064742 | lr 4.8246e-04 | norm: 0.4754 | dt: 1657.18ms | img/sec: 2471.66
step 99579 | loss: 3.098716 | lr 4.8241e-04 | norm: 0.4914 | dt: 1678.03ms | img/sec: 2440.95
step 99580 | loss: 3.108985 | lr 4.8236e-04 | norm: 0.4827 | dt: 1655.68ms | img/sec: 2473.91
step 99581 | loss: 3.019012 | lr 4.8231e-04 | norm: 0.4832 | dt: 1739.62ms | img/sec: 2354.53
step 99582 | loss: 3.046451 | lr 4.8226e-04 | norm: 0.5092 | dt: 1657.81ms | img/sec: 2470.74
step 99583 | loss: 3.004503 | lr 4.8221e-04 | norm: 0.4824 | dt: 1703.46ms | img/sec: 2404.51
step 99584 | loss: 3.037570 | lr 4.8215e-04 | norm: 0.4914 | dt: 1708.12ms | img/sec: 2397.95
step 99585 | loss: 3.050197 | lr 4.8210e-04 | norm: 0.5160 | dt: 1670.63ms | img/sec: 2451.77
step 99586 | loss: 3.013689 | lr 4.8205e-04 | norm: 0.4838 | dt: 1684.48ms | img/sec: 2431.61
step 99587 | loss: 3.004061 | lr 4.8200e-04 | norm: 0.4556 | dt: 1658.51ms | img/sec: 2469.68
step 99588 | loss: 3.114753 | lr 4.8195e-04 | norm: 0.4897 | dt: 1663.41ms | img/sec: 2462.41
step 99589 | loss: 3.072100 | lr 4.8189e-04 | norm: 0.5095 | dt: 1661.75ms | img/sec: 2464.88
step 99590 | loss: 3.083394 | lr 4.8184e-04 | norm: 0.4761 | dt: 1654.67ms | img/sec: 2475.42
step 99591 | loss: 2.988179 | lr 4.8179e-04 | norm: 0.4947 | dt: 1708.78ms | img/sec: 2397.03
step 99592 | loss: 3.048800 | lr 4.8174e-04 | norm: 0.4634 | dt: 1659.26ms | img/sec: 2468.56
step 99593 | loss: 3.025650 | lr 4.8169e-04 | norm: 0.4650 | dt: 1660.66ms | img/sec: 2466.49
step 99594 | loss: 3.023690 | lr 4.8163e-04 | norm: 0.4980 | dt: 1660.15ms | img/sec: 2467.25
step 99595 | loss: 3.043794 | lr 4.8158e-04 | norm: 0.4897 | dt: 1661.83ms | img/sec: 2464.75
step 99596 | loss: 3.015274 | lr 4.8153e-04 | norm: 0.4933 | dt: 1747.74ms | img/sec: 2343.60
step 99597 | loss: 3.088722 | lr 4.8148e-04 | norm: 0.5094 | dt: 1692.04ms | img/sec: 2420.75
step 99598 | loss: 3.047947 | lr 4.8142e-04 | norm: 0.4866 | dt: 1693.98ms | img/sec: 2417.97
step 99599 | loss: 3.099032 | lr 4.8137e-04 | norm: 0.4696 | dt: 1727.81ms | img/sec: 2370.63
step 99600 | loss: 2.986089 | lr 4.8132e-04 | norm: 0.4646 | dt: 1749.34ms | img/sec: 2341.46
step 99601 | loss: 3.063306 | lr 4.8127e-04 | norm: 0.5014 | dt: 1665.08ms | img/sec: 2459.94
step 99602 | loss: 3.058679 | lr 4.8121e-04 | norm: 0.4848 | dt: 1747.65ms | img/sec: 2343.71
step 99603 | loss: 2.985362 | lr 4.8116e-04 | norm: 0.4760 | dt: 1660.71ms | img/sec: 2466.41
step 99604 | loss: 3.029745 | lr 4.8111e-04 | norm: 0.4622 | dt: 1723.71ms | img/sec: 2376.27
step 99605 | loss: 3.055685 | lr 4.8105e-04 | norm: 0.4839 | dt: 1722.96ms | img/sec: 2377.31
step 99606 | loss: 3.033544 | lr 4.8100e-04 | norm: 0.4473 | dt: 1738.58ms | img/sec: 2355.95
step 99607 | loss: 3.009752 | lr 4.8095e-04 | norm: 0.4879 | dt: 1703.89ms | img/sec: 2403.91
step 99608 | loss: 3.006422 | lr 4.8089e-04 | norm: 0.4548 | dt: 1688.05ms | img/sec: 2426.47
step 99609 | loss: 2.943192 | lr 4.8084e-04 | norm: 0.4406 | dt: 1757.92ms | img/sec: 2330.03
step 99610 | loss: 3.042717 | lr 4.8079e-04 | norm: 0.4808 | dt: 1650.21ms | img/sec: 2482.10
step 99611 | loss: 3.043966 | lr 4.8073e-04 | norm: 0.4878 | dt: 1737.93ms | img/sec: 2356.83
step 99612 | loss: 3.042277 | lr 4.8068e-04 | norm: 0.4677 | dt: 1657.62ms | img/sec: 2471.02
step 99613 | loss: 2.960454 | lr 4.8063e-04 | norm: 0.4717 | dt: 1656.29ms | img/sec: 2473.00
step 99614 | loss: 2.994012 | lr 4.8057e-04 | norm: 0.4739 | dt: 1660.15ms | img/sec: 2467.25
step 99615 | loss: 3.003445 | lr 4.8052e-04 | norm: 0.4958 | dt: 1688.89ms | img/sec: 2425.26
step 99616 | loss: 2.963892 | lr 4.8047e-04 | norm: 0.4727 | dt: 1699.62ms | img/sec: 2409.95
step 99617 | loss: 3.054407 | lr 4.8041e-04 | norm: 0.4767 | dt: 1672.46ms | img/sec: 2449.09
step 99618 | loss: 3.021643 | lr 4.8036e-04 | norm: 0.4985 | dt: 1704.54ms | img/sec: 2402.99
step 99619 | loss: 3.021919 | lr 4.8030e-04 | norm: 0.4830 | dt: 1706.45ms | img/sec: 2400.30
step 99620 | loss: 2.999375 | lr 4.8025e-04 | norm: 0.4854 | dt: 1658.38ms | img/sec: 2469.88
step 99621 | loss: 3.038267 | lr 4.8019e-04 | norm: 0.4922 | dt: 1671.66ms | img/sec: 2450.26
step 99622 | loss: 2.987249 | lr 4.8014e-04 | norm: 0.4883 | dt: 1688.75ms | img/sec: 2425.47
step 99623 | loss: 2.981622 | lr 4.8009e-04 | norm: 0.4988 | dt: 1736.07ms | img/sec: 2359.35
step 99624 | loss: 3.041113 | lr 4.8003e-04 | norm: 0.4980 | dt: 1836.64ms | img/sec: 2230.15
step 99625 | loss: 2.955667 | lr 4.7998e-04 | norm: 0.4847 | dt: 1658.93ms | img/sec: 2469.06
step 99626 | loss: 3.069186 | lr 4.7992e-04 | norm: 0.5171 | dt: 1660.02ms | img/sec: 2467.44
step 99627 | loss: 3.024839 | lr 4.7987e-04 | norm: 0.4697 | dt: 1789.11ms | img/sec: 2289.41
step 99628 | loss: 2.996182 | lr 4.7981e-04 | norm: 0.4509 | dt: 1717.96ms | img/sec: 2384.23
step 99629 | loss: 2.993651 | lr 4.7976e-04 | norm: 0.4568 | dt: 1670.27ms | img/sec: 2452.30
step 99630 | loss: 3.016608 | lr 4.7970e-04 | norm: 0.4530 | dt: 1654.52ms | img/sec: 2475.64
step 99631 | loss: 3.001652 | lr 4.7965e-04 | norm: 0.4658 | dt: 1660.43ms | img/sec: 2466.83
step 99632 | loss: 3.040292 | lr 4.7959e-04 | norm: 0.4840 | dt: 1656.41ms | img/sec: 2472.81
step 99633 | loss: 3.069263 | lr 4.7954e-04 | norm: 0.4984 | dt: 1726.16ms | img/sec: 2372.90
step 99634 | loss: 2.996592 | lr 4.7948e-04 | norm: 0.4736 | dt: 1729.10ms | img/sec: 2368.86
step 99635 | loss: 3.041552 | lr 4.7943e-04 | norm: 0.4889 | dt: 1656.79ms | img/sec: 2472.25
step 99636 | loss: 3.061579 | lr 4.7937e-04 | norm: 0.4624 | dt: 1747.37ms | img/sec: 2344.09
step 99637 | loss: 3.070400 | lr 4.7932e-04 | norm: 0.4955 | dt: 1652.88ms | img/sec: 2478.10
step 99638 | loss: 3.065455 | lr 4.7926e-04 | norm: 0.4896 | dt: 1656.34ms | img/sec: 2472.92
step 99639 | loss: 3.084297 | lr 4.7921e-04 | norm: 0.4945 | dt: 1703.05ms | img/sec: 2405.09
step 99640 | loss: 3.028866 | lr 4.7915e-04 | norm: 0.5016 | dt: 1704.87ms | img/sec: 2402.54
step 99641 | loss: 3.108432 | lr 4.7910e-04 | norm: 0.4682 | dt: 1663.00ms | img/sec: 2463.02
step 99642 | loss: 3.060670 | lr 4.7904e-04 | norm: 0.4855 | dt: 1665.69ms | img/sec: 2459.05
step 99643 | loss: 3.059098 | lr 4.7898e-04 | norm: 0.5047 | dt: 1701.79ms | img/sec: 2406.87
step 99644 | loss: 3.018178 | lr 4.7893e-04 | norm: 0.4903 | dt: 1731.62ms | img/sec: 2365.41
step 99645 | loss: 3.118411 | lr 4.7887e-04 | norm: 0.4959 | dt: 1673.57ms | img/sec: 2447.46
step 99646 | loss: 3.031405 | lr 4.7882e-04 | norm: 0.4653 | dt: 1693.09ms | img/sec: 2419.25
step 99647 | loss: 3.070022 | lr 4.7876e-04 | norm: 0.5118 | dt: 1703.74ms | img/sec: 2404.12
step 99648 | loss: 3.008502 | lr 4.7870e-04 | norm: 0.4843 | dt: 1684.31ms | img/sec: 2431.86
step 99649 | loss: 3.046401 | lr 4.7865e-04 | norm: 0.4736 | dt: 1686.27ms | img/sec: 2429.04
step 99650 | loss: 3.070649 | lr 4.7859e-04 | norm: 0.5079 | dt: 1654.22ms | img/sec: 2476.09
step 99651 | loss: 2.955998 | lr 4.7853e-04 | norm: 0.4898 | dt: 1704.31ms | img/sec: 2403.32
step 99652 | loss: 3.066300 | lr 4.7848e-04 | norm: 0.5017 | dt: 1655.13ms | img/sec: 2474.73
step 99653 | loss: 3.117551 | lr 4.7842e-04 | norm: 0.5242 | dt: 1675.06ms | img/sec: 2445.29
step 99654 | loss: 3.028009 | lr 4.7837e-04 | norm: 0.4771 | dt: 1651.05ms | img/sec: 2480.84
step 99655 | loss: 3.071859 | lr 4.7831e-04 | norm: 0.4898 | dt: 1678.67ms | img/sec: 2440.02
step 99656 | loss: 3.094317 | lr 4.7825e-04 | norm: 0.5120 | dt: 1773.18ms | img/sec: 2309.98
step 99657 | loss: 3.047048 | lr 4.7820e-04 | norm: 0.4688 | dt: 1715.83ms | img/sec: 2387.19
step 99658 | loss: 3.020277 | lr 4.7814e-04 | norm: 0.4712 | dt: 1737.56ms | img/sec: 2357.33
step 99659 | loss: 3.042277 | lr 4.7808e-04 | norm: 0.5046 | dt: 1733.48ms | img/sec: 2362.88
step 99660 | loss: 3.060792 | lr 4.7802e-04 | norm: 0.4548 | dt: 1741.91ms | img/sec: 2351.44
step 99661 | loss: 3.023269 | lr 4.7797e-04 | norm: 0.4812 | dt: 1666.68ms | img/sec: 2457.58
step 99662 | loss: 3.010279 | lr 4.7791e-04 | norm: 0.4768 | dt: 1662.53ms | img/sec: 2463.71
step 99663 | loss: 3.016045 | lr 4.7785e-04 | norm: 0.4716 | dt: 1689.37ms | img/sec: 2424.57
step 99664 | loss: 3.097492 | lr 4.7780e-04 | norm: 0.4684 | dt: 1697.71ms | img/sec: 2412.66
step 99665 | loss: 3.015584 | lr 4.7774e-04 | norm: 0.4560 | dt: 1659.91ms | img/sec: 2467.61
step 99666 | loss: 3.052018 | lr 4.7768e-04 | norm: 0.5157 | dt: 1832.87ms | img/sec: 2234.75
step 99667 | loss: 3.040443 | lr 4.7762e-04 | norm: 0.5050 | dt: 1662.16ms | img/sec: 2464.27
step 99668 | loss: 3.024568 | lr 4.7757e-04 | norm: 0.4561 | dt: 1766.49ms | img/sec: 2318.73
step 99669 | loss: 2.962579 | lr 4.7751e-04 | norm: 0.4694 | dt: 1664.88ms | img/sec: 2460.24
step 99670 | loss: 2.994980 | lr 4.7745e-04 | norm: 0.4717 | dt: 1682.70ms | img/sec: 2434.18
step 99671 | loss: 3.092124 | lr 4.7739e-04 | norm: 0.4734 | dt: 1672.40ms | img/sec: 2449.17
step 99672 | loss: 3.059252 | lr 4.7733e-04 | norm: 0.5014 | dt: 1705.75ms | img/sec: 2401.29
step 99673 | loss: 3.071493 | lr 4.7728e-04 | norm: 0.4628 | dt: 1664.14ms | img/sec: 2461.33
step 99674 | loss: 2.994218 | lr 4.7722e-04 | norm: 0.4771 | dt: 1730.88ms | img/sec: 2366.43
step 99675 | loss: 2.994500 | lr 4.7716e-04 | norm: 0.4604 | dt: 1670.49ms | img/sec: 2451.97
step 99676 | loss: 2.999171 | lr 4.7710e-04 | norm: 0.4949 | dt: 1658.70ms | img/sec: 2469.41
step 99677 | loss: 3.021623 | lr 4.7704e-04 | norm: 0.4707 | dt: 1653.85ms | img/sec: 2476.65
step 99678 | loss: 2.992703 | lr 4.7699e-04 | norm: 0.4643 | dt: 1686.36ms | img/sec: 2428.90
step 99679 | loss: 2.985325 | lr 4.7693e-04 | norm: 0.4644 | dt: 1655.39ms | img/sec: 2474.34
step 99680 | loss: 3.041640 | lr 4.7687e-04 | norm: 0.4791 | dt: 1687.29ms | img/sec: 2427.56
step 99681 | loss: 3.077737 | lr 4.7681e-04 | norm: 0.4791 | dt: 1747.31ms | img/sec: 2344.18
step 99682 | loss: 3.050271 | lr 4.7675e-04 | norm: 0.5201 | dt: 1661.23ms | img/sec: 2465.64
step 99683 | loss: 3.011610 | lr 4.7669e-04 | norm: 0.4832 | dt: 1660.12ms | img/sec: 2467.29
step 99684 | loss: 2.957532 | lr 4.7664e-04 | norm: 0.4668 | dt: 1652.93ms | img/sec: 2478.02
step 99685 | loss: 2.985170 | lr 4.7658e-04 | norm: 0.4766 | dt: 1671.32ms | img/sec: 2450.75
step 99686 | loss: 3.072595 | lr 4.7652e-04 | norm: 0.4966 | dt: 1657.20ms | img/sec: 2471.64
step 99687 | loss: 3.083002 | lr 4.7646e-04 | norm: 0.4819 | dt: 1767.59ms | img/sec: 2317.28
step 99688 | loss: 3.066973 | lr 4.7640e-04 | norm: 0.4610 | dt: 1751.17ms | img/sec: 2339.01
step 99689 | loss: 3.030730 | lr 4.7634e-04 | norm: 0.4658 | dt: 1661.69ms | img/sec: 2464.96
step 99690 | loss: 3.066773 | lr 4.7628e-04 | norm: 0.5155 | dt: 1667.76ms | img/sec: 2455.98
step 99691 | loss: 3.030504 | lr 4.7622e-04 | norm: 0.4838 | dt: 1652.26ms | img/sec: 2479.03
step 99692 | loss: 3.009276 | lr 4.7616e-04 | norm: 0.4752 | dt: 1693.08ms | img/sec: 2419.26
step 99693 | loss: 2.930771 | lr 4.7610e-04 | norm: 0.4687 | dt: 1657.34ms | img/sec: 2471.42
step 99694 | loss: 3.077742 | lr 4.7604e-04 | norm: 0.4684 | dt: 1734.24ms | img/sec: 2361.85
step 99695 | loss: 3.060448 | lr 4.7599e-04 | norm: 0.4716 | dt: 1653.80ms | img/sec: 2476.71
step 99696 | loss: 2.969875 | lr 4.7593e-04 | norm: 0.4789 | dt: 1665.95ms | img/sec: 2458.66
step 99697 | loss: 3.035234 | lr 4.7587e-04 | norm: 0.4720 | dt: 1687.00ms | img/sec: 2427.98
step 99698 | loss: 3.017515 | lr 4.7581e-04 | norm: 0.4639 | dt: 1674.22ms | img/sec: 2446.51
step 99699 | loss: 2.954928 | lr 4.7575e-04 | norm: 0.4732 | dt: 1730.43ms | img/sec: 2367.04
step 99700 | loss: 3.005254 | lr 4.7569e-04 | norm: 0.4797 | dt: 1651.65ms | img/sec: 2479.94
step 99701 | loss: 3.054457 | lr 4.7563e-04 | norm: 0.5037 | dt: 1657.57ms | img/sec: 2471.09
step 99702 | loss: 2.989998 | lr 4.7557e-04 | norm: 0.4714 | dt: 1656.08ms | img/sec: 2473.30
step 99703 | loss: 3.117980 | lr 4.7551e-04 | norm: 0.4734 | dt: 1663.76ms | img/sec: 2461.90
step 99704 | loss: 3.097023 | lr 4.7545e-04 | norm: 0.5027 | dt: 1655.91ms | img/sec: 2473.57
step 99705 | loss: 3.012574 | lr 4.7539e-04 | norm: 0.5226 | dt: 1691.01ms | img/sec: 2422.22
step 99706 | loss: 3.032644 | lr 4.7533e-04 | norm: 0.4805 | dt: 1658.07ms | img/sec: 2470.33
step 99707 | loss: 3.032315 | lr 4.7527e-04 | norm: 0.4896 | dt: 1698.39ms | img/sec: 2411.70
step 99708 | loss: 3.028885 | lr 4.7521e-04 | norm: 0.4904 | dt: 1735.49ms | img/sec: 2360.14
step 99709 | loss: 3.056671 | lr 4.7515e-04 | norm: 0.5047 | dt: 1659.04ms | img/sec: 2468.90
step 99710 | loss: 3.007514 | lr 4.7508e-04 | norm: 0.4569 | dt: 1670.29ms | img/sec: 2452.27
step 99711 | loss: 3.042544 | lr 4.7502e-04 | norm: 0.4941 | dt: 1756.78ms | img/sec: 2331.54
step 99712 | loss: 3.116005 | lr 4.7496e-04 | norm: 0.4758 | dt: 1724.15ms | img/sec: 2375.66
step 99713 | loss: 3.012570 | lr 4.7490e-04 | norm: 0.4686 | dt: 1668.46ms | img/sec: 2454.96
step 99714 | loss: 3.062556 | lr 4.7484e-04 | norm: 0.4898 | dt: 1656.07ms | img/sec: 2473.32
step 99715 | loss: 3.050873 | lr 4.7478e-04 | norm: 0.4805 | dt: 1657.63ms | img/sec: 2471.00
step 99716 | loss: 2.977677 | lr 4.7472e-04 | norm: 0.5056 | dt: 1697.86ms | img/sec: 2412.46
step 99717 | loss: 3.030673 | lr 4.7466e-04 | norm: 0.4745 | dt: 1659.30ms | img/sec: 2468.51
step 99718 | loss: 3.021414 | lr 4.7460e-04 | norm: 0.4918 | dt: 1654.71ms | img/sec: 2475.35
step 99719 | loss: 3.122544 | lr 4.7454e-04 | norm: 0.5185 | dt: 1696.90ms | img/sec: 2413.82
step 99720 | loss: 3.076189 | lr 4.7448e-04 | norm: 0.5005 | dt: 1657.83ms | img/sec: 2470.70
step 99721 | loss: 3.105405 | lr 4.7441e-04 | norm: 0.4923 | dt: 1700.98ms | img/sec: 2408.02
step 99722 | loss: 3.038976 | lr 4.7435e-04 | norm: 0.4904 | dt: 1679.46ms | img/sec: 2438.87
step 99723 | loss: 2.993594 | lr 4.7429e-04 | norm: 0.4942 | dt: 1655.98ms | img/sec: 2473.46
step 99724 | loss: 3.010505 | lr 4.7423e-04 | norm: 0.4507 | dt: 1655.89ms | img/sec: 2473.59
step 99725 | loss: 3.019652 | lr 4.7417e-04 | norm: 0.4928 | dt: 1684.21ms | img/sec: 2432.00
step 99726 | loss: 3.008403 | lr 4.7411e-04 | norm: 0.4787 | dt: 1728.77ms | img/sec: 2369.32
step 99727 | loss: 2.946773 | lr 4.7405e-04 | norm: 0.4949 | dt: 1715.44ms | img/sec: 2387.72
step 99728 | loss: 2.946038 | lr 4.7398e-04 | norm: 0.4722 | dt: 1661.23ms | img/sec: 2465.64
step 99729 | loss: 3.030964 | lr 4.7392e-04 | norm: 0.5269 | dt: 1702.70ms | img/sec: 2405.58
step 99730 | loss: 3.065950 | lr 4.7386e-04 | norm: 0.5011 | dt: 1669.26ms | img/sec: 2453.78
step 99731 | loss: 2.972724 | lr 4.7380e-04 | norm: 0.4784 | dt: 1786.84ms | img/sec: 2292.32
step 99732 | loss: 3.039949 | lr 4.7374e-04 | norm: 0.4775 | dt: 1713.01ms | img/sec: 2391.11
step 99733 | loss: 3.071696 | lr 4.7367e-04 | norm: 0.4703 | dt: 1810.03ms | img/sec: 2262.95
step 99734 | loss: 2.994987 | lr 4.7361e-04 | norm: 0.4753 | dt: 1659.04ms | img/sec: 2468.90
step 99735 | loss: 3.004706 | lr 4.7355e-04 | norm: 0.4798 | dt: 1665.26ms | img/sec: 2459.67
step 99736 | loss: 3.014993 | lr 4.7349e-04 | norm: 0.4743 | dt: 1665.57ms | img/sec: 2459.22
step 99737 | loss: 2.982194 | lr 4.7342e-04 | norm: 0.4689 | dt: 1859.17ms | img/sec: 2203.13
step 99738 | loss: 3.034653 | lr 4.7336e-04 | norm: 0.4911 | dt: 1714.67ms | img/sec: 2388.80
step 99739 | loss: 3.014396 | lr 4.7330e-04 | norm: 0.4922 | dt: 1818.94ms | img/sec: 2251.86
step 99740 | loss: 3.049495 | lr 4.7324e-04 | norm: 0.4801 | dt: 1667.01ms | img/sec: 2457.10
step 99741 | loss: 3.022398 | lr 4.7317e-04 | norm: 0.4650 | dt: 1693.69ms | img/sec: 2418.39
step 99742 | loss: 3.001952 | lr 4.7311e-04 | norm: 0.4533 | dt: 1665.48ms | img/sec: 2459.36
step 99743 | loss: 3.009732 | lr 4.7305e-04 | norm: 0.4674 | dt: 1732.45ms | img/sec: 2364.29
step 99744 | loss: 3.044432 | lr 4.7299e-04 | norm: 0.4850 | dt: 1656.00ms | img/sec: 2473.43
step 99745 | loss: 3.057941 | lr 4.7292e-04 | norm: 0.4707 | dt: 1666.56ms | img/sec: 2457.76
step 99746 | loss: 3.050788 | lr 4.7286e-04 | norm: 0.4883 | dt: 1659.63ms | img/sec: 2468.01
step 99747 | loss: 3.058689 | lr 4.7280e-04 | norm: 0.4522 | dt: 1805.75ms | img/sec: 2268.31
step 99748 | loss: 3.021663 | lr 4.7273e-04 | norm: 0.4606 | dt: 1697.69ms | img/sec: 2412.69
step 99749 | loss: 3.010662 | lr 4.7267e-04 | norm: 0.4981 | dt: 1690.53ms | img/sec: 2422.91
step 99750 | loss: 2.959786 | lr 4.7261e-04 | norm: 0.4649 | dt: 1660.99ms | img/sec: 2466.00
step 99751 | loss: 3.043687 | lr 4.7254e-04 | norm: 0.4930 | dt: 1670.88ms | img/sec: 2451.41
step 99752 | loss: 3.097485 | lr 4.7248e-04 | norm: 0.4976 | dt: 1676.10ms | img/sec: 2443.77
step 99753 | loss: 3.036090 | lr 4.7242e-04 | norm: 0.4778 | dt: 1721.51ms | img/sec: 2379.30
step 99754 | loss: 2.946674 | lr 4.7235e-04 | norm: 0.4444 | dt: 1714.96ms | img/sec: 2388.39
step 99755 | loss: 3.027435 | lr 4.7229e-04 | norm: 0.4619 | dt: 1665.55ms | img/sec: 2459.25
step 99756 | loss: 2.956887 | lr 4.7223e-04 | norm: 0.4968 | dt: 1692.69ms | img/sec: 2419.82
step 99757 | loss: 3.007629 | lr 4.7216e-04 | norm: 0.4866 | dt: 1721.60ms | img/sec: 2379.18
step 99758 | loss: 3.050395 | lr 4.7210e-04 | norm: 0.4860 | dt: 1660.59ms | img/sec: 2466.59
step 99759 | loss: 3.018082 | lr 4.7204e-04 | norm: 0.4707 | dt: 1681.91ms | img/sec: 2435.32
step 99760 | loss: 2.998386 | lr 4.7197e-04 | norm: 0.4644 | dt: 1790.96ms | img/sec: 2287.04
step 99761 | loss: 3.046994 | lr 4.7191e-04 | norm: 0.4524 | dt: 1700.02ms | img/sec: 2409.39
step 99762 | loss: 3.050413 | lr 4.7184e-04 | norm: 0.4940 | dt: 1760.24ms | img/sec: 2326.96
step 99763 | loss: 3.034829 | lr 4.7178e-04 | norm: 0.4693 | dt: 1732.13ms | img/sec: 2364.71
step 99764 | loss: 3.031560 | lr 4.7171e-04 | norm: 0.4688 | dt: 1664.69ms | img/sec: 2460.53
step 99765 | loss: 3.079618 | lr 4.7165e-04 | norm: 0.4664 | dt: 1761.00ms | img/sec: 2325.96
step 99766 | loss: 2.919157 | lr 4.7159e-04 | norm: 0.4515 | dt: 1664.44ms | img/sec: 2460.89
step 99767 | loss: 2.968189 | lr 4.7152e-04 | norm: 0.4507 | dt: 1731.39ms | img/sec: 2365.72
step 99768 | loss: 3.044293 | lr 4.7146e-04 | norm: 0.4817 | dt: 1673.08ms | img/sec: 2448.18
step 99769 | loss: 2.956588 | lr 4.7139e-04 | norm: 0.4580 | dt: 1736.71ms | img/sec: 2358.48
step 99770 | loss: 3.021532 | lr 4.7133e-04 | norm: 0.4911 | dt: 1663.00ms | img/sec: 2463.02
step 99771 | loss: 3.003433 | lr 4.7126e-04 | norm: 0.4769 | dt: 1712.39ms | img/sec: 2391.98
step 99772 | loss: 3.017035 | lr 4.7120e-04 | norm: 0.4675 | dt: 1661.90ms | img/sec: 2464.64
step 99773 | loss: 3.123127 | lr 4.7113e-04 | norm: 0.4812 | dt: 1726.19ms | img/sec: 2372.85
step 99774 | loss: 3.038353 | lr 4.7107e-04 | norm: 0.4558 | dt: 1668.80ms | img/sec: 2454.46
step 99775 | loss: 2.976179 | lr 4.7100e-04 | norm: 0.4486 | dt: 1680.60ms | img/sec: 2437.22
step 99776 | loss: 3.007281 | lr 4.7094e-04 | norm: 0.4959 | dt: 1766.46ms | img/sec: 2318.76
step 99777 | loss: 3.076378 | lr 4.7087e-04 | norm: 0.4727 | dt: 1669.83ms | img/sec: 2452.95
step 99778 | loss: 3.068433 | lr 4.7081e-04 | norm: 0.4570 | dt: 1665.05ms | img/sec: 2459.98
step 99779 | loss: 2.932467 | lr 4.7074e-04 | norm: 0.4586 | dt: 1731.56ms | img/sec: 2365.50
step 99780 | loss: 3.008773 | lr 4.7068e-04 | norm: 0.4543 | dt: 1666.00ms | img/sec: 2458.59
step 99781 | loss: 3.083825 | lr 4.7061e-04 | norm: 0.4794 | dt: 1678.68ms | img/sec: 2440.01
step 99782 | loss: 2.948890 | lr 4.7055e-04 | norm: 0.4615 | dt: 1674.74ms | img/sec: 2445.75
step 99783 | loss: 3.000055 | lr 4.7048e-04 | norm: 0.4672 | dt: 1695.07ms | img/sec: 2416.41
step 99784 | loss: 3.034934 | lr 4.7042e-04 | norm: 0.4810 | dt: 1749.58ms | img/sec: 2341.13
step 99785 | loss: 2.962668 | lr 4.7035e-04 | norm: 0.4756 | dt: 1654.16ms | img/sec: 2476.18
step 99786 | loss: 3.007277 | lr 4.7028e-04 | norm: 0.4698 | dt: 1666.84ms | img/sec: 2457.35
step 99787 | loss: 3.017483 | lr 4.7022e-04 | norm: 0.4838 | dt: 1726.07ms | img/sec: 2373.02
step 99788 | loss: 2.971849 | lr 4.7015e-04 | norm: 0.4550 | dt: 1672.65ms | img/sec: 2448.80
step 99789 | loss: 3.002111 | lr 4.7009e-04 | norm: 0.4668 | dt: 1673.60ms | img/sec: 2447.42
step 99790 | loss: 3.002875 | lr 4.7002e-04 | norm: 0.4719 | dt: 1688.48ms | img/sec: 2425.85
step 99791 | loss: 3.008312 | lr 4.6995e-04 | norm: 0.4961 | dt: 1710.75ms | img/sec: 2394.27
step 99792 | loss: 3.017603 | lr 4.6989e-04 | norm: 0.4680 | dt: 1665.02ms | img/sec: 2460.03
step 99793 | loss: 2.985336 | lr 4.6982e-04 | norm: 0.4602 | dt: 1691.62ms | img/sec: 2421.35
step 99794 | loss: 2.990873 | lr 4.6976e-04 | norm: 0.4887 | dt: 1668.39ms | img/sec: 2455.06
step 99795 | loss: 2.979800 | lr 4.6969e-04 | norm: 0.4832 | dt: 1668.98ms | img/sec: 2454.19
step 99796 | loss: 3.006571 | lr 4.6962e-04 | norm: 0.4974 | dt: 1665.35ms | img/sec: 2459.54
step 99797 | loss: 3.003831 | lr 4.6956e-04 | norm: 0.4957 | dt: 1663.92ms | img/sec: 2461.66
step 99798 | loss: 3.033697 | lr 4.6949e-04 | norm: 0.5156 | dt: 1665.72ms | img/sec: 2459.00
step 99799 | loss: 2.964339 | lr 4.6942e-04 | norm: 0.4935 | dt: 1776.52ms | img/sec: 2305.63
step 99800 | loss: 3.047559 | lr 4.6936e-04 | norm: 0.5062 | dt: 1668.77ms | img/sec: 2454.50
step 99801 | loss: 3.014135 | lr 4.6929e-04 | norm: 0.5121 | dt: 1722.68ms | img/sec: 2377.69
step 99802 | loss: 3.064053 | lr 4.6922e-04 | norm: 0.4861 | dt: 1665.15ms | img/sec: 2459.84
step 99803 | loss: 3.051743 | lr 4.6916e-04 | norm: 0.5035 | dt: 1761.92ms | img/sec: 2324.74
step 99804 | loss: 3.005278 | lr 4.6909e-04 | norm: 0.4894 | dt: 1852.93ms | img/sec: 2210.56
step 99805 | loss: 2.961776 | lr 4.6902e-04 | norm: 0.5068 | dt: 1661.84ms | img/sec: 2464.74
step 99806 | loss: 3.054332 | lr 4.6895e-04 | norm: 0.4765 | dt: 1718.71ms | img/sec: 2383.18
step 99807 | loss: 3.017199 | lr 4.6889e-04 | norm: 0.4799 | dt: 1672.07ms | img/sec: 2449.66
step 99808 | loss: 3.028850 | lr 4.6882e-04 | norm: 0.4793 | dt: 1725.70ms | img/sec: 2373.53
step 99809 | loss: 3.052826 | lr 4.6875e-04 | norm: 0.5187 | dt: 1719.93ms | img/sec: 2381.50
step 99810 | loss: 3.015283 | lr 4.6869e-04 | norm: 0.4989 | dt: 1679.11ms | img/sec: 2439.39
step 99811 | loss: 2.973195 | lr 4.6862e-04 | norm: 0.4787 | dt: 1688.18ms | img/sec: 2426.28
step 99812 | loss: 2.996698 | lr 4.6855e-04 | norm: 0.4726 | dt: 1652.84ms | img/sec: 2478.16
step 99813 | loss: 3.015394 | lr 4.6848e-04 | norm: 0.4700 | dt: 1708.44ms | img/sec: 2397.51
step 99814 | loss: 3.078483 | lr 4.6842e-04 | norm: 0.4704 | dt: 1669.33ms | img/sec: 2453.68
step 99815 | loss: 2.982373 | lr 4.6835e-04 | norm: 0.5049 | dt: 1720.45ms | img/sec: 2380.77
step 99816 | loss: 2.984079 | lr 4.6828e-04 | norm: 0.4644 | dt: 1666.29ms | img/sec: 2458.16
step 99817 | loss: 3.033736 | lr 4.6821e-04 | norm: 0.4628 | dt: 1703.35ms | img/sec: 2404.68
step 99818 | loss: 3.045958 | lr 4.6814e-04 | norm: 0.4823 | dt: 1668.33ms | img/sec: 2455.15
step 99819 | loss: 2.993335 | lr 4.6808e-04 | norm: 0.4951 | dt: 1656.77ms | img/sec: 2472.29
step 99820 | loss: 3.063644 | lr 4.6801e-04 | norm: 0.4871 | dt: 1666.43ms | img/sec: 2457.96
step 99821 | loss: 3.049628 | lr 4.6794e-04 | norm: 0.5048 | dt: 1679.75ms | img/sec: 2438.46
step 99822 | loss: 2.997076 | lr 4.6787e-04 | norm: 0.4917 | dt: 1672.16ms | img/sec: 2449.53
step 99823 | loss: 3.005969 | lr 4.6780e-04 | norm: 0.4882 | dt: 1682.30ms | img/sec: 2434.76
step 99824 | loss: 3.092949 | lr 4.6774e-04 | norm: 0.5252 | dt: 1695.01ms | img/sec: 2416.51
step 99825 | loss: 2.972227 | lr 4.6767e-04 | norm: 0.4727 | dt: 1776.83ms | img/sec: 2305.22
step 99826 | loss: 3.017811 | lr 4.6760e-04 | norm: 0.5080 | dt: 1742.28ms | img/sec: 2350.94
step 99827 | loss: 3.012352 | lr 4.6753e-04 | norm: 0.4949 | dt: 1772.94ms | img/sec: 2310.28
step 99828 | loss: 3.037526 | lr 4.6746e-04 | norm: 0.4745 | dt: 1715.19ms | img/sec: 2388.08
step 99829 | loss: 3.002216 | lr 4.6739e-04 | norm: 0.5195 | dt: 1732.82ms | img/sec: 2363.78
step 99830 | loss: 3.066863 | lr 4.6732e-04 | norm: 0.4876 | dt: 1663.14ms | img/sec: 2462.80
step 99831 | loss: 2.976763 | lr 4.6726e-04 | norm: 0.4865 | dt: 1701.34ms | img/sec: 2407.52
step 99832 | loss: 2.993086 | lr 4.6719e-04 | norm: 0.4757 | dt: 1660.16ms | img/sec: 2467.22
step 99833 | loss: 2.987434 | lr 4.6712e-04 | norm: 0.5023 | dt: 1660.07ms | img/sec: 2467.36
step 99834 | loss: 2.912467 | lr 4.6705e-04 | norm: 0.4715 | dt: 1665.97ms | img/sec: 2458.63
step 99835 | loss: 3.045870 | lr 4.6698e-04 | norm: 0.4825 | dt: 1755.07ms | img/sec: 2333.82
step 99836 | loss: 3.029519 | lr 4.6691e-04 | norm: 0.5171 | dt: 1667.42ms | img/sec: 2456.48
step 99837 | loss: 3.004749 | lr 4.6684e-04 | norm: 0.5005 | dt: 1695.70ms | img/sec: 2415.52
step 99838 | loss: 2.986532 | lr 4.6677e-04 | norm: 0.4965 | dt: 1675.22ms | img/sec: 2445.05
step 99839 | loss: 3.006340 | lr 4.6670e-04 | norm: 0.4757 | dt: 1652.90ms | img/sec: 2478.07
step 99840 | loss: 3.004300 | lr 4.6663e-04 | norm: 0.4665 | dt: 1661.36ms | img/sec: 2465.45
step 99841 | loss: 3.040508 | lr 4.6656e-04 | norm: 0.4768 | dt: 1709.84ms | img/sec: 2395.54
step 99842 | loss: 2.966990 | lr 4.6649e-04 | norm: 0.4813 | dt: 1661.91ms | img/sec: 2464.63
step 99843 | loss: 2.960128 | lr 4.6642e-04 | norm: 0.4663 | dt: 1693.87ms | img/sec: 2418.13
step 99844 | loss: 2.987097 | lr 4.6636e-04 | norm: 0.4836 | dt: 1738.92ms | img/sec: 2355.49
step 99845 | loss: 2.972326 | lr 4.6629e-04 | norm: 0.4870 | dt: 1673.04ms | img/sec: 2448.24
step 99846 | loss: 2.965945 | lr 4.6622e-04 | norm: 0.4931 | dt: 1652.05ms | img/sec: 2479.34
step 99847 | loss: 3.048376 | lr 4.6615e-04 | norm: 0.4823 | dt: 1664.74ms | img/sec: 2460.44
step 99848 | loss: 2.960044 | lr 4.6608e-04 | norm: 0.4725 | dt: 1717.43ms | img/sec: 2384.95
step 99849 | loss: 2.993328 | lr 4.6601e-04 | norm: 0.4764 | dt: 1793.51ms | img/sec: 2283.79
step 99850 | loss: 3.012094 | lr 4.6594e-04 | norm: 0.4842 | dt: 1689.16ms | img/sec: 2424.87
step 99851 | loss: 3.014061 | lr 4.6587e-04 | norm: 0.5024 | dt: 1664.20ms | img/sec: 2461.25
step 99852 | loss: 2.943590 | lr 4.6580e-04 | norm: 0.4708 | dt: 1714.46ms | img/sec: 2389.09
step 99853 | loss: 3.014816 | lr 4.6573e-04 | norm: 0.5024 | dt: 1732.53ms | img/sec: 2364.17
step 99854 | loss: 3.027560 | lr 4.6565e-04 | norm: 0.5071 | dt: 1685.36ms | img/sec: 2430.35
step 99855 | loss: 2.994879 | lr 4.6558e-04 | norm: 0.5077 | dt: 1753.02ms | img/sec: 2336.54
step 99856 | loss: 2.969930 | lr 4.6551e-04 | norm: 0.4771 | dt: 1784.20ms | img/sec: 2295.71
step 99857 | loss: 2.968216 | lr 4.6544e-04 | norm: 0.4949 | dt: 1658.97ms | img/sec: 2469.00
step 99858 | loss: 2.996331 | lr 4.6537e-04 | norm: 0.4917 | dt: 1662.50ms | img/sec: 2463.76
step 99859 | loss: 3.027390 | lr 4.6530e-04 | norm: 0.5336 | dt: 1674.66ms | img/sec: 2445.87
step 99860 | loss: 2.959260 | lr 4.6523e-04 | norm: 0.4743 | dt: 1690.24ms | img/sec: 2423.33
step 99861 | loss: 2.957581 | lr 4.6516e-04 | norm: 0.4986 | dt: 1725.33ms | img/sec: 2374.04
step 99862 | loss: 3.045552 | lr 4.6509e-04 | norm: 0.5008 | dt: 1660.71ms | img/sec: 2466.42
step 99863 | loss: 2.986772 | lr 4.6502e-04 | norm: 0.4727 | dt: 1671.75ms | img/sec: 2450.12
step 99864 | loss: 2.991879 | lr 4.6495e-04 | norm: 0.4917 | dt: 1671.53ms | img/sec: 2450.45
step 99865 | loss: 3.046281 | lr 4.6488e-04 | norm: 0.4721 | dt: 1735.12ms | img/sec: 2360.64
step 99866 | loss: 3.035265 | lr 4.6481e-04 | norm: 0.4950 | dt: 1650.88ms | img/sec: 2481.11
step 99867 | loss: 3.005260 | lr 4.6473e-04 | norm: 0.4724 | dt: 1710.91ms | img/sec: 2394.05
step 99868 | loss: 2.996368 | lr 4.6466e-04 | norm: 0.4870 | dt: 1665.16ms | img/sec: 2459.83
step 99869 | loss: 3.044287 | lr 4.6459e-04 | norm: 0.4750 | dt: 1665.96ms | img/sec: 2458.65
step 99870 | loss: 2.997640 | lr 4.6452e-04 | norm: 0.4839 | dt: 1661.87ms | img/sec: 2464.69
step 99871 | loss: 2.983602 | lr 4.6445e-04 | norm: 0.4760 | dt: 1697.00ms | img/sec: 2413.67
step 99872 | loss: 3.034858 | lr 4.6438e-04 | norm: 0.4681 | dt: 1705.18ms | img/sec: 2402.10
step 99873 | loss: 2.987875 | lr 4.6431e-04 | norm: 0.4762 | dt: 1688.10ms | img/sec: 2426.39
step 99874 | loss: 3.041155 | lr 4.6423e-04 | norm: 0.4892 | dt: 1757.19ms | img/sec: 2331.00
step 99875 | loss: 2.962815 | lr 4.6416e-04 | norm: 0.4710 | dt: 1666.92ms | img/sec: 2457.22
step 99876 | loss: 3.033012 | lr 4.6409e-04 | norm: 0.4877 | dt: 1668.07ms | img/sec: 2455.53
step 99877 | loss: 2.941779 | lr 4.6402e-04 | norm: 0.4579 | dt: 1694.05ms | img/sec: 2417.87
step 99878 | loss: 2.968473 | lr 4.6395e-04 | norm: 0.4883 | dt: 1754.01ms | img/sec: 2335.22
step 99879 | loss: 3.085857 | lr 4.6387e-04 | norm: 0.4784 | dt: 1653.59ms | img/sec: 2477.04
step 99880 | loss: 2.957893 | lr 4.6380e-04 | norm: 0.4677 | dt: 1692.97ms | img/sec: 2419.42
step 99881 | loss: 3.035653 | lr 4.6373e-04 | norm: 0.4772 | dt: 1726.32ms | img/sec: 2372.68
step 99882 | loss: 3.062261 | lr 4.6366e-04 | norm: 0.4858 | dt: 1714.40ms | img/sec: 2389.18
step 99883 | loss: 2.962635 | lr 4.6359e-04 | norm: 0.4810 | dt: 1675.61ms | img/sec: 2444.48
step 99884 | loss: 3.010303 | lr 4.6351e-04 | norm: 0.4823 | dt: 1708.35ms | img/sec: 2397.64
step 99885 | loss: 2.968744 | lr 4.6344e-04 | norm: 0.4892 | dt: 1683.64ms | img/sec: 2432.82
step 99886 | loss: 3.036791 | lr 4.6337e-04 | norm: 0.5006 | dt: 1707.60ms | img/sec: 2398.69
step 99887 | loss: 3.069765 | lr 4.6330e-04 | norm: 0.5014 | dt: 1664.36ms | img/sec: 2461.01
step 99888 | loss: 3.026658 | lr 4.6322e-04 | norm: 0.4982 | dt: 1771.12ms | img/sec: 2312.67
step 99889 | loss: 3.056697 | lr 4.6315e-04 | norm: 0.4839 | dt: 1690.10ms | img/sec: 2423.53
step 99890 | loss: 2.995288 | lr 4.6308e-04 | norm: 0.4682 | dt: 1658.01ms | img/sec: 2470.44
step 99891 | loss: 2.970752 | lr 4.6301e-04 | norm: 0.4533 | dt: 1735.42ms | img/sec: 2360.24
step 99892 | loss: 2.932341 | lr 4.6293e-04 | norm: 0.5047 | dt: 1658.03ms | img/sec: 2470.40
step 99893 | loss: 3.020874 | lr 4.6286e-04 | norm: 0.4843 | dt: 1653.68ms | img/sec: 2476.89
step 99894 | loss: 2.962392 | lr 4.6279e-04 | norm: 0.4713 | dt: 1703.03ms | img/sec: 2405.13
step 99895 | loss: 2.931287 | lr 4.6271e-04 | norm: 0.4724 | dt: 1726.07ms | img/sec: 2373.02
step 99896 | loss: 3.029737 | lr 4.6264e-04 | norm: 0.4793 | dt: 1671.88ms | img/sec: 2449.94
step 99897 | loss: 2.904799 | lr 4.6257e-04 | norm: 0.4965 | dt: 1660.41ms | img/sec: 2466.86
step 99898 | loss: 2.950301 | lr 4.6249e-04 | norm: 0.5136 | dt: 1701.56ms | img/sec: 2407.20
step 99899 | loss: 3.052331 | lr 4.6242e-04 | norm: 0.4999 | dt: 1693.25ms | img/sec: 2419.02
step 99900 | loss: 2.990251 | lr 4.6235e-04 | norm: 0.4778 | dt: 1701.35ms | img/sec: 2407.51
step 99901 | loss: 2.964561 | lr 4.6227e-04 | norm: 0.5084 | dt: 1725.88ms | img/sec: 2373.28
step 99902 | loss: 2.942620 | lr 4.6220e-04 | norm: 0.4767 | dt: 1756.60ms | img/sec: 2331.78
step 99903 | loss: 2.938820 | lr 4.6213e-04 | norm: 0.4665 | dt: 1784.30ms | img/sec: 2295.58
step 99904 | loss: 3.023784 | lr 4.6205e-04 | norm: 0.4955 | dt: 1685.40ms | img/sec: 2430.28
step 99905 | loss: 3.050505 | lr 4.6198e-04 | norm: 0.4950 | dt: 1787.39ms | img/sec: 2291.62
step 99906 | loss: 3.059831 | lr 4.6191e-04 | norm: 0.4631 | dt: 1734.81ms | img/sec: 2361.06
step 99907 | loss: 3.030252 | lr 4.6183e-04 | norm: 0.5280 | dt: 1658.04ms | img/sec: 2470.39
step 99908 | loss: 2.938329 | lr 4.6176e-04 | norm: 0.4885 | dt: 1666.09ms | img/sec: 2458.45
step 99909 | loss: 2.938207 | lr 4.6168e-04 | norm: 0.4854 | dt: 1675.51ms | img/sec: 2444.63
step 99910 | loss: 3.050984 | lr 4.6161e-04 | norm: 0.4970 | dt: 1662.91ms | img/sec: 2463.15
step 99911 | loss: 2.974102 | lr 4.6154e-04 | norm: 0.4866 | dt: 1715.19ms | img/sec: 2388.08
step 99912 | loss: 2.949074 | lr 4.6146e-04 | norm: 0.5134 | dt: 1761.49ms | img/sec: 2325.31
step 99913 | loss: 3.041022 | lr 4.6139e-04 | norm: 0.4714 | dt: 1659.18ms | img/sec: 2468.69
step 99914 | loss: 3.008111 | lr 4.6131e-04 | norm: 0.5038 | dt: 1659.94ms | img/sec: 2467.56
step 99915 | loss: 3.004998 | lr 4.6124e-04 | norm: 0.4961 | dt: 1664.56ms | img/sec: 2460.72
step 99916 | loss: 3.093868 | lr 4.6116e-04 | norm: 0.4706 | dt: 1669.15ms | img/sec: 2453.95
step 99917 | loss: 2.945001 | lr 4.6109e-04 | norm: 0.4854 | dt: 1667.09ms | img/sec: 2456.98
step 99918 | loss: 3.029002 | lr 4.6102e-04 | norm: 0.5259 | dt: 1735.25ms | img/sec: 2360.47
step 99919 | loss: 2.978070 | lr 4.6094e-04 | norm: 0.4627 | dt: 1658.99ms | img/sec: 2468.98
step 99920 | loss: 3.008539 | lr 4.6087e-04 | norm: 0.4742 | dt: 1658.44ms | img/sec: 2469.79
step 99921 | loss: 2.993025 | lr 4.6079e-04 | norm: 0.4987 | dt: 1718.44ms | img/sec: 2383.56
step 99922 | loss: 3.044723 | lr 4.6072e-04 | norm: 0.4915 | dt: 1689.87ms | img/sec: 2423.85
step 99923 | loss: 3.015733 | lr 4.6064e-04 | norm: 0.5236 | dt: 1659.80ms | img/sec: 2467.77
step 99924 | loss: 2.937865 | lr 4.6057e-04 | norm: 0.4855 | dt: 1659.89ms | img/sec: 2467.63
step 99925 | loss: 2.992202 | lr 4.6049e-04 | norm: 0.4926 | dt: 1659.29ms | img/sec: 2468.53
step 99926 | loss: 3.028286 | lr 4.6042e-04 | norm: 0.5157 | dt: 1651.74ms | img/sec: 2479.81
step 99927 | loss: 3.012602 | lr 4.6034e-04 | norm: 0.4831 | dt: 1695.63ms | img/sec: 2415.62
step 99928 | loss: 3.000095 | lr 4.6027e-04 | norm: 0.4986 | dt: 1692.75ms | img/sec: 2419.73
step 99929 | loss: 3.012415 | lr 4.6019e-04 | norm: 0.4815 | dt: 1669.20ms | img/sec: 2453.88
step 99930 | loss: 2.984985 | lr 4.6012e-04 | norm: 0.4609 | dt: 1719.70ms | img/sec: 2381.81
step 99931 | loss: 2.996003 | lr 4.6004e-04 | norm: 0.4924 | dt: 1792.78ms | img/sec: 2284.72
step 99932 | loss: 2.997597 | lr 4.5997e-04 | norm: 0.4807 | dt: 1718.80ms | img/sec: 2383.05
step 99933 | loss: 3.000535 | lr 4.5989e-04 | norm: 0.4958 | dt: 1652.93ms | img/sec: 2478.03
step 99934 | loss: 3.043383 | lr 4.5981e-04 | norm: 0.4861 | dt: 1656.51ms | img/sec: 2472.67
step 99935 | loss: 3.013678 | lr 4.5974e-04 | norm: 0.4926 | dt: 1698.27ms | img/sec: 2411.86
step 99936 | loss: 2.961412 | lr 4.5966e-04 | norm: 0.4710 | dt: 1665.56ms | img/sec: 2459.23
step 99937 | loss: 3.026371 | lr 4.5959e-04 | norm: 0.4705 | dt: 1663.58ms | img/sec: 2462.15
step 99938 | loss: 2.988410 | lr 4.5951e-04 | norm: 0.4937 | dt: 1658.14ms | img/sec: 2470.24
step 99939 | loss: 2.978629 | lr 4.5944e-04 | norm: 0.4925 | dt: 1666.01ms | img/sec: 2458.56
step 99940 | loss: 2.984748 | lr 4.5936e-04 | norm: 0.4915 | dt: 1700.88ms | img/sec: 2408.17
step 99941 | loss: 2.986435 | lr 4.5928e-04 | norm: 0.4888 | dt: 1693.47ms | img/sec: 2418.70
step 99942 | loss: 3.001760 | lr 4.5921e-04 | norm: 0.5019 | dt: 1674.46ms | img/sec: 2446.16
step 99943 | loss: 2.942631 | lr 4.5913e-04 | norm: 0.4937 | dt: 1743.73ms | img/sec: 2348.99
step 99944 | loss: 3.055214 | lr 4.5905e-04 | norm: 0.5101 | dt: 1652.64ms | img/sec: 2478.45
step 99945 | loss: 2.981801 | lr 4.5898e-04 | norm: 0.4870 | dt: 1662.65ms | img/sec: 2463.53
step 99946 | loss: 2.997105 | lr 4.5890e-04 | norm: 0.4694 | dt: 1714.25ms | img/sec: 2389.38
step 99947 | loss: 2.988741 | lr 4.5883e-04 | norm: 0.4818 | dt: 1699.74ms | img/sec: 2409.78
step 99948 | loss: 3.042735 | lr 4.5875e-04 | norm: 0.4764 | dt: 1688.03ms | img/sec: 2426.50
step 99949 | loss: 3.002803 | lr 4.5867e-04 | norm: 0.4869 | dt: 1710.21ms | img/sec: 2395.03
step 99950 | loss: 3.013079 | lr 4.5860e-04 | norm: 0.4841 | dt: 1659.60ms | img/sec: 2468.07
step 99951 | loss: 2.958503 | lr 4.5852e-04 | norm: 0.4795 | dt: 1653.81ms | img/sec: 2476.71
step 99952 | loss: 2.971914 | lr 4.5844e-04 | norm: 0.4748 | dt: 1700.21ms | img/sec: 2409.12
step 99953 | loss: 2.989826 | lr 4.5837e-04 | norm: 0.4844 | dt: 1719.87ms | img/sec: 2381.57
step 99954 | loss: 3.044492 | lr 4.5829e-04 | norm: 0.4949 | dt: 1735.70ms | img/sec: 2359.86
step 99955 | loss: 2.976315 | lr 4.5821e-04 | norm: 0.5008 | dt: 1746.93ms | img/sec: 2344.68
step 99956 | loss: 3.023841 | lr 4.5813e-04 | norm: 0.4880 | dt: 1718.87ms | img/sec: 2382.96
step 99957 | loss: 3.118684 | lr 4.5806e-04 | norm: 0.4975 | dt: 1722.09ms | img/sec: 2378.50
step 99958 | loss: 3.057948 | lr 4.5798e-04 | norm: 0.5098 | dt: 1677.32ms | img/sec: 2442.00
step 99959 | loss: 3.050817 | lr 4.5790e-04 | norm: 0.5143 | dt: 1728.53ms | img/sec: 2369.65
step 99960 | loss: 3.111976 | lr 4.5783e-04 | norm: 0.4796 | dt: 1700.00ms | img/sec: 2409.41
step 99961 | loss: 2.989721 | lr 4.5775e-04 | norm: 0.4436 | dt: 1690.92ms | img/sec: 2422.34
step 99962 | loss: 2.985121 | lr 4.5767e-04 | norm: 0.4942 | dt: 1669.95ms | img/sec: 2452.76
step 99963 | loss: 2.944983 | lr 4.5759e-04 | norm: 0.4898 | dt: 1669.56ms | img/sec: 2453.34
step 99964 | loss: 3.030643 | lr 4.5752e-04 | norm: 0.4686 | dt: 1667.89ms | img/sec: 2455.79
step 99965 | loss: 2.963883 | lr 4.5744e-04 | norm: 0.4608 | dt: 1683.25ms | img/sec: 2433.39
step 99966 | loss: 3.076653 | lr 4.5736e-04 | norm: 0.4915 | dt: 1660.08ms | img/sec: 2467.36
step 99967 | loss: 2.948349 | lr 4.5728e-04 | norm: 0.4753 | dt: 1708.10ms | img/sec: 2397.99
step 99968 | loss: 2.976130 | lr 4.5721e-04 | norm: 0.4844 | dt: 1671.04ms | img/sec: 2451.16
step 99969 | loss: 3.016777 | lr 4.5713e-04 | norm: 0.4887 | dt: 1723.60ms | img/sec: 2376.42
step 99970 | loss: 3.036725 | lr 4.5705e-04 | norm: 0.4895 | dt: 1661.94ms | img/sec: 2464.59
step 99971 | loss: 2.993921 | lr 4.5697e-04 | norm: 0.4828 | dt: 1658.17ms | img/sec: 2470.19
step 99972 | loss: 3.048079 | lr 4.5689e-04 | norm: 0.4782 | dt: 1654.58ms | img/sec: 2475.55
step 99973 | loss: 3.006778 | lr 4.5682e-04 | norm: 0.5200 | dt: 1702.86ms | img/sec: 2405.36
step 99974 | loss: 2.933367 | lr 4.5674e-04 | norm: 0.4638 | dt: 1652.38ms | img/sec: 2478.85
step 99975 | loss: 2.957091 | lr 4.5666e-04 | norm: 0.4620 | dt: 1653.44ms | img/sec: 2477.26
step 99976 | loss: 3.045703 | lr 4.5658e-04 | norm: 0.4775 | dt: 1734.85ms | img/sec: 2361.00
step 99977 | loss: 2.984891 | lr 4.5650e-04 | norm: 0.4769 | dt: 1659.27ms | img/sec: 2468.56
step 99978 | loss: 3.006299 | lr 4.5642e-04 | norm: 0.4724 | dt: 1658.69ms | img/sec: 2469.42
step 99979 | loss: 2.912562 | lr 4.5635e-04 | norm: 0.4610 | dt: 1741.49ms | img/sec: 2352.01
step 99980 | loss: 3.042350 | lr 4.5627e-04 | norm: 0.4623 | dt: 1658.11ms | img/sec: 2470.29
step 99981 | loss: 2.994642 | lr 4.5619e-04 | norm: 0.4957 | dt: 1656.78ms | img/sec: 2472.27
step 99982 | loss: 3.012554 | lr 4.5611e-04 | norm: 0.4947 | dt: 1689.26ms | img/sec: 2424.73
step 99983 | loss: 2.984540 | lr 4.5603e-04 | norm: 0.4625 | dt: 1706.51ms | img/sec: 2400.22
step 99984 | loss: 2.993118 | lr 4.5595e-04 | norm: 0.4792 | dt: 1664.50ms | img/sec: 2460.80
step 99985 | loss: 3.004727 | lr 4.5587e-04 | norm: 0.4836 | dt: 1660.00ms | img/sec: 2467.47
step 99986 | loss: 2.940183 | lr 4.5579e-04 | norm: 0.4806 | dt: 1659.81ms | img/sec: 2467.75
step 99987 | loss: 2.958960 | lr 4.5572e-04 | norm: 0.4839 | dt: 1709.07ms | img/sec: 2396.63
step 99988 | loss: 3.021662 | lr 4.5564e-04 | norm: 0.4815 | dt: 1655.55ms | img/sec: 2474.11
step 99989 | loss: 2.972929 | lr 4.5556e-04 | norm: 0.5003 | dt: 1715.97ms | img/sec: 2386.98
step 99990 | loss: 3.021364 | lr 4.5548e-04 | norm: 0.5057 | dt: 1658.77ms | img/sec: 2469.30
step 99991 | loss: 3.062129 | lr 4.5540e-04 | norm: 0.4893 | dt: 1714.35ms | img/sec: 2389.24
step 99992 | loss: 3.008420 | lr 4.5532e-04 | norm: 0.4834 | dt: 1657.51ms | img/sec: 2471.18
step 99993 | loss: 3.001626 | lr 4.5524e-04 | norm: 0.4988 | dt: 1654.35ms | img/sec: 2475.89
step 99994 | loss: 2.925734 | lr 4.5516e-04 | norm: 0.4636 | dt: 1655.85ms | img/sec: 2473.66
step 99995 | loss: 2.964458 | lr 4.5508e-04 | norm: 0.4976 | dt: 1694.43ms | img/sec: 2417.34
step 99996 | loss: 2.968718 | lr 4.5500e-04 | norm: 0.4893 | dt: 1655.13ms | img/sec: 2474.74
step 99997 | loss: 2.964874 | lr 4.5492e-04 | norm: 0.4834 | dt: 1673.42ms | img/sec: 2447.68
step 99998 | loss: 2.964425 | lr 4.5484e-04 | norm: 0.5100 | dt: 1715.90ms | img/sec: 2387.08
step 99999 | loss: 2.965087 | lr 4.5476e-04 | norm: 0.4657 | dt: 1733.74ms | img/sec: 2362.52
step 100000 | val_loss 1.7876 | val_acc 59.26%
step 100000 | loss: 2.908593 | lr 4.5468e-04 | norm: 0.4899 | dt: 4109.37ms | img/sec: 996.75
--- Saved checkpoint at step 100000 ---
step 100001 | loss: 2.908011 | lr 4.5460e-04 | norm: 0.4652 | dt: 1670.64ms | img/sec: 2451.76
step 100002 | loss: 2.976590 | lr 4.5452e-04 | norm: 0.5151 | dt: 1661.89ms | img/sec: 2464.67
step 100003 | loss: 2.944123 | lr 4.5444e-04 | norm: 0.4808 | dt: 1655.38ms | img/sec: 2474.35
step 100004 | loss: 3.006618 | lr 4.5436e-04 | norm: 0.5139 | dt: 1697.70ms | img/sec: 2412.67
step 100005 | loss: 3.048069 | lr 4.5428e-04 | norm: 0.4954 | dt: 1654.54ms | img/sec: 2475.61
step 100006 | loss: 3.048036 | lr 4.5420e-04 | norm: 0.5123 | dt: 1720.13ms | img/sec: 2381.22
step 100007 | loss: 2.977962 | lr 4.5412e-04 | norm: 0.5085 | dt: 1693.62ms | img/sec: 2418.48
step 100008 | loss: 3.010439 | lr 4.5404e-04 | norm: 0.5037 | dt: 1653.28ms | img/sec: 2477.51
step 100009 | loss: 3.021535 | lr 4.5396e-04 | norm: 0.5157 | dt: 1654.57ms | img/sec: 2475.56
step 100010 | loss: 2.964785 | lr 4.5388e-04 | norm: 0.4882 | dt: 1695.43ms | img/sec: 2415.91
step 100011 | loss: 2.991226 | lr 4.5380e-04 | norm: 0.4804 | dt: 1660.64ms | img/sec: 2466.52
step 100012 | loss: 3.021810 | lr 4.5372e-04 | norm: 0.5092 | dt: 1691.48ms | img/sec: 2421.55
step 100013 | loss: 2.918317 | lr 4.5364e-04 | norm: 0.4700 | dt: 1682.87ms | img/sec: 2433.94
step 100014 | loss: 3.044361 | lr 4.5356e-04 | norm: 0.5008 | dt: 1659.23ms | img/sec: 2468.62
step 100015 | loss: 3.000140 | lr 4.5348e-04 | norm: 0.5226 | dt: 1656.61ms | img/sec: 2472.52
step 100016 | loss: 2.989623 | lr 4.5340e-04 | norm: 0.5074 | dt: 1651.16ms | img/sec: 2480.69
step 100017 | loss: 2.968433 | lr 4.5332e-04 | norm: 0.4654 | dt: 1657.90ms | img/sec: 2470.59
step 100018 | loss: 2.922428 | lr 4.5324e-04 | norm: 0.4796 | dt: 1660.54ms | img/sec: 2466.67
step 100019 | loss: 3.009423 | lr 4.5315e-04 | norm: 0.4866 | dt: 1751.19ms | img/sec: 2338.98
step 100020 | loss: 3.018224 | lr 4.5307e-04 | norm: 0.5010 | dt: 1650.47ms | img/sec: 2481.71
step 100021 | loss: 3.020962 | lr 4.5299e-04 | norm: 0.4923 | dt: 1785.58ms | img/sec: 2293.93
step 100022 | loss: 2.954777 | lr 4.5291e-04 | norm: 0.4762 | dt: 1661.22ms | img/sec: 2465.65
step 100023 | loss: 2.963685 | lr 4.5283e-04 | norm: 0.4919 | dt: 1869.81ms | img/sec: 2190.60
step 100024 | loss: 2.955353 | lr 4.5275e-04 | norm: 0.4995 | dt: 1655.54ms | img/sec: 2474.12
step 100025 | loss: 2.928839 | lr 4.5267e-04 | norm: 0.4869 | dt: 1659.56ms | img/sec: 2468.12
step 100026 | loss: 2.977340 | lr 4.5259e-04 | norm: 0.4635 | dt: 1730.93ms | img/sec: 2366.36
step 100027 | loss: 3.027759 | lr 4.5250e-04 | norm: 0.4988 | dt: 1703.26ms | img/sec: 2404.80
step 100028 | loss: 2.998806 | lr 4.5242e-04 | norm: 0.5059 | dt: 1655.46ms | img/sec: 2474.24
step 100029 | loss: 3.031723 | lr 4.5234e-04 | norm: 0.4838 | dt: 1655.43ms | img/sec: 2474.28
step 100030 | loss: 2.930265 | lr 4.5226e-04 | norm: 0.4796 | dt: 1657.50ms | img/sec: 2471.19
step 100031 | loss: 2.939678 | lr 4.5218e-04 | norm: 0.4853 | dt: 1658.68ms | img/sec: 2469.43
step 100032 | loss: 2.970658 | lr 4.5210e-04 | norm: 0.4761 | dt: 1657.55ms | img/sec: 2471.12
step 100033 | loss: 3.041206 | lr 4.5201e-04 | norm: 0.4917 | dt: 1656.43ms | img/sec: 2472.79
step 100034 | loss: 2.911101 | lr 4.5193e-04 | norm: 0.4819 | dt: 1655.12ms | img/sec: 2474.74
step 100035 | loss: 2.947731 | lr 4.5185e-04 | norm: 0.5349 | dt: 1653.96ms | img/sec: 2476.48
step 100036 | loss: 3.017173 | lr 4.5177e-04 | norm: 0.4882 | dt: 1652.77ms | img/sec: 2478.26
step 100037 | loss: 3.000694 | lr 4.5168e-04 | norm: 0.4731 | dt: 1657.47ms | img/sec: 2471.23
step 100038 | loss: 3.000179 | lr 4.5160e-04 | norm: 0.4972 | dt: 1660.03ms | img/sec: 2467.42
step 100039 | loss: 3.000189 | lr 4.5152e-04 | norm: 0.5277 | dt: 1670.04ms | img/sec: 2452.64
step 100040 | loss: 2.959555 | lr 4.5144e-04 | norm: 0.4755 | dt: 1746.28ms | img/sec: 2345.56
step 100041 | loss: 2.950740 | lr 4.5136e-04 | norm: 0.4978 | dt: 1656.21ms | img/sec: 2473.12
step 100042 | loss: 2.988470 | lr 4.5127e-04 | norm: 0.5086 | dt: 1653.65ms | img/sec: 2476.95
step 100043 | loss: 2.972459 | lr 4.5119e-04 | norm: 0.4694 | dt: 1682.68ms | img/sec: 2434.21
step 100044 | loss: 2.963475 | lr 4.5111e-04 | norm: 0.4890 | dt: 1656.83ms | img/sec: 2472.19
step 100045 | loss: 3.001818 | lr 4.5103e-04 | norm: 0.5219 | dt: 1780.45ms | img/sec: 2300.54
step 100046 | loss: 3.063803 | lr 4.5094e-04 | norm: 0.5150 | dt: 1745.52ms | img/sec: 2346.57
step 100047 | loss: 3.030656 | lr 4.5086e-04 | norm: 0.4883 | dt: 1737.44ms | img/sec: 2357.49
step 100048 | loss: 2.946269 | lr 4.5078e-04 | norm: 0.4800 | dt: 1788.38ms | img/sec: 2290.34
step 100049 | loss: 2.931139 | lr 4.5069e-04 | norm: 0.5449 | dt: 1664.26ms | img/sec: 2461.16
step 100050 | loss: 2.965283 | lr 4.5061e-04 | norm: 0.4962 | dt: 1650.79ms | img/sec: 2481.23
step 100051 | loss: 3.015358 | lr 4.5053e-04 | norm: 0.4992 | dt: 1664.59ms | img/sec: 2460.67
step 100052 | loss: 2.980437 | lr 4.5045e-04 | norm: 0.5220 | dt: 1656.09ms | img/sec: 2473.30
step 100053 | loss: 2.925204 | lr 4.5036e-04 | norm: 0.4937 | dt: 1715.43ms | img/sec: 2387.74
step 100054 | loss: 3.004414 | lr 4.5028e-04 | norm: 0.4643 | dt: 1735.54ms | img/sec: 2360.07
step 100055 | loss: 2.951123 | lr 4.5020e-04 | norm: 0.4728 | dt: 1700.86ms | img/sec: 2408.20
step 100056 | loss: 2.945791 | lr 4.5011e-04 | norm: 0.5215 | dt: 1654.00ms | img/sec: 2476.43
step 100057 | loss: 2.920197 | lr 4.5003e-04 | norm: 0.5249 | dt: 1685.50ms | img/sec: 2430.13
step 100058 | loss: 2.958262 | lr 4.4995e-04 | norm: 0.4767 | dt: 1723.19ms | img/sec: 2376.99
step 100059 | loss: 3.011623 | lr 4.4986e-04 | norm: 0.4870 | dt: 1697.96ms | img/sec: 2412.30
step 100060 | loss: 2.962900 | lr 4.4978e-04 | norm: 0.5246 | dt: 1708.53ms | img/sec: 2397.39
step 100061 | loss: 3.002233 | lr 4.4969e-04 | norm: 0.5357 | dt: 1775.38ms | img/sec: 2307.11
step 100062 | loss: 3.006820 | lr 4.4961e-04 | norm: 0.4744 | dt: 1697.13ms | img/sec: 2413.49
step 100063 | loss: 2.959689 | lr 4.4953e-04 | norm: 0.4999 | dt: 1704.57ms | img/sec: 2402.96
step 100064 | loss: 2.943729 | lr 4.4944e-04 | norm: 0.5261 | dt: 1655.95ms | img/sec: 2473.51
step 100065 | loss: 2.997704 | lr 4.4936e-04 | norm: 0.4964 | dt: 1723.57ms | img/sec: 2376.46
step 100066 | loss: 2.947104 | lr 4.4928e-04 | norm: 0.5020 | dt: 1654.86ms | img/sec: 2475.14
step 100067 | loss: 3.055266 | lr 4.4919e-04 | norm: 0.4916 | dt: 1698.55ms | img/sec: 2411.47
step 100068 | loss: 2.984335 | lr 4.4911e-04 | norm: 0.4893 | dt: 1699.86ms | img/sec: 2409.60
step 100069 | loss: 3.049935 | lr 4.4902e-04 | norm: 0.5294 | dt: 1661.90ms | img/sec: 2464.65
step 100070 | loss: 2.992201 | lr 4.4894e-04 | norm: 0.4761 | dt: 1697.43ms | img/sec: 2413.06
step 100071 | loss: 2.989435 | lr 4.4885e-04 | norm: 0.5105 | dt: 1654.92ms | img/sec: 2475.04
step 100072 | loss: 2.994338 | lr 4.4877e-04 | norm: 0.5300 | dt: 1666.33ms | img/sec: 2458.10
step 100073 | loss: 2.990206 | lr 4.4869e-04 | norm: 0.5227 | dt: 1719.32ms | img/sec: 2382.34
step 100074 | loss: 2.961241 | lr 4.4860e-04 | norm: 0.4865 | dt: 1655.55ms | img/sec: 2474.10
step 100075 | loss: 2.969322 | lr 4.4852e-04 | norm: 0.4905 | dt: 1697.62ms | img/sec: 2412.79
step 100076 | loss: 2.994318 | lr 4.4843e-04 | norm: 0.4978 | dt: 1664.03ms | img/sec: 2461.50
step 100077 | loss: 2.962336 | lr 4.4835e-04 | norm: 0.5262 | dt: 1651.46ms | img/sec: 2480.24
step 100078 | loss: 2.997508 | lr 4.4826e-04 | norm: 0.5570 | dt: 1657.71ms | img/sec: 2470.88
step 100079 | loss: 3.038023 | lr 4.4818e-04 | norm: 0.4984 | dt: 1654.07ms | img/sec: 2476.32
step 100080 | loss: 3.005356 | lr 4.4809e-04 | norm: 0.5098 | dt: 1659.47ms | img/sec: 2468.26
step 100081 | loss: 2.923709 | lr 4.4801e-04 | norm: 0.4738 | dt: 1728.21ms | img/sec: 2370.08
step 100082 | loss: 2.987381 | lr 4.4792e-04 | norm: 0.5021 | dt: 1719.99ms | img/sec: 2381.40
step 100083 | loss: 2.959762 | lr 4.4784e-04 | norm: 0.4852 | dt: 1709.00ms | img/sec: 2396.72
step 100084 | loss: 2.977756 | lr 4.4775e-04 | norm: 0.4811 | dt: 1655.61ms | img/sec: 2474.01
step 100085 | loss: 3.011227 | lr 4.4767e-04 | norm: 0.4852 | dt: 1693.66ms | img/sec: 2418.43
step 100086 | loss: 2.952991 | lr 4.4758e-04 | norm: 0.4692 | dt: 1656.04ms | img/sec: 2473.37
step 100087 | loss: 3.022772 | lr 4.4750e-04 | norm: 0.4950 | dt: 1728.07ms | img/sec: 2370.28
step 100088 | loss: 2.977594 | lr 4.4741e-04 | norm: 0.4644 | dt: 1651.67ms | img/sec: 2479.92
step 100089 | loss: 3.005313 | lr 4.4733e-04 | norm: 0.5022 | dt: 1700.43ms | img/sec: 2408.80
step 100090 | loss: 3.004877 | lr 4.4724e-04 | norm: 0.4837 | dt: 1671.48ms | img/sec: 2450.52
step 100091 | loss: 2.945593 | lr 4.4716e-04 | norm: 0.4635 | dt: 1725.27ms | img/sec: 2374.12
step 100092 | loss: 2.943143 | lr 4.4707e-04 | norm: 0.4578 | dt: 1737.67ms | img/sec: 2357.19
step 100093 | loss: 2.966802 | lr 4.4699e-04 | norm: 0.4949 | dt: 1767.70ms | img/sec: 2317.13
step 100094 | loss: 2.982350 | lr 4.4690e-04 | norm: 0.4865 | dt: 1653.16ms | img/sec: 2477.68
step 100095 | loss: 2.968124 | lr 4.4681e-04 | norm: 0.4975 | dt: 1688.48ms | img/sec: 2425.86
step 100096 | loss: 2.940603 | lr 4.4673e-04 | norm: 0.4816 | dt: 1663.65ms | img/sec: 2462.06
step 100097 | loss: 2.959852 | lr 4.4664e-04 | norm: 0.4888 | dt: 1681.01ms | img/sec: 2436.63
step 100098 | loss: 2.956072 | lr 4.4656e-04 | norm: 0.4928 | dt: 1667.31ms | img/sec: 2456.65
step 100099 | loss: 3.024213 | lr 4.4647e-04 | norm: 0.4921 | dt: 1722.91ms | img/sec: 2377.37
step 100100 | loss: 3.055626 | lr 4.4638e-04 | norm: 0.4948 | dt: 1661.56ms | img/sec: 2465.16
step 100101 | loss: 3.011321 | lr 4.4630e-04 | norm: 0.4699 | dt: 1704.04ms | img/sec: 2403.70
step 100102 | loss: 2.994079 | lr 4.4621e-04 | norm: 0.4676 | dt: 1714.56ms | img/sec: 2388.95
step 100103 | loss: 2.972631 | lr 4.4613e-04 | norm: 0.4829 | dt: 1735.28ms | img/sec: 2360.43
step 100104 | loss: 3.006714 | lr 4.4604e-04 | norm: 0.4580 | dt: 1654.13ms | img/sec: 2476.23
step 100105 | loss: 3.005160 | lr 4.4595e-04 | norm: 0.4499 | dt: 1654.92ms | img/sec: 2475.04
step 100106 | loss: 2.954710 | lr 4.4587e-04 | norm: 0.4683 | dt: 1663.77ms | img/sec: 2461.87
step 100107 | loss: 3.057705 | lr 4.4578e-04 | norm: 0.4916 | dt: 1683.19ms | img/sec: 2433.48
step 100108 | loss: 2.966942 | lr 4.4569e-04 | norm: 0.4642 | dt: 1655.77ms | img/sec: 2473.77
step 100109 | loss: 3.049928 | lr 4.4561e-04 | norm: 0.4721 | dt: 1661.33ms | img/sec: 2465.49
step 100110 | loss: 2.966144 | lr 4.4552e-04 | norm: 0.5020 | dt: 1663.15ms | img/sec: 2462.80
step 100111 | loss: 2.981092 | lr 4.4543e-04 | norm: 0.4935 | dt: 1650.30ms | img/sec: 2481.97
step 100112 | loss: 2.975351 | lr 4.4535e-04 | norm: 0.4712 | dt: 1652.55ms | img/sec: 2478.59
step 100113 | loss: 3.049581 | lr 4.4526e-04 | norm: 0.5252 | dt: 1658.70ms | img/sec: 2469.41
step 100114 | loss: 2.911479 | lr 4.4517e-04 | norm: 0.4871 | dt: 1695.82ms | img/sec: 2415.35
step 100115 | loss: 2.998133 | lr 4.4509e-04 | norm: 0.4986 | dt: 1654.11ms | img/sec: 2476.26
step 100116 | loss: 2.977427 | lr 4.4500e-04 | norm: 0.5059 | dt: 1667.82ms | img/sec: 2455.91
step 100117 | loss: 2.894681 | lr 4.4491e-04 | norm: 0.4631 | dt: 1657.03ms | img/sec: 2471.89
step 100118 | loss: 2.951663 | lr 4.4483e-04 | norm: 0.4844 | dt: 1669.09ms | img/sec: 2454.03
step 100119 | loss: 2.979475 | lr 4.4474e-04 | norm: 0.5120 | dt: 1658.60ms | img/sec: 2469.55
step 100120 | loss: 3.000248 | lr 4.4465e-04 | norm: 0.4612 | dt: 1661.50ms | img/sec: 2465.24
step 100121 | loss: 3.024179 | lr 4.4456e-04 | norm: 0.4774 | dt: 1666.62ms | img/sec: 2457.67
step 100122 | loss: 2.918083 | lr 4.4448e-04 | norm: 0.4999 | dt: 1737.92ms | img/sec: 2356.84
step 100123 | loss: 2.942381 | lr 4.4439e-04 | norm: 0.4977 | dt: 1682.18ms | img/sec: 2434.93
step 100124 | loss: 2.992981 | lr 4.4430e-04 | norm: 0.4789 | dt: 1658.40ms | img/sec: 2469.85
step 100125 | loss: 2.917079 | lr 4.4421e-04 | norm: 0.4808 | dt: 1684.61ms | img/sec: 2431.42
step 100126 | loss: 2.974346 | lr 4.4413e-04 | norm: 0.4908 | dt: 1700.17ms | img/sec: 2409.18
step 100127 | loss: 2.977700 | lr 4.4404e-04 | norm: 0.4887 | dt: 1711.66ms | img/sec: 2392.99
step 100128 | loss: 2.906220 | lr 4.4395e-04 | norm: 0.4885 | dt: 1652.64ms | img/sec: 2478.45
step 100129 | loss: 2.949590 | lr 4.4386e-04 | norm: 0.4866 | dt: 1658.27ms | img/sec: 2470.05
step 100130 | loss: 2.993701 | lr 4.4378e-04 | norm: 0.4896 | dt: 1660.61ms | img/sec: 2466.57
step 100131 | loss: 2.949520 | lr 4.4369e-04 | norm: 0.4890 | dt: 1650.99ms | img/sec: 2480.93
step 100132 | loss: 3.039902 | lr 4.4360e-04 | norm: 0.5111 | dt: 1675.59ms | img/sec: 2444.51
step 100133 | loss: 3.046504 | lr 4.4351e-04 | norm: 0.5236 | dt: 1658.62ms | img/sec: 2469.52
step 100134 | loss: 3.030194 | lr 4.4342e-04 | norm: 0.4910 | dt: 1647.41ms | img/sec: 2486.33
step 100135 | loss: 3.059079 | lr 4.4334e-04 | norm: 0.4870 | dt: 1681.23ms | img/sec: 2436.31
step 100136 | loss: 3.011189 | lr 4.4325e-04 | norm: 0.4900 | dt: 1724.98ms | img/sec: 2374.52
step 100137 | loss: 2.966643 | lr 4.4316e-04 | norm: 0.4744 | dt: 1780.18ms | img/sec: 2300.90
step 100138 | loss: 2.990904 | lr 4.4307e-04 | norm: 0.4927 | dt: 1661.79ms | img/sec: 2464.81
step 100139 | loss: 2.980912 | lr 4.4298e-04 | norm: 0.4588 | dt: 1660.40ms | img/sec: 2466.87
step 100140 | loss: 2.940520 | lr 4.4289e-04 | norm: 0.4831 | dt: 1660.02ms | img/sec: 2467.44
step 100141 | loss: 3.016305 | lr 4.4281e-04 | norm: 0.4824 | dt: 1656.43ms | img/sec: 2472.79
step 100142 | loss: 2.935052 | lr 4.4272e-04 | norm: 0.5172 | dt: 1658.30ms | img/sec: 2470.00
step 100143 | loss: 3.056132 | lr 4.4263e-04 | norm: 0.4968 | dt: 1662.38ms | img/sec: 2463.94
step 100144 | loss: 2.972218 | lr 4.4254e-04 | norm: 0.4751 | dt: 1661.42ms | img/sec: 2465.36
step 100145 | loss: 2.934435 | lr 4.4245e-04 | norm: 0.5010 | dt: 1652.18ms | img/sec: 2479.15
step 100146 | loss: 2.967331 | lr 4.4236e-04 | norm: 0.4939 | dt: 1661.38ms | img/sec: 2465.42
step 100147 | loss: 2.899559 | lr 4.4227e-04 | norm: 0.4930 | dt: 1657.47ms | img/sec: 2471.24
step 100148 | loss: 3.098083 | lr 4.4218e-04 | norm: 0.4898 | dt: 1658.72ms | img/sec: 2469.38
step 100149 | loss: 2.960622 | lr 4.4210e-04 | norm: 0.4983 | dt: 6305.66ms | img/sec: 649.58
step 100150 | loss: 2.945322 | lr 4.4201e-04 | norm: 0.4805 | dt: 1658.74ms | img/sec: 2469.35
step 100151 | loss: 2.932690 | lr 4.4192e-04 | norm: 0.4757 | dt: 1651.43ms | img/sec: 2480.27
step 100152 | loss: 2.980641 | lr 4.4183e-04 | norm: 0.4627 | dt: 1696.80ms | img/sec: 2413.96
step 100153 | loss: 2.945295 | lr 4.4174e-04 | norm: 0.4744 | dt: 1652.90ms | img/sec: 2478.07
step 100154 | loss: 2.919456 | lr 4.4165e-04 | norm: 0.4919 | dt: 1700.63ms | img/sec: 2408.52
step 100155 | loss: 2.962499 | lr 4.4156e-04 | norm: 0.4881 | dt: 1676.18ms | img/sec: 2443.65
step 100156 | loss: 3.082393 | lr 4.4147e-04 | norm: 0.4885 | dt: 1822.85ms | img/sec: 2247.03
step 100157 | loss: 2.963863 | lr 4.4138e-04 | norm: 0.4902 | dt: 1656.59ms | img/sec: 2472.54
step 100158 | loss: 2.952818 | lr 4.4129e-04 | norm: 0.4638 | dt: 1755.79ms | img/sec: 2332.85
step 100159 | loss: 2.941423 | lr 4.4120e-04 | norm: 0.4730 | dt: 1654.66ms | img/sec: 2475.43
step 100160 | loss: 3.013968 | lr 4.4111e-04 | norm: 0.5022 | dt: 1651.52ms | img/sec: 2480.14
step 100161 | loss: 2.925181 | lr 4.4102e-04 | norm: 0.4801 | dt: 1666.19ms | img/sec: 2458.30
step 100162 | loss: 2.922674 | lr 4.4093e-04 | norm: 0.4775 | dt: 1656.63ms | img/sec: 2472.49
step 100163 | loss: 3.021943 | lr 4.4084e-04 | norm: 0.4841 | dt: 1666.73ms | img/sec: 2457.51
step 100164 | loss: 3.008763 | lr 4.4075e-04 | norm: 0.4721 | dt: 1661.17ms | img/sec: 2465.73
step 100165 | loss: 3.003168 | lr 4.4066e-04 | norm: 0.5119 | dt: 1652.75ms | img/sec: 2478.29
step 100166 | loss: 2.982639 | lr 4.4057e-04 | norm: 0.4835 | dt: 1704.02ms | img/sec: 2403.73
step 100167 | loss: 2.891950 | lr 4.4048e-04 | norm: 0.5114 | dt: 1690.82ms | img/sec: 2422.49
step 100168 | loss: 2.931300 | lr 4.4039e-04 | norm: 0.4734 | dt: 1657.35ms | img/sec: 2471.41
step 100169 | loss: 2.974719 | lr 4.4030e-04 | norm: 0.4692 | dt: 1655.39ms | img/sec: 2474.35
step 100170 | loss: 3.021907 | lr 4.4021e-04 | norm: 0.4771 | dt: 1692.60ms | img/sec: 2419.95
step 100171 | loss: 3.003295 | lr 4.4012e-04 | norm: 0.4744 | dt: 1768.44ms | img/sec: 2316.17
step 100172 | loss: 3.007683 | lr 4.4003e-04 | norm: 0.5144 | dt: 1720.56ms | img/sec: 2380.62
step 100173 | loss: 2.942050 | lr 4.3994e-04 | norm: 0.4796 | dt: 1651.18ms | img/sec: 2480.66
step 100174 | loss: 2.999358 | lr 4.3985e-04 | norm: 0.4822 | dt: 1652.52ms | img/sec: 2478.64
step 100175 | loss: 2.993271 | lr 4.3976e-04 | norm: 0.5002 | dt: 1677.07ms | img/sec: 2442.36
step 100176 | loss: 2.992975 | lr 4.3967e-04 | norm: 0.4829 | dt: 1708.26ms | img/sec: 2397.76
step 100177 | loss: 2.963542 | lr 4.3958e-04 | norm: 0.4645 | dt: 1659.18ms | img/sec: 2468.69
step 100178 | loss: 2.952414 | lr 4.3949e-04 | norm: 0.4942 | dt: 1664.04ms | img/sec: 2461.49
step 100179 | loss: 2.969522 | lr 4.3940e-04 | norm: 0.4790 | dt: 1823.88ms | img/sec: 2245.76
step 100180 | loss: 2.972646 | lr 4.3931e-04 | norm: 0.4809 | dt: 1680.88ms | img/sec: 2436.82
step 100181 | loss: 2.911307 | lr 4.3922e-04 | norm: 0.4693 | dt: 1665.52ms | img/sec: 2459.30
step 100182 | loss: 2.955490 | lr 4.3913e-04 | norm: 0.4682 | dt: 1669.59ms | img/sec: 2453.30
step 100183 | loss: 2.926780 | lr 4.3904e-04 | norm: 0.4940 | dt: 1687.46ms | img/sec: 2427.32
step 100184 | loss: 3.000481 | lr 4.3895e-04 | norm: 0.4816 | dt: 1690.56ms | img/sec: 2422.86
step 100185 | loss: 2.974858 | lr 4.3885e-04 | norm: 0.4694 | dt: 1686.95ms | img/sec: 2428.06
step 100186 | loss: 2.945856 | lr 4.3876e-04 | norm: 0.4755 | dt: 1712.22ms | img/sec: 2392.21
step 100187 | loss: 3.018711 | lr 4.3867e-04 | norm: 0.4880 | dt: 1744.46ms | img/sec: 2348.00
step 100188 | loss: 2.955431 | lr 4.3858e-04 | norm: 0.4965 | dt: 1713.99ms | img/sec: 2389.74
step 100189 | loss: 2.939296 | lr 4.3849e-04 | norm: 0.4744 | dt: 1662.41ms | img/sec: 2463.89
step 100190 | loss: 2.944790 | lr 4.3840e-04 | norm: 0.4892 | dt: 1653.46ms | img/sec: 2477.23
step 100191 | loss: 2.950898 | lr 4.3831e-04 | norm: 0.4843 | dt: 1697.73ms | img/sec: 2412.64
step 100192 | loss: 2.912596 | lr 4.3821e-04 | norm: 0.4964 | dt: 1658.50ms | img/sec: 2469.70
step 100193 | loss: 2.969002 | lr 4.3812e-04 | norm: 0.4872 | dt: 1721.95ms | img/sec: 2378.70
step 100194 | loss: 2.966325 | lr 4.3803e-04 | norm: 0.5042 | dt: 1719.80ms | img/sec: 2381.67
step 100195 | loss: 2.966491 | lr 4.3794e-04 | norm: 0.4788 | dt: 1666.00ms | img/sec: 2458.58
step 100196 | loss: 2.994000 | lr 4.3785e-04 | norm: 0.5030 | dt: 1660.61ms | img/sec: 2466.56
step 100197 | loss: 3.029729 | lr 4.3776e-04 | norm: 0.5139 | dt: 1647.89ms | img/sec: 2485.61
step 100198 | loss: 2.897975 | lr 4.3766e-04 | norm: 0.4820 | dt: 1702.21ms | img/sec: 2406.29
step 100199 | loss: 2.979789 | lr 4.3757e-04 | norm: 0.4670 | dt: 1683.69ms | img/sec: 2432.75
step 100200 | loss: 2.941779 | lr 4.3748e-04 | norm: 0.5180 | dt: 1728.34ms | img/sec: 2369.91
step 100201 | loss: 2.931042 | lr 4.3739e-04 | norm: 0.4983 | dt: 1700.89ms | img/sec: 2408.15
step 100202 | loss: 2.909055 | lr 4.3730e-04 | norm: 0.4653 | dt: 1722.31ms | img/sec: 2378.20
step 100203 | loss: 2.999900 | lr 4.3720e-04 | norm: 0.4990 | dt: 1662.27ms | img/sec: 2464.10
step 100204 | loss: 2.921078 | lr 4.3711e-04 | norm: 0.4703 | dt: 1652.51ms | img/sec: 2478.65
step 100205 | loss: 2.948157 | lr 4.3702e-04 | norm: 0.5047 | dt: 1750.58ms | img/sec: 2339.80
step 100206 | loss: 2.955464 | lr 4.3693e-04 | norm: 0.4786 | dt: 1707.66ms | img/sec: 2398.61
step 100207 | loss: 2.929120 | lr 4.3684e-04 | norm: 0.4831 | dt: 1677.59ms | img/sec: 2441.59
step 100208 | loss: 2.970584 | lr 4.3674e-04 | norm: 0.4921 | dt: 1710.97ms | img/sec: 2393.97
step 100209 | loss: 2.882660 | lr 4.3665e-04 | norm: 0.4539 | dt: 1679.46ms | img/sec: 2438.88
step 100210 | loss: 2.938871 | lr 4.3656e-04 | norm: 0.4740 | dt: 1703.11ms | img/sec: 2405.01
step 100211 | loss: 2.921893 | lr 4.3647e-04 | norm: 0.4794 | dt: 1656.42ms | img/sec: 2472.81
step 100212 | loss: 2.897292 | lr 4.3637e-04 | norm: 0.4863 | dt: 1658.36ms | img/sec: 2469.91
step 100213 | loss: 3.029724 | lr 4.3628e-04 | norm: 0.5118 | dt: 1657.55ms | img/sec: 2471.11
step 100214 | loss: 2.981732 | lr 4.3619e-04 | norm: 0.4918 | dt: 1656.65ms | img/sec: 2472.46
step 100215 | loss: 2.875984 | lr 4.3609e-04 | norm: 0.4835 | dt: 1688.25ms | img/sec: 2426.19
step 100216 | loss: 3.004532 | lr 4.3600e-04 | norm: 0.4822 | dt: 1667.79ms | img/sec: 2455.94
step 100217 | loss: 3.018168 | lr 4.3591e-04 | norm: 0.4887 | dt: 1648.00ms | img/sec: 2485.43
step 100218 | loss: 2.974886 | lr 4.3582e-04 | norm: 0.5030 | dt: 1783.03ms | img/sec: 2297.21
step 100219 | loss: 3.021159 | lr 4.3572e-04 | norm: 0.5238 | dt: 1659.19ms | img/sec: 2468.68
step 100220 | loss: 3.055918 | lr 4.3563e-04 | norm: 0.5121 | dt: 1731.26ms | img/sec: 2365.91
step 100221 | loss: 3.015255 | lr 4.3554e-04 | norm: 0.4937 | dt: 1715.04ms | img/sec: 2388.28
step 100222 | loss: 2.980729 | lr 4.3544e-04 | norm: 0.4725 | dt: 1690.04ms | img/sec: 2423.61
step 100223 | loss: 2.977208 | lr 4.3535e-04 | norm: 0.5197 | dt: 1662.37ms | img/sec: 2463.95
step 100224 | loss: 3.008614 | lr 4.3526e-04 | norm: 0.4786 | dt: 1672.60ms | img/sec: 2448.88
step 100225 | loss: 2.918185 | lr 4.3516e-04 | norm: 0.4778 | dt: 1751.86ms | img/sec: 2338.08
step 100226 | loss: 2.950521 | lr 4.3507e-04 | norm: 0.4780 | dt: 1695.49ms | img/sec: 2415.82
step 100227 | loss: 2.895940 | lr 4.3498e-04 | norm: 0.4663 | dt: 1749.08ms | img/sec: 2341.81
step 100228 | loss: 2.967716 | lr 4.3488e-04 | norm: 0.4762 | dt: 1657.76ms | img/sec: 2470.80
step 100229 | loss: 2.932774 | lr 4.3479e-04 | norm: 0.4529 | dt: 1700.48ms | img/sec: 2408.74
step 100230 | loss: 2.958539 | lr 4.3470e-04 | norm: 0.4749 | dt: 1699.87ms | img/sec: 2409.59
step 100231 | loss: 2.895354 | lr 4.3460e-04 | norm: 0.4657 | dt: 1709.49ms | img/sec: 2396.03
step 100232 | loss: 2.938847 | lr 4.3451e-04 | norm: 0.4680 | dt: 1709.22ms | img/sec: 2396.42
step 100233 | loss: 3.004531 | lr 4.3441e-04 | norm: 0.5035 | dt: 1719.85ms | img/sec: 2381.60
step 100234 | loss: 2.958661 | lr 4.3432e-04 | norm: 0.5074 | dt: 1659.13ms | img/sec: 2468.76
step 100235 | loss: 3.011201 | lr 4.3423e-04 | norm: 0.5005 | dt: 1717.67ms | img/sec: 2384.63
step 100236 | loss: 2.976373 | lr 4.3413e-04 | norm: 0.4974 | dt: 1662.34ms | img/sec: 2464.00
step 100237 | loss: 2.984836 | lr 4.3404e-04 | norm: 0.4891 | dt: 1654.38ms | img/sec: 2475.86
step 100238 | loss: 3.028423 | lr 4.3394e-04 | norm: 0.5139 | dt: 1695.14ms | img/sec: 2416.32
step 100239 | loss: 3.018999 | lr 4.3385e-04 | norm: 0.4802 | dt: 1657.19ms | img/sec: 2471.66
step 100240 | loss: 2.960764 | lr 4.3376e-04 | norm: 0.4861 | dt: 1655.68ms | img/sec: 2473.92
step 100241 | loss: 2.989623 | lr 4.3366e-04 | norm: 0.5111 | dt: 1656.71ms | img/sec: 2472.38
step 100242 | loss: 2.960600 | lr 4.3357e-04 | norm: 0.5219 | dt: 1660.41ms | img/sec: 2466.87
step 100243 | loss: 2.970461 | lr 4.3347e-04 | norm: 0.4764 | dt: 1709.98ms | img/sec: 2395.35
step 100244 | loss: 2.937593 | lr 4.3338e-04 | norm: 0.4691 | dt: 1670.28ms | img/sec: 2452.28
step 100245 | loss: 2.998618 | lr 4.3328e-04 | norm: 0.5000 | dt: 1666.43ms | img/sec: 2457.95
step 100246 | loss: 2.919343 | lr 4.3319e-04 | norm: 0.5009 | dt: 1712.47ms | img/sec: 2391.87
step 100247 | loss: 2.980944 | lr 4.3309e-04 | norm: 0.4968 | dt: 1654.24ms | img/sec: 2476.06
step 100248 | loss: 2.999226 | lr 4.3300e-04 | norm: 0.4935 | dt: 1750.04ms | img/sec: 2340.52
step 100249 | loss: 3.008294 | lr 4.3290e-04 | norm: 0.5168 | dt: 1658.53ms | img/sec: 2469.66
step 100250 | loss: 2.937817 | lr 4.3281e-04 | norm: 0.4930 | dt: 1657.89ms | img/sec: 2470.61
step 100251 | loss: 3.001857 | lr 4.3271e-04 | norm: 0.5043 | dt: 1687.79ms | img/sec: 2426.85
step 100252 | loss: 2.934353 | lr 4.3262e-04 | norm: 0.4880 | dt: 1663.75ms | img/sec: 2461.91
step 100253 | loss: 3.010598 | lr 4.3252e-04 | norm: 0.5153 | dt: 1711.59ms | img/sec: 2393.10
step 100254 | loss: 2.987593 | lr 4.3243e-04 | norm: 0.5118 | dt: 1671.17ms | img/sec: 2450.98
step 100255 | loss: 2.998477 | lr 4.3233e-04 | norm: 0.4891 | dt: 1672.63ms | img/sec: 2448.84
step 100256 | loss: 2.970472 | lr 4.3224e-04 | norm: 0.5298 | dt: 1652.60ms | img/sec: 2478.52
step 100257 | loss: 2.926305 | lr 4.3214e-04 | norm: 0.5029 | dt: 1722.31ms | img/sec: 2378.20
step 100258 | loss: 2.975549 | lr 4.3205e-04 | norm: 0.4912 | dt: 1653.14ms | img/sec: 2477.71
step 100259 | loss: 2.895868 | lr 4.3195e-04 | norm: 0.4788 | dt: 1702.07ms | img/sec: 2406.48
step 100260 | loss: 3.034093 | lr 4.3186e-04 | norm: 0.5135 | dt: 1657.09ms | img/sec: 2471.81
step 100261 | loss: 2.965558 | lr 4.3176e-04 | norm: 0.4742 | dt: 1705.49ms | img/sec: 2401.66
step 100262 | loss: 2.887277 | lr 4.3167e-04 | norm: 0.4769 | dt: 1664.73ms | img/sec: 2460.46
step 100263 | loss: 2.909114 | lr 4.3157e-04 | norm: 0.5166 | dt: 1679.54ms | img/sec: 2438.77
step 100264 | loss: 2.882929 | lr 4.3148e-04 | norm: 0.4753 | dt: 1659.29ms | img/sec: 2468.53
step 100265 | loss: 2.964325 | lr 4.3138e-04 | norm: 0.4996 | dt: 1663.76ms | img/sec: 2461.89
step 100266 | loss: 2.945288 | lr 4.3129e-04 | norm: 0.4797 | dt: 1748.25ms | img/sec: 2342.92
step 100267 | loss: 2.952996 | lr 4.3119e-04 | norm: 0.4638 | dt: 1659.49ms | img/sec: 2468.23
step 100268 | loss: 2.983297 | lr 4.3109e-04 | norm: 0.4813 | dt: 1652.02ms | img/sec: 2479.38
step 100269 | loss: 2.965354 | lr 4.3100e-04 | norm: 0.4918 | dt: 1812.52ms | img/sec: 2259.84
step 100270 | loss: 2.986310 | lr 4.3090e-04 | norm: 0.4974 | dt: 1663.76ms | img/sec: 2461.89
step 100271 | loss: 2.972420 | lr 4.3081e-04 | norm: 0.5061 | dt: 1655.70ms | img/sec: 2473.88
step 100272 | loss: 2.950565 | lr 4.3071e-04 | norm: 0.4762 | dt: 1810.54ms | img/sec: 2262.31
step 100273 | loss: 3.000662 | lr 4.3061e-04 | norm: 0.5021 | dt: 1702.20ms | img/sec: 2406.30
step 100274 | loss: 2.972868 | lr 4.3052e-04 | norm: 0.5185 | dt: 1748.23ms | img/sec: 2342.94
step 100275 | loss: 2.922634 | lr 4.3042e-04 | norm: 0.4797 | dt: 1660.69ms | img/sec: 2466.44
step 100276 | loss: 2.959051 | lr 4.3032e-04 | norm: 0.4561 | dt: 1680.16ms | img/sec: 2437.87
step 100277 | loss: 2.936066 | lr 4.3023e-04 | norm: 0.4946 | dt: 1748.34ms | img/sec: 2342.80
step 100278 | loss: 2.926010 | lr 4.3013e-04 | norm: 0.4787 | dt: 1725.01ms | img/sec: 2374.48
step 100279 | loss: 2.978413 | lr 4.3004e-04 | norm: 0.4753 | dt: 1682.90ms | img/sec: 2433.89
step 100280 | loss: 2.982365 | lr 4.2994e-04 | norm: 0.4692 | dt: 1653.08ms | img/sec: 2477.79
step 100281 | loss: 3.020580 | lr 4.2984e-04 | norm: 0.4897 | dt: 1760.09ms | img/sec: 2327.15
step 100282 | loss: 2.859045 | lr 4.2975e-04 | norm: 0.4736 | dt: 1657.39ms | img/sec: 2471.35
step 100283 | loss: 2.928528 | lr 4.2965e-04 | norm: 0.4775 | dt: 1663.98ms | img/sec: 2461.57
step 100284 | loss: 2.941016 | lr 4.2955e-04 | norm: 0.4807 | dt: 1832.01ms | img/sec: 2235.79
step 100285 | loss: 3.023386 | lr 4.2946e-04 | norm: 0.5343 | dt: 1654.88ms | img/sec: 2475.10
step 100286 | loss: 2.871156 | lr 4.2936e-04 | norm: 0.4573 | dt: 1710.14ms | img/sec: 2395.12
step 100287 | loss: 2.940050 | lr 4.2926e-04 | norm: 0.4667 | dt: 1650.43ms | img/sec: 2481.77
step 100288 | loss: 2.910880 | lr 4.2917e-04 | norm: 0.5225 | dt: 1740.03ms | img/sec: 2353.98
step 100289 | loss: 2.933513 | lr 4.2907e-04 | norm: 0.5034 | dt: 1680.20ms | img/sec: 2437.81
step 100290 | loss: 2.932705 | lr 4.2897e-04 | norm: 0.4952 | dt: 1737.71ms | img/sec: 2357.12
step 100291 | loss: 3.027678 | lr 4.2887e-04 | norm: 0.5287 | dt: 1670.95ms | img/sec: 2451.30
step 100292 | loss: 2.966644 | lr 4.2878e-04 | norm: 0.5345 | dt: 1669.23ms | img/sec: 2453.82
step 100293 | loss: 2.937024 | lr 4.2868e-04 | norm: 0.4922 | dt: 1747.89ms | img/sec: 2343.40
step 100294 | loss: 2.954437 | lr 4.2858e-04 | norm: 0.4991 | dt: 1739.54ms | img/sec: 2354.65
step 100295 | loss: 2.912917 | lr 4.2849e-04 | norm: 0.4807 | dt: 1722.51ms | img/sec: 2377.92
step 100296 | loss: 2.939260 | lr 4.2839e-04 | norm: 0.4822 | dt: 1746.67ms | img/sec: 2345.04
step 100297 | loss: 2.852240 | lr 4.2829e-04 | norm: 0.4745 | dt: 1661.62ms | img/sec: 2465.06
step 100298 | loss: 2.919888 | lr 4.2819e-04 | norm: 0.4846 | dt: 1721.53ms | img/sec: 2379.27
step 100299 | loss: 2.997728 | lr 4.2810e-04 | norm: 0.4969 | dt: 1664.28ms | img/sec: 2461.12
step 100300 | loss: 2.901213 | lr 4.2800e-04 | norm: 0.4774 | dt: 1662.40ms | img/sec: 2463.91
step 100301 | loss: 3.029549 | lr 4.2790e-04 | norm: 0.4973 | dt: 1660.39ms | img/sec: 2466.89
step 100302 | loss: 3.072409 | lr 4.2780e-04 | norm: 0.4785 | dt: 1727.10ms | img/sec: 2371.60
step 100303 | loss: 2.948269 | lr 4.2770e-04 | norm: 0.4923 | dt: 1673.32ms | img/sec: 2447.82
step 100304 | loss: 2.917577 | lr 4.2761e-04 | norm: 0.5001 | dt: 1715.57ms | img/sec: 2387.54
step 100305 | loss: 2.990242 | lr 4.2751e-04 | norm: 0.4873 | dt: 1661.89ms | img/sec: 2464.67
step 100306 | loss: 2.949573 | lr 4.2741e-04 | norm: 0.4738 | dt: 1665.56ms | img/sec: 2459.23
step 100307 | loss: 2.961216 | lr 4.2731e-04 | norm: 0.4876 | dt: 1661.38ms | img/sec: 2465.42
step 100308 | loss: 2.914304 | lr 4.2721e-04 | norm: 0.4895 | dt: 1659.64ms | img/sec: 2468.01
step 100309 | loss: 2.917234 | lr 4.2712e-04 | norm: 0.4744 | dt: 1745.27ms | img/sec: 2346.92
step 100310 | loss: 2.983442 | lr 4.2702e-04 | norm: 0.4990 | dt: 1668.71ms | img/sec: 2454.59
step 100311 | loss: 2.921531 | lr 4.2692e-04 | norm: 0.5021 | dt: 1764.30ms | img/sec: 2321.60
step 100312 | loss: 2.951228 | lr 4.2682e-04 | norm: 0.5208 | dt: 1657.08ms | img/sec: 2471.82
step 100313 | loss: 2.963390 | lr 4.2672e-04 | norm: 0.4763 | dt: 1711.69ms | img/sec: 2392.96
step 100314 | loss: 2.976708 | lr 4.2663e-04 | norm: 0.4890 | dt: 1690.20ms | img/sec: 2423.38
step 100315 | loss: 2.864687 | lr 4.2653e-04 | norm: 0.4652 | dt: 1663.98ms | img/sec: 2461.57
step 100316 | loss: 2.889975 | lr 4.2643e-04 | norm: 0.4737 | dt: 1722.44ms | img/sec: 2378.02
step 100317 | loss: 2.986970 | lr 4.2633e-04 | norm: 0.4839 | dt: 1750.93ms | img/sec: 2339.33
step 100318 | loss: 2.967994 | lr 4.2623e-04 | norm: 0.4896 | dt: 1764.12ms | img/sec: 2321.84
step 100319 | loss: 2.877760 | lr 4.2613e-04 | norm: 0.4773 | dt: 1714.28ms | img/sec: 2389.33
step 100320 | loss: 2.871322 | lr 4.2603e-04 | norm: 0.4688 | dt: 1661.32ms | img/sec: 2465.50
step 100321 | loss: 2.935213 | lr 4.2594e-04 | norm: 0.4886 | dt: 1706.98ms | img/sec: 2399.56
step 100322 | loss: 2.971363 | lr 4.2584e-04 | norm: 0.4816 | dt: 1793.39ms | img/sec: 2283.94
step 100323 | loss: 2.940394 | lr 4.2574e-04 | norm: 0.4841 | dt: 1721.49ms | img/sec: 2379.33
step 100324 | loss: 2.936000 | lr 4.2564e-04 | norm: 0.4752 | dt: 1661.94ms | img/sec: 2464.59
step 100325 | loss: 2.965559 | lr 4.2554e-04 | norm: 0.4997 | dt: 1710.33ms | img/sec: 2394.86
step 100326 | loss: 2.943907 | lr 4.2544e-04 | norm: 0.4696 | dt: 1653.97ms | img/sec: 2476.46
step 100327 | loss: 2.933189 | lr 4.2534e-04 | norm: 0.5104 | dt: 1654.99ms | img/sec: 2474.94
step 100328 | loss: 2.933928 | lr 4.2524e-04 | norm: 0.5034 | dt: 1705.97ms | img/sec: 2400.99
step 100329 | loss: 2.944638 | lr 4.2514e-04 | norm: 0.4909 | dt: 1765.00ms | img/sec: 2320.68
step 100330 | loss: 2.911944 | lr 4.2504e-04 | norm: 0.5081 | dt: 1665.65ms | img/sec: 2459.10
step 100331 | loss: 2.933756 | lr 4.2495e-04 | norm: 0.4781 | dt: 1703.41ms | img/sec: 2404.59
step 100332 | loss: 2.995606 | lr 4.2485e-04 | norm: 0.4990 | dt: 1690.06ms | img/sec: 2423.58
step 100333 | loss: 2.936282 | lr 4.2475e-04 | norm: 0.5042 | dt: 1700.24ms | img/sec: 2409.07
step 100334 | loss: 2.914773 | lr 4.2465e-04 | norm: 0.4761 | dt: 1668.91ms | img/sec: 2454.30
step 100335 | loss: 2.938258 | lr 4.2455e-04 | norm: 0.4693 | dt: 1699.71ms | img/sec: 2409.83
step 100336 | loss: 2.932710 | lr 4.2445e-04 | norm: 0.4823 | dt: 1664.93ms | img/sec: 2460.16
step 100337 | loss: 3.047060 | lr 4.2435e-04 | norm: 0.4959 | dt: 1662.04ms | img/sec: 2464.44
step 100338 | loss: 2.940147 | lr 4.2425e-04 | norm: 0.4694 | dt: 1751.56ms | img/sec: 2338.48
step 100339 | loss: 2.967519 | lr 4.2415e-04 | norm: 0.5010 | dt: 1761.70ms | img/sec: 2325.02
step 100340 | loss: 3.046303 | lr 4.2405e-04 | norm: 0.4850 | dt: 1671.87ms | img/sec: 2449.96
step 100341 | loss: 2.950187 | lr 4.2395e-04 | norm: 0.5015 | dt: 1660.92ms | img/sec: 2466.10
step 100342 | loss: 2.949880 | lr 4.2385e-04 | norm: 0.4943 | dt: 1783.65ms | img/sec: 2296.42
step 100343 | loss: 2.856336 | lr 4.2375e-04 | norm: 0.4652 | dt: 1725.20ms | img/sec: 2374.22
step 100344 | loss: 2.915171 | lr 4.2365e-04 | norm: 0.4969 | dt: 1659.02ms | img/sec: 2468.93
step 100345 | loss: 2.953801 | lr 4.2355e-04 | norm: 0.5109 | dt: 1704.89ms | img/sec: 2402.50
step 100346 | loss: 2.960550 | lr 4.2345e-04 | norm: 0.4866 | dt: 1671.26ms | img/sec: 2450.85
step 100347 | loss: 2.843804 | lr 4.2335e-04 | norm: 0.4661 | dt: 1703.81ms | img/sec: 2404.02
step 100348 | loss: 2.951828 | lr 4.2325e-04 | norm: 0.4965 | dt: 1652.49ms | img/sec: 2478.69
step 100349 | loss: 2.935576 | lr 4.2315e-04 | norm: 0.4831 | dt: 1726.48ms | img/sec: 2372.46
step 100350 | loss: 2.952031 | lr 4.2305e-04 | norm: 0.4671 | dt: 1667.52ms | img/sec: 2456.34
step 100351 | loss: 2.895973 | lr 4.2295e-04 | norm: 0.4853 | dt: 1660.41ms | img/sec: 2466.86
step 100352 | loss: 3.022707 | lr 4.2285e-04 | norm: 0.4861 | dt: 1709.26ms | img/sec: 2396.35
step 100353 | loss: 2.963632 | lr 4.2275e-04 | norm: 0.4965 | dt: 1661.37ms | img/sec: 2465.44
step 100354 | loss: 3.028769 | lr 4.2265e-04 | norm: 0.4775 | dt: 1662.93ms | img/sec: 2463.12
step 100355 | loss: 3.053002 | lr 4.2255e-04 | norm: 0.4971 | dt: 1702.73ms | img/sec: 2405.56
step 100356 | loss: 2.870479 | lr 4.2245e-04 | norm: 0.4875 | dt: 1730.70ms | img/sec: 2366.67
step 100357 | loss: 2.902133 | lr 4.2234e-04 | norm: 0.4860 | dt: 1724.10ms | img/sec: 2375.73
step 100358 | loss: 2.921052 | lr 4.2224e-04 | norm: 0.4849 | dt: 1719.43ms | img/sec: 2382.18
step 100359 | loss: 2.969414 | lr 4.2214e-04 | norm: 0.5121 | dt: 1738.27ms | img/sec: 2356.37
step 100360 | loss: 2.954774 | lr 4.2204e-04 | norm: 0.4871 | dt: 1691.47ms | img/sec: 2421.56
step 100361 | loss: 2.960980 | lr 4.2194e-04 | norm: 0.5057 | dt: 1742.40ms | img/sec: 2350.78
step 100362 | loss: 2.943369 | lr 4.2184e-04 | norm: 0.4950 | dt: 1752.15ms | img/sec: 2337.70
step 100363 | loss: 2.877351 | lr 4.2174e-04 | norm: 0.4667 | dt: 1769.08ms | img/sec: 2315.32
step 100364 | loss: 2.916360 | lr 4.2164e-04 | norm: 0.5060 | dt: 1732.65ms | img/sec: 2364.01
step 100365 | loss: 2.906546 | lr 4.2154e-04 | norm: 0.4898 | dt: 1699.25ms | img/sec: 2410.48
step 100366 | loss: 2.934755 | lr 4.2144e-04 | norm: 0.4754 | dt: 1664.21ms | img/sec: 2461.23
step 100367 | loss: 2.991253 | lr 4.2134e-04 | norm: 0.4970 | dt: 1746.08ms | img/sec: 2345.82
step 100368 | loss: 2.955792 | lr 4.2123e-04 | norm: 0.5030 | dt: 1663.36ms | img/sec: 2462.49
step 100369 | loss: 3.013149 | lr 4.2113e-04 | norm: 0.5241 | dt: 1724.23ms | img/sec: 2375.55
step 100370 | loss: 2.989499 | lr 4.2103e-04 | norm: 0.4621 | dt: 1707.12ms | img/sec: 2399.36
step 100371 | loss: 2.972829 | lr 4.2093e-04 | norm: 0.4928 | dt: 1656.18ms | img/sec: 2473.16
step 100372 | loss: 2.914685 | lr 4.2083e-04 | norm: 0.4800 | dt: 1676.22ms | img/sec: 2443.59
step 100373 | loss: 2.916347 | lr 4.2073e-04 | norm: 0.4992 | dt: 1660.62ms | img/sec: 2466.54
step 100374 | loss: 2.879539 | lr 4.2063e-04 | norm: 0.4771 | dt: 1667.67ms | img/sec: 2456.11
step 100375 | loss: 2.918641 | lr 4.2052e-04 | norm: 0.4934 | dt: 1669.29ms | img/sec: 2453.74
step 100376 | loss: 2.948247 | lr 4.2042e-04 | norm: 0.4959 | dt: 1653.42ms | img/sec: 2477.29
step 100377 | loss: 3.038303 | lr 4.2032e-04 | norm: 0.5089 | dt: 1700.16ms | img/sec: 2409.18
step 100378 | loss: 3.010650 | lr 4.2022e-04 | norm: 0.5184 | dt: 1665.30ms | img/sec: 2459.62
step 100379 | loss: 2.965497 | lr 4.2012e-04 | norm: 0.4859 | dt: 1665.42ms | img/sec: 2459.44
step 100380 | loss: 2.888386 | lr 4.2001e-04 | norm: 0.4765 | dt: 1700.98ms | img/sec: 2408.02
step 100381 | loss: 2.968840 | lr 4.1991e-04 | norm: 0.4893 | dt: 1752.10ms | img/sec: 2337.77
step 100382 | loss: 2.910038 | lr 4.1981e-04 | norm: 0.4770 | dt: 1662.73ms | img/sec: 2463.43
step 100383 | loss: 2.950613 | lr 4.1971e-04 | norm: 0.4947 | dt: 1656.71ms | img/sec: 2472.37
step 100384 | loss: 2.995191 | lr 4.1961e-04 | norm: 0.4820 | dt: 1669.67ms | img/sec: 2453.18
step 100385 | loss: 2.944993 | lr 4.1950e-04 | norm: 0.4921 | dt: 1723.99ms | img/sec: 2375.88
step 100386 | loss: 2.931345 | lr 4.1940e-04 | norm: 0.4769 | dt: 1664.56ms | img/sec: 2460.72
step 100387 | loss: 2.898286 | lr 4.1930e-04 | norm: 0.5085 | dt: 1663.81ms | img/sec: 2461.83
step 100388 | loss: 2.890049 | lr 4.1920e-04 | norm: 0.5023 | dt: 1737.62ms | img/sec: 2357.25
step 100389 | loss: 2.921888 | lr 4.1910e-04 | norm: 0.4891 | dt: 1735.92ms | img/sec: 2359.55
step 100390 | loss: 2.943707 | lr 4.1899e-04 | norm: 0.4909 | dt: 1702.26ms | img/sec: 2406.22
step 100391 | loss: 2.944929 | lr 4.1889e-04 | norm: 0.5244 | dt: 1692.03ms | img/sec: 2420.77
step 100392 | loss: 3.019605 | lr 4.1879e-04 | norm: 0.5175 | dt: 1660.93ms | img/sec: 2466.09
step 100393 | loss: 2.986944 | lr 4.1869e-04 | norm: 0.5151 | dt: 1674.59ms | img/sec: 2445.97
step 100394 | loss: 3.035726 | lr 4.1858e-04 | norm: 0.5043 | dt: 1650.27ms | img/sec: 2482.02
step 100395 | loss: 2.942566 | lr 4.1848e-04 | norm: 0.5112 | dt: 1649.98ms | img/sec: 2482.45
step 100396 | loss: 2.896667 | lr 4.1838e-04 | norm: 0.4956 | dt: 1709.89ms | img/sec: 2395.47
step 100397 | loss: 2.972973 | lr 4.1827e-04 | norm: 0.4930 | dt: 1698.73ms | img/sec: 2411.22
step 100398 | loss: 2.974372 | lr 4.1817e-04 | norm: 0.5043 | dt: 1766.55ms | img/sec: 2318.65
step 100399 | loss: 2.918308 | lr 4.1807e-04 | norm: 0.4664 | dt: 1706.86ms | img/sec: 2399.73
step 100400 | loss: 2.928686 | lr 4.1797e-04 | norm: 0.4691 | dt: 1658.27ms | img/sec: 2470.04
step 100401 | loss: 2.921448 | lr 4.1786e-04 | norm: 0.4932 | dt: 1734.01ms | img/sec: 2362.15
step 100402 | loss: 2.911649 | lr 4.1776e-04 | norm: 0.4695 | dt: 1652.46ms | img/sec: 2478.72
step 100403 | loss: 2.931272 | lr 4.1766e-04 | norm: 0.4771 | dt: 1662.02ms | img/sec: 2464.48
step 100404 | loss: 2.940055 | lr 4.1755e-04 | norm: 0.4640 | dt: 1661.79ms | img/sec: 2464.82
step 100405 | loss: 2.975163 | lr 4.1745e-04 | norm: 0.4857 | dt: 1763.03ms | img/sec: 2323.27
step 100406 | loss: 2.976239 | lr 4.1735e-04 | norm: 0.5039 | dt: 1660.08ms | img/sec: 2467.35
step 100407 | loss: 3.033031 | lr 4.1724e-04 | norm: 0.5176 | dt: 1677.10ms | img/sec: 2442.31
step 100408 | loss: 3.044138 | lr 4.1714e-04 | norm: 0.4815 | dt: 1736.20ms | img/sec: 2359.17
step 100409 | loss: 2.940336 | lr 4.1704e-04 | norm: 0.5030 | dt: 1659.52ms | img/sec: 2468.18
step 100410 | loss: 3.012849 | lr 4.1693e-04 | norm: 0.5457 | dt: 1662.74ms | img/sec: 2463.40
step 100411 | loss: 2.963260 | lr 4.1683e-04 | norm: 0.5105 | dt: 1796.74ms | img/sec: 2279.68
step 100412 | loss: 2.991858 | lr 4.1673e-04 | norm: 0.5004 | dt: 1705.13ms | img/sec: 2402.16
step 100413 | loss: 2.864260 | lr 4.1662e-04 | norm: 0.4806 | dt: 1826.64ms | img/sec: 2242.37
step 100414 | loss: 2.929238 | lr 4.1652e-04 | norm: 0.4931 | dt: 1660.89ms | img/sec: 2466.14
step 100415 | loss: 2.890673 | lr 4.1642e-04 | norm: 0.4954 | dt: 1700.34ms | img/sec: 2408.93
step 100416 | loss: 2.935784 | lr 4.1631e-04 | norm: 0.4963 | dt: 1656.22ms | img/sec: 2473.10
step 100417 | loss: 2.889352 | lr 4.1621e-04 | norm: 0.4799 | dt: 1785.87ms | img/sec: 2293.56
step 100418 | loss: 2.971855 | lr 4.1610e-04 | norm: 0.4933 | dt: 1664.34ms | img/sec: 2461.03
step 100419 | loss: 2.976038 | lr 4.1600e-04 | norm: 0.5133 | dt: 1660.23ms | img/sec: 2467.13
step 100420 | loss: 2.921411 | lr 4.1590e-04 | norm: 0.4991 | dt: 1697.57ms | img/sec: 2412.86
step 100421 | loss: 2.948101 | lr 4.1579e-04 | norm: 0.4872 | dt: 1658.08ms | img/sec: 2470.32
step 100422 | loss: 2.919150 | lr 4.1569e-04 | norm: 0.4743 | dt: 1657.38ms | img/sec: 2471.37
step 100423 | loss: 2.977372 | lr 4.1558e-04 | norm: 0.4841 | dt: 1695.78ms | img/sec: 2415.41
step 100424 | loss: 2.899096 | lr 4.1548e-04 | norm: 0.4799 | dt: 1693.38ms | img/sec: 2418.83
step 100425 | loss: 2.963728 | lr 4.1538e-04 | norm: 0.5029 | dt: 1688.48ms | img/sec: 2425.86
step 100426 | loss: 2.971129 | lr 4.1527e-04 | norm: 0.4850 | dt: 1662.90ms | img/sec: 2463.17
step 100427 | loss: 2.936116 | lr 4.1517e-04 | norm: 0.4820 | dt: 1661.04ms | img/sec: 2465.93
step 100428 | loss: 2.953353 | lr 4.1506e-04 | norm: 0.4900 | dt: 1689.05ms | img/sec: 2425.02
step 100429 | loss: 2.917399 | lr 4.1496e-04 | norm: 0.5068 | dt: 1708.43ms | img/sec: 2397.52
step 100430 | loss: 2.939220 | lr 4.1485e-04 | norm: 0.5124 | dt: 1667.15ms | img/sec: 2456.88
step 100431 | loss: 2.903842 | lr 4.1475e-04 | norm: 0.4934 | dt: 1721.94ms | img/sec: 2378.71
step 100432 | loss: 3.048839 | lr 4.1464e-04 | norm: 0.4767 | dt: 1662.53ms | img/sec: 2463.71
step 100433 | loss: 2.964984 | lr 4.1454e-04 | norm: 0.5082 | dt: 1672.99ms | img/sec: 2448.31
step 100434 | loss: 2.959892 | lr 4.1444e-04 | norm: 0.4960 | dt: 1752.12ms | img/sec: 2337.74
step 100435 | loss: 2.864336 | lr 4.1433e-04 | norm: 0.5019 | dt: 1688.22ms | img/sec: 2426.23
step 100436 | loss: 2.898404 | lr 4.1423e-04 | norm: 0.4603 | dt: 1660.41ms | img/sec: 2466.86
step 100437 | loss: 2.836462 | lr 4.1412e-04 | norm: 0.4674 | dt: 1666.94ms | img/sec: 2457.19
step 100438 | loss: 2.902335 | lr 4.1402e-04 | norm: 0.4684 | dt: 1665.22ms | img/sec: 2459.74
step 100439 | loss: 2.967219 | lr 4.1391e-04 | norm: 0.4962 | dt: 1663.13ms | img/sec: 2462.83
step 100440 | loss: 2.935375 | lr 4.1381e-04 | norm: 0.4862 | dt: 1676.79ms | img/sec: 2442.76
step 100441 | loss: 2.975932 | lr 4.1370e-04 | norm: 0.4961 | dt: 1663.13ms | img/sec: 2462.83
step 100442 | loss: 2.961952 | lr 4.1360e-04 | norm: 0.4966 | dt: 1693.07ms | img/sec: 2419.27
step 100443 | loss: 2.849683 | lr 4.1349e-04 | norm: 0.4822 | dt: 1670.65ms | img/sec: 2451.75
step 100444 | loss: 2.958107 | lr 4.1339e-04 | norm: 0.4848 | dt: 1712.31ms | img/sec: 2392.09
step 100445 | loss: 2.854925 | lr 4.1328e-04 | norm: 0.5148 | dt: 1698.81ms | img/sec: 2411.10
step 100446 | loss: 3.012836 | lr 4.1318e-04 | norm: 0.5043 | dt: 1657.58ms | img/sec: 2471.07
step 100447 | loss: 2.911471 | lr 4.1307e-04 | norm: 0.4984 | dt: 1721.37ms | img/sec: 2379.50
step 100448 | loss: 2.902667 | lr 4.1296e-04 | norm: 0.4979 | dt: 1661.14ms | img/sec: 2465.78
step 100449 | loss: 2.922242 | lr 4.1286e-04 | norm: 0.5255 | dt: 1688.50ms | img/sec: 2425.83
step 100450 | loss: 2.908269 | lr 4.1275e-04 | norm: 0.5138 | dt: 1694.86ms | img/sec: 2416.72
step 100451 | loss: 2.955800 | lr 4.1265e-04 | norm: 0.5224 | dt: 1672.03ms | img/sec: 2449.72
step 100452 | loss: 2.960938 | lr 4.1254e-04 | norm: 0.4904 | dt: 1686.71ms | img/sec: 2428.39
step 100453 | loss: 2.987191 | lr 4.1244e-04 | norm: 0.5194 | dt: 1705.12ms | img/sec: 2402.18
step 100454 | loss: 2.971576 | lr 4.1233e-04 | norm: 0.4814 | dt: 1745.51ms | img/sec: 2346.59
step 100455 | loss: 2.951234 | lr 4.1223e-04 | norm: 0.5005 | dt: 1661.47ms | img/sec: 2465.28
step 100456 | loss: 3.007327 | lr 4.1212e-04 | norm: 0.5003 | dt: 1685.38ms | img/sec: 2430.31
step 100457 | loss: 2.895148 | lr 4.1201e-04 | norm: 0.4734 | dt: 1657.24ms | img/sec: 2471.57
step 100458 | loss: 2.939681 | lr 4.1191e-04 | norm: 0.4568 | dt: 1691.15ms | img/sec: 2422.02
step 100459 | loss: 2.917982 | lr 4.1180e-04 | norm: 0.5018 | dt: 1651.11ms | img/sec: 2480.75
step 100460 | loss: 2.942976 | lr 4.1170e-04 | norm: 0.4929 | dt: 1661.87ms | img/sec: 2464.70
step 100461 | loss: 2.912752 | lr 4.1159e-04 | norm: 0.4699 | dt: 1664.81ms | img/sec: 2460.33
step 100462 | loss: 2.948614 | lr 4.1148e-04 | norm: 0.4665 | dt: 1660.63ms | img/sec: 2466.53
step 100463 | loss: 2.923079 | lr 4.1138e-04 | norm: 0.4838 | dt: 1711.69ms | img/sec: 2392.96
step 100464 | loss: 2.950205 | lr 4.1127e-04 | norm: 0.4938 | dt: 1679.42ms | img/sec: 2438.94
step 100465 | loss: 2.949027 | lr 4.1117e-04 | norm: 0.4893 | dt: 1661.56ms | img/sec: 2465.16
step 100466 | loss: 2.906412 | lr 4.1106e-04 | norm: 0.4732 | dt: 1662.13ms | img/sec: 2464.31
step 100467 | loss: 2.898330 | lr 4.1095e-04 | norm: 0.4683 | dt: 1667.02ms | img/sec: 2457.08
step 100468 | loss: 2.874894 | lr 4.1085e-04 | norm: 0.5241 | dt: 1722.25ms | img/sec: 2378.29
step 100469 | loss: 2.963487 | lr 4.1074e-04 | norm: 0.5026 | dt: 1655.80ms | img/sec: 2473.73
step 100470 | loss: 3.000520 | lr 4.1063e-04 | norm: 0.4985 | dt: 1713.85ms | img/sec: 2389.94
step 100471 | loss: 2.996792 | lr 4.1053e-04 | norm: 0.5091 | dt: 1747.25ms | img/sec: 2344.25
step 100472 | loss: 2.997804 | lr 4.1042e-04 | norm: 0.5017 | dt: 1657.51ms | img/sec: 2471.17
step 100473 | loss: 2.936167 | lr 4.1031e-04 | norm: 0.4685 | dt: 1723.19ms | img/sec: 2376.98
step 100474 | loss: 2.942581 | lr 4.1021e-04 | norm: 0.4720 | dt: 1661.35ms | img/sec: 2465.47
step 100475 | loss: 2.972001 | lr 4.1010e-04 | norm: 0.5105 | dt: 1664.94ms | img/sec: 2460.15
step 100476 | loss: 2.925881 | lr 4.0999e-04 | norm: 0.4851 | dt: 1654.64ms | img/sec: 2475.46
step 100477 | loss: 2.885590 | lr 4.0989e-04 | norm: 0.4907 | dt: 1739.22ms | img/sec: 2355.08
step 100478 | loss: 2.977418 | lr 4.0978e-04 | norm: 0.5175 | dt: 1686.60ms | img/sec: 2428.55
step 100479 | loss: 2.870857 | lr 4.0967e-04 | norm: 0.4919 | dt: 1654.29ms | img/sec: 2475.99
step 100480 | loss: 2.913614 | lr 4.0957e-04 | norm: 0.5165 | dt: 1670.36ms | img/sec: 2452.17
step 100481 | loss: 2.905283 | lr 4.0946e-04 | norm: 0.5077 | dt: 1826.76ms | img/sec: 2242.23
step 100482 | loss: 3.025549 | lr 4.0935e-04 | norm: 0.5077 | dt: 1658.21ms | img/sec: 2470.13
step 100483 | loss: 2.914031 | lr 4.0924e-04 | norm: 0.4882 | dt: 1715.99ms | img/sec: 2386.95
step 100484 | loss: 2.951598 | lr 4.0914e-04 | norm: 0.4960 | dt: 1736.73ms | img/sec: 2358.45
step 100485 | loss: 2.917234 | lr 4.0903e-04 | norm: 0.4995 | dt: 1663.68ms | img/sec: 2462.02
step 100486 | loss: 2.921549 | lr 4.0892e-04 | norm: 0.5118 | dt: 1660.28ms | img/sec: 2467.05
step 100487 | loss: 2.914979 | lr 4.0882e-04 | norm: 0.4800 | dt: 1713.61ms | img/sec: 2390.27
step 100488 | loss: 2.901401 | lr 4.0871e-04 | norm: 0.4954 | dt: 1776.70ms | img/sec: 2305.40
step 100489 | loss: 2.913050 | lr 4.0860e-04 | norm: 0.5105 | dt: 1652.98ms | img/sec: 2477.96
step 100490 | loss: 2.904526 | lr 4.0849e-04 | norm: 0.5222 | dt: 1674.95ms | img/sec: 2445.44
step 100491 | loss: 2.938872 | lr 4.0839e-04 | norm: 0.5456 | dt: 1740.21ms | img/sec: 2353.74
step 100492 | loss: 2.949766 | lr 4.0828e-04 | norm: 0.5118 | dt: 1656.86ms | img/sec: 2472.15
step 100493 | loss: 2.925908 | lr 4.0817e-04 | norm: 0.4945 | dt: 1656.36ms | img/sec: 2472.90
step 100494 | loss: 2.893727 | lr 4.0806e-04 | norm: 0.4797 | dt: 1660.75ms | img/sec: 2466.35
step 100495 | loss: 2.955725 | lr 4.0796e-04 | norm: 0.4932 | dt: 1696.11ms | img/sec: 2414.93
step 100496 | loss: 2.876941 | lr 4.0785e-04 | norm: 0.5030 | dt: 1654.99ms | img/sec: 2474.94
step 100497 | loss: 2.943109 | lr 4.0774e-04 | norm: 0.4759 | dt: 1703.93ms | img/sec: 2403.85
step 100498 | loss: 2.921033 | lr 4.0763e-04 | norm: 0.5075 | dt: 1693.60ms | img/sec: 2418.51
step 100499 | loss: 2.883372 | lr 4.0752e-04 | norm: 0.5264 | dt: 1660.12ms | img/sec: 2467.29
step 100500 | val_loss 1.7515 | val_acc 59.99%
step 100500 | loss: 2.912700 | lr 4.0742e-04 | norm: 0.4844 | dt: 7876.51ms | img/sec: 520.03
step 100501 | loss: 3.002737 | lr 4.0731e-04 | norm: 0.4758 | dt: 1749.75ms | img/sec: 2340.91
step 100502 | loss: 2.971305 | lr 4.0720e-04 | norm: 0.4837 | dt: 1672.20ms | img/sec: 2449.47
step 100503 | loss: 2.907907 | lr 4.0709e-04 | norm: 0.5256 | dt: 1717.14ms | img/sec: 2385.36
step 100504 | loss: 2.970261 | lr 4.0698e-04 | norm: 0.5223 | dt: 1764.68ms | img/sec: 2321.10
step 100505 | loss: 2.918846 | lr 4.0688e-04 | norm: 0.4854 | dt: 1756.69ms | img/sec: 2331.66
step 100506 | loss: 2.927672 | lr 4.0677e-04 | norm: 0.4968 | dt: 1721.22ms | img/sec: 2379.71
step 100507 | loss: 3.006956 | lr 4.0666e-04 | norm: 0.5218 | dt: 1700.30ms | img/sec: 2408.99
step 100508 | loss: 2.890915 | lr 4.0655e-04 | norm: 0.4876 | dt: 1652.54ms | img/sec: 2478.60
step 100509 | loss: 2.887818 | lr 4.0644e-04 | norm: 0.4609 | dt: 1734.40ms | img/sec: 2361.62
step 100510 | loss: 2.899071 | lr 4.0633e-04 | norm: 0.4950 | dt: 1707.13ms | img/sec: 2399.34
step 100511 | loss: 2.933018 | lr 4.0623e-04 | norm: 0.5113 | dt: 1671.95ms | img/sec: 2449.84
step 100512 | loss: 2.954556 | lr 4.0612e-04 | norm: 0.4991 | dt: 1664.66ms | img/sec: 2460.56
step 100513 | loss: 2.938140 | lr 4.0601e-04 | norm: 0.4963 | dt: 1654.43ms | img/sec: 2475.77
step 100514 | loss: 3.008159 | lr 4.0590e-04 | norm: 0.5012 | dt: 1663.56ms | img/sec: 2462.20
step 100515 | loss: 2.882724 | lr 4.0579e-04 | norm: 0.4972 | dt: 1657.46ms | img/sec: 2471.25
step 100516 | loss: 2.920598 | lr 4.0568e-04 | norm: 0.5274 | dt: 1665.63ms | img/sec: 2459.14
step 100517 | loss: 2.935937 | lr 4.0557e-04 | norm: 0.4895 | dt: 1754.51ms | img/sec: 2334.56
step 100518 | loss: 2.938366 | lr 4.0546e-04 | norm: 0.4987 | dt: 1657.66ms | img/sec: 2470.96
step 100519 | loss: 2.863964 | lr 4.0536e-04 | norm: 0.4786 | dt: 1674.17ms | img/sec: 2446.59
step 100520 | loss: 2.949625 | lr 4.0525e-04 | norm: 0.5170 | dt: 1728.04ms | img/sec: 2370.31
step 100521 | loss: 2.973506 | lr 4.0514e-04 | norm: 0.4966 | dt: 1667.63ms | img/sec: 2456.17
step 100522 | loss: 2.943368 | lr 4.0503e-04 | norm: 0.4765 | dt: 1685.40ms | img/sec: 2430.29
step 100523 | loss: 2.896441 | lr 4.0492e-04 | norm: 0.4622 | dt: 1710.56ms | img/sec: 2394.54
step 100524 | loss: 2.951961 | lr 4.0481e-04 | norm: 0.4981 | dt: 1683.38ms | img/sec: 2433.20
step 100525 | loss: 3.008960 | lr 4.0470e-04 | norm: 0.5039 | dt: 1738.33ms | img/sec: 2356.28
step 100526 | loss: 2.886501 | lr 4.0459e-04 | norm: 0.5012 | dt: 1679.14ms | img/sec: 2439.34
step 100527 | loss: 2.955205 | lr 4.0448e-04 | norm: 0.4985 | dt: 1665.09ms | img/sec: 2459.93
step 100528 | loss: 2.956725 | lr 4.0437e-04 | norm: 0.4824 | dt: 1754.73ms | img/sec: 2334.26
step 100529 | loss: 2.870860 | lr 4.0426e-04 | norm: 0.4955 | dt: 1706.64ms | img/sec: 2400.04
step 100530 | loss: 2.926406 | lr 4.0416e-04 | norm: 0.4902 | dt: 1706.52ms | img/sec: 2400.21
step 100531 | loss: 2.932982 | lr 4.0405e-04 | norm: 0.4641 | dt: 1657.82ms | img/sec: 2470.71
step 100532 | loss: 2.846249 | lr 4.0394e-04 | norm: 0.4729 | dt: 1703.84ms | img/sec: 2403.99
step 100533 | loss: 2.945694 | lr 4.0383e-04 | norm: 0.4732 | dt: 1710.69ms | img/sec: 2394.36
step 100534 | loss: 2.942325 | lr 4.0372e-04 | norm: 0.4983 | dt: 1669.50ms | img/sec: 2453.43
step 100535 | loss: 2.946290 | lr 4.0361e-04 | norm: 0.4798 | dt: 1696.46ms | img/sec: 2414.44
step 100536 | loss: 2.943325 | lr 4.0350e-04 | norm: 0.4875 | dt: 1663.26ms | img/sec: 2462.63
step 100537 | loss: 2.915115 | lr 4.0339e-04 | norm: 0.4982 | dt: 1668.79ms | img/sec: 2454.48
step 100538 | loss: 2.985681 | lr 4.0328e-04 | norm: 0.4968 | dt: 1684.29ms | img/sec: 2431.89
step 100539 | loss: 2.937657 | lr 4.0317e-04 | norm: 0.4870 | dt: 1719.37ms | img/sec: 2382.27
step 100540 | loss: 2.910366 | lr 4.0306e-04 | norm: 0.4649 | dt: 1654.41ms | img/sec: 2475.80
step 100541 | loss: 2.896881 | lr 4.0295e-04 | norm: 0.4784 | dt: 1703.69ms | img/sec: 2404.19
step 100542 | loss: 2.953271 | lr 4.0284e-04 | norm: 0.5133 | dt: 1684.91ms | img/sec: 2431.00
step 100543 | loss: 2.854768 | lr 4.0273e-04 | norm: 0.5034 | dt: 1707.31ms | img/sec: 2399.10
step 100544 | loss: 2.911499 | lr 4.0262e-04 | norm: 0.4689 | dt: 1710.73ms | img/sec: 2394.30
step 100545 | loss: 2.905970 | lr 4.0251e-04 | norm: 0.4812 | dt: 1726.13ms | img/sec: 2372.93
step 100546 | loss: 2.922059 | lr 4.0240e-04 | norm: 0.4713 | dt: 1659.01ms | img/sec: 2468.94
step 100547 | loss: 2.963346 | lr 4.0229e-04 | norm: 0.4738 | dt: 1702.18ms | img/sec: 2406.32
step 100548 | loss: 3.010081 | lr 4.0218e-04 | norm: 0.4862 | dt: 1673.30ms | img/sec: 2447.85
step 100549 | loss: 2.939971 | lr 4.0207e-04 | norm: 0.4752 | dt: 1659.19ms | img/sec: 2468.68
step 100550 | loss: 2.884137 | lr 4.0196e-04 | norm: 0.4897 | dt: 1689.37ms | img/sec: 2424.57
step 100551 | loss: 2.930760 | lr 4.0185e-04 | norm: 0.4968 | dt: 1708.91ms | img/sec: 2396.84
step 100552 | loss: 2.925709 | lr 4.0174e-04 | norm: 0.4845 | dt: 1700.56ms | img/sec: 2408.62
step 100553 | loss: 2.871248 | lr 4.0163e-04 | norm: 0.4838 | dt: 1650.86ms | img/sec: 2481.13
step 100554 | loss: 2.928155 | lr 4.0152e-04 | norm: 0.4811 | dt: 1683.58ms | img/sec: 2432.91
step 100555 | loss: 2.880565 | lr 4.0140e-04 | norm: 0.4764 | dt: 1687.78ms | img/sec: 2426.85
step 100556 | loss: 2.986006 | lr 4.0129e-04 | norm: 0.5119 | dt: 1703.67ms | img/sec: 2404.22
step 100557 | loss: 2.914439 | lr 4.0118e-04 | norm: 0.4872 | dt: 1653.57ms | img/sec: 2477.06
step 100558 | loss: 2.952228 | lr 4.0107e-04 | norm: 0.4785 | dt: 1721.89ms | img/sec: 2378.78
step 100559 | loss: 2.932816 | lr 4.0096e-04 | norm: 0.5016 | dt: 1706.40ms | img/sec: 2400.38
step 100560 | loss: 2.949741 | lr 4.0085e-04 | norm: 0.5079 | dt: 1653.81ms | img/sec: 2476.70
step 100561 | loss: 2.847544 | lr 4.0074e-04 | norm: 0.4697 | dt: 1663.80ms | img/sec: 2461.83
step 100562 | loss: 2.879803 | lr 4.0063e-04 | norm: 0.5063 | dt: 1739.94ms | img/sec: 2354.11
step 100563 | loss: 2.891268 | lr 4.0052e-04 | norm: 0.4950 | dt: 1774.57ms | img/sec: 2308.16
step 100564 | loss: 2.930346 | lr 4.0041e-04 | norm: 0.4836 | dt: 1653.18ms | img/sec: 2477.66
step 100565 | loss: 2.878342 | lr 4.0030e-04 | norm: 0.4955 | dt: 1684.65ms | img/sec: 2431.37
step 100566 | loss: 2.892786 | lr 4.0019e-04 | norm: 0.5331 | dt: 1688.39ms | img/sec: 2425.98
step 100567 | loss: 2.854926 | lr 4.0007e-04 | norm: 0.4982 | dt: 1668.15ms | img/sec: 2455.41
step 100568 | loss: 2.900305 | lr 3.9996e-04 | norm: 0.5100 | dt: 1721.96ms | img/sec: 2378.69
step 100569 | loss: 3.017269 | lr 3.9985e-04 | norm: 0.4962 | dt: 1661.77ms | img/sec: 2464.84
step 100570 | loss: 2.902461 | lr 3.9974e-04 | norm: 0.5026 | dt: 1655.60ms | img/sec: 2474.02
step 100571 | loss: 2.915185 | lr 3.9963e-04 | norm: 0.5055 | dt: 1710.62ms | img/sec: 2394.46
step 100572 | loss: 2.972553 | lr 3.9952e-04 | norm: 0.4717 | dt: 1653.07ms | img/sec: 2477.82
step 100573 | loss: 2.958135 | lr 3.9941e-04 | norm: 0.5027 | dt: 1659.04ms | img/sec: 2468.89
step 100574 | loss: 2.909005 | lr 3.9930e-04 | norm: 0.4803 | dt: 1657.73ms | img/sec: 2470.86
step 100575 | loss: 2.966794 | lr 3.9918e-04 | norm: 0.5041 | dt: 1668.84ms | img/sec: 2454.40
step 100576 | loss: 3.019004 | lr 3.9907e-04 | norm: 0.4824 | dt: 1660.62ms | img/sec: 2466.55
step 100577 | loss: 2.927478 | lr 3.9896e-04 | norm: 0.4777 | dt: 1659.94ms | img/sec: 2467.56
step 100578 | loss: 3.010446 | lr 3.9885e-04 | norm: 0.5066 | dt: 1747.75ms | img/sec: 2343.58
step 100579 | loss: 2.933983 | lr 3.9874e-04 | norm: 0.4935 | dt: 1769.76ms | img/sec: 2314.44
step 100580 | loss: 2.900796 | lr 3.9863e-04 | norm: 0.5318 | dt: 1653.37ms | img/sec: 2477.36
step 100581 | loss: 2.972197 | lr 3.9851e-04 | norm: 0.5047 | dt: 1727.95ms | img/sec: 2370.44
step 100582 | loss: 2.950333 | lr 3.9840e-04 | norm: 0.4930 | dt: 1672.34ms | img/sec: 2449.27
step 100583 | loss: 2.915852 | lr 3.9829e-04 | norm: 0.5026 | dt: 1724.43ms | img/sec: 2375.28
step 100584 | loss: 2.936920 | lr 3.9818e-04 | norm: 0.5080 | dt: 1661.98ms | img/sec: 2464.53
step 100585 | loss: 2.925880 | lr 3.9807e-04 | norm: 0.5101 | dt: 1703.30ms | img/sec: 2404.74
step 100586 | loss: 2.968114 | lr 3.9795e-04 | norm: 0.4757 | dt: 1653.49ms | img/sec: 2477.19
step 100587 | loss: 2.911831 | lr 3.9784e-04 | norm: 0.5184 | dt: 1650.08ms | img/sec: 2482.30
step 100588 | loss: 2.936017 | lr 3.9773e-04 | norm: 0.5202 | dt: 1668.18ms | img/sec: 2455.37
step 100589 | loss: 2.903874 | lr 3.9762e-04 | norm: 0.4953 | dt: 1654.82ms | img/sec: 2475.19
step 100590 | loss: 2.891153 | lr 3.9751e-04 | norm: 0.4996 | dt: 1659.11ms | img/sec: 2468.79
step 100591 | loss: 2.874315 | lr 3.9739e-04 | norm: 0.4897 | dt: 1719.13ms | img/sec: 2382.61
step 100592 | loss: 2.932061 | lr 3.9728e-04 | norm: 0.4885 | dt: 1680.45ms | img/sec: 2437.44
step 100593 | loss: 2.956085 | lr 3.9717e-04 | norm: 0.4950 | dt: 1662.25ms | img/sec: 2464.13
step 100594 | loss: 3.004133 | lr 3.9706e-04 | norm: 0.4890 | dt: 1812.71ms | img/sec: 2259.60
step 100595 | loss: 2.930028 | lr 3.9694e-04 | norm: 0.5077 | dt: 1740.45ms | img/sec: 2353.42
step 100596 | loss: 2.950265 | lr 3.9683e-04 | norm: 0.4821 | dt: 1766.21ms | img/sec: 2319.09
step 100597 | loss: 3.046086 | lr 3.9672e-04 | norm: 0.5053 | dt: 1650.23ms | img/sec: 2482.08
step 100598 | loss: 2.989326 | lr 3.9661e-04 | norm: 0.4798 | dt: 1716.34ms | img/sec: 2386.47
step 100599 | loss: 2.884313 | lr 3.9649e-04 | norm: 0.4879 | dt: 1660.63ms | img/sec: 2466.53
step 100600 | loss: 2.961628 | lr 3.9638e-04 | norm: 0.4997 | dt: 1653.81ms | img/sec: 2476.70
step 100601 | loss: 2.951034 | lr 3.9627e-04 | norm: 0.5097 | dt: 1652.65ms | img/sec: 2478.44
step 100602 | loss: 2.975593 | lr 3.9616e-04 | norm: 0.5056 | dt: 1661.48ms | img/sec: 2465.27
step 100603 | loss: 2.880934 | lr 3.9604e-04 | norm: 0.4798 | dt: 1658.65ms | img/sec: 2469.48
step 100604 | loss: 2.857725 | lr 3.9593e-04 | norm: 0.5096 | dt: 1679.56ms | img/sec: 2438.74
step 100605 | loss: 2.853096 | lr 3.9582e-04 | norm: 0.5116 | dt: 1693.25ms | img/sec: 2419.01
step 100606 | loss: 2.918608 | lr 3.9571e-04 | norm: 0.4934 | dt: 1669.65ms | img/sec: 2453.21
step 100607 | loss: 2.931168 | lr 3.9559e-04 | norm: 0.4995 | dt: 1659.89ms | img/sec: 2467.64
step 100608 | loss: 2.889466 | lr 3.9548e-04 | norm: 0.5387 | dt: 1735.34ms | img/sec: 2360.35
step 100609 | loss: 2.904370 | lr 3.9537e-04 | norm: 0.5131 | dt: 1658.86ms | img/sec: 2469.16
step 100610 | loss: 2.878403 | lr 3.9525e-04 | norm: 0.4836 | dt: 1653.94ms | img/sec: 2476.52
step 100611 | loss: 2.943338 | lr 3.9514e-04 | norm: 0.5189 | dt: 1681.67ms | img/sec: 2435.67
step 100612 | loss: 2.882380 | lr 3.9503e-04 | norm: 0.5314 | dt: 1658.30ms | img/sec: 2470.00
step 100613 | loss: 2.929937 | lr 3.9491e-04 | norm: 0.5180 | dt: 1707.41ms | img/sec: 2398.95
step 100614 | loss: 2.924457 | lr 3.9480e-04 | norm: 0.5192 | dt: 1648.37ms | img/sec: 2484.88
step 100615 | loss: 2.893392 | lr 3.9469e-04 | norm: 0.4750 | dt: 1704.44ms | img/sec: 2403.13
step 100616 | loss: 3.008205 | lr 3.9457e-04 | norm: 0.5138 | dt: 1661.94ms | img/sec: 2464.60
step 100617 | loss: 2.898294 | lr 3.9446e-04 | norm: 0.5533 | dt: 1833.52ms | img/sec: 2233.95
step 100618 | loss: 2.957716 | lr 3.9435e-04 | norm: 0.5107 | dt: 1733.36ms | img/sec: 2363.04
step 100619 | loss: 2.908741 | lr 3.9423e-04 | norm: 0.4859 | dt: 1651.89ms | img/sec: 2479.59
step 100620 | loss: 2.883006 | lr 3.9412e-04 | norm: 0.4986 | dt: 1663.31ms | img/sec: 2462.56
step 100621 | loss: 2.905311 | lr 3.9401e-04 | norm: 0.5280 | dt: 1694.15ms | img/sec: 2417.73
step 100622 | loss: 2.928838 | lr 3.9389e-04 | norm: 0.5244 | dt: 1667.39ms | img/sec: 2456.53
step 100623 | loss: 2.946984 | lr 3.9378e-04 | norm: 0.5148 | dt: 1655.78ms | img/sec: 2473.76
step 100624 | loss: 2.958425 | lr 3.9367e-04 | norm: 0.5277 | dt: 1671.30ms | img/sec: 2450.78
step 100625 | loss: 2.957409 | lr 3.9355e-04 | norm: 0.5207 | dt: 1653.23ms | img/sec: 2477.57
step 100626 | loss: 2.900174 | lr 3.9344e-04 | norm: 0.4962 | dt: 1681.80ms | img/sec: 2435.48
step 100627 | loss: 2.889075 | lr 3.9332e-04 | norm: 0.5023 | dt: 1659.00ms | img/sec: 2468.96
step 100628 | loss: 2.859751 | lr 3.9321e-04 | norm: 0.4912 | dt: 1720.77ms | img/sec: 2380.33
step 100629 | loss: 2.930883 | lr 3.9310e-04 | norm: 0.5537 | dt: 1655.06ms | img/sec: 2474.84
step 100630 | loss: 2.936530 | lr 3.9298e-04 | norm: 0.4811 | dt: 1674.44ms | img/sec: 2446.19
step 100631 | loss: 2.954581 | lr 3.9287e-04 | norm: 0.4888 | dt: 1703.78ms | img/sec: 2404.07
step 100632 | loss: 2.916797 | lr 3.9275e-04 | norm: 0.5006 | dt: 1652.98ms | img/sec: 2477.94
step 100633 | loss: 2.941131 | lr 3.9264e-04 | norm: 0.4868 | dt: 1665.20ms | img/sec: 2459.77
step 100634 | loss: 2.910752 | lr 3.9253e-04 | norm: 0.4730 | dt: 1682.49ms | img/sec: 2434.48
step 100635 | loss: 2.943639 | lr 3.9241e-04 | norm: 0.5087 | dt: 1703.81ms | img/sec: 2404.03
step 100636 | loss: 2.950624 | lr 3.9230e-04 | norm: 0.5058 | dt: 1687.78ms | img/sec: 2426.86
step 100637 | loss: 2.871393 | lr 3.9218e-04 | norm: 0.4614 | dt: 1681.99ms | img/sec: 2435.21
step 100638 | loss: 2.986128 | lr 3.9207e-04 | norm: 0.4928 | dt: 1725.81ms | img/sec: 2373.38
step 100639 | loss: 2.845639 | lr 3.9195e-04 | norm: 0.4934 | dt: 1704.82ms | img/sec: 2402.60
step 100640 | loss: 2.952493 | lr 3.9184e-04 | norm: 0.4955 | dt: 1775.37ms | img/sec: 2307.13
step 100641 | loss: 2.945904 | lr 3.9173e-04 | norm: 0.4924 | dt: 1673.94ms | img/sec: 2446.93
step 100642 | loss: 2.889461 | lr 3.9161e-04 | norm: 0.4901 | dt: 1710.30ms | img/sec: 2394.91
step 100643 | loss: 3.008729 | lr 3.9150e-04 | norm: 0.4892 | dt: 1708.50ms | img/sec: 2397.43
step 100644 | loss: 2.950614 | lr 3.9138e-04 | norm: 0.5061 | dt: 1689.36ms | img/sec: 2424.59
step 100645 | loss: 2.964086 | lr 3.9127e-04 | norm: 0.5274 | dt: 1672.93ms | img/sec: 2448.39
step 100646 | loss: 2.906152 | lr 3.9115e-04 | norm: 0.4967 | dt: 1651.70ms | img/sec: 2479.87
step 100647 | loss: 2.949274 | lr 3.9104e-04 | norm: 0.4976 | dt: 1789.73ms | img/sec: 2288.61
step 100648 | loss: 2.885585 | lr 3.9092e-04 | norm: 0.4751 | dt: 1795.19ms | img/sec: 2281.65
step 100649 | loss: 2.978289 | lr 3.9081e-04 | norm: 0.4920 | dt: 1726.67ms | img/sec: 2372.20
step 100650 | loss: 2.973943 | lr 3.9069e-04 | norm: 0.5122 | dt: 1713.43ms | img/sec: 2390.52
step 100651 | loss: 2.918851 | lr 3.9058e-04 | norm: 0.4968 | dt: 1651.13ms | img/sec: 2480.73
step 100652 | loss: 2.867834 | lr 3.9046e-04 | norm: 0.4900 | dt: 1705.70ms | img/sec: 2401.36
step 100653 | loss: 2.917057 | lr 3.9035e-04 | norm: 0.4548 | dt: 1711.07ms | img/sec: 2393.83
step 100654 | loss: 2.914443 | lr 3.9023e-04 | norm: 0.4625 | dt: 1670.38ms | img/sec: 2452.13
step 100655 | loss: 2.850479 | lr 3.9012e-04 | norm: 0.4917 | dt: 1678.82ms | img/sec: 2439.82
step 100656 | loss: 2.881917 | lr 3.9000e-04 | norm: 0.4909 | dt: 1703.35ms | img/sec: 2404.67
step 100657 | loss: 2.876746 | lr 3.8989e-04 | norm: 0.4663 | dt: 1735.48ms | img/sec: 2360.15
step 100658 | loss: 2.857196 | lr 3.8977e-04 | norm: 0.5091 | dt: 1648.41ms | img/sec: 2484.82
step 100659 | loss: 2.855250 | lr 3.8966e-04 | norm: 0.4878 | dt: 1657.22ms | img/sec: 2471.61
step 100660 | loss: 2.911065 | lr 3.8954e-04 | norm: 0.4812 | dt: 1674.43ms | img/sec: 2446.21
step 100661 | loss: 2.861400 | lr 3.8943e-04 | norm: 0.5325 | dt: 1741.80ms | img/sec: 2351.59
step 100662 | loss: 2.907042 | lr 3.8931e-04 | norm: 0.4869 | dt: 1652.88ms | img/sec: 2478.10
step 100663 | loss: 2.916268 | lr 3.8920e-04 | norm: 0.5153 | dt: 1731.79ms | img/sec: 2365.18
step 100664 | loss: 2.914526 | lr 3.8908e-04 | norm: 0.4985 | dt: 1654.52ms | img/sec: 2475.65
step 100665 | loss: 2.912281 | lr 3.8897e-04 | norm: 0.4948 | dt: 1701.48ms | img/sec: 2407.31
step 100666 | loss: 2.972624 | lr 3.8885e-04 | norm: 0.5270 | dt: 1694.14ms | img/sec: 2417.74
step 100667 | loss: 2.888843 | lr 3.8873e-04 | norm: 0.5039 | dt: 1724.07ms | img/sec: 2375.78
step 100668 | loss: 2.868041 | lr 3.8862e-04 | norm: 0.5033 | dt: 1660.59ms | img/sec: 2466.59
step 100669 | loss: 2.911645 | lr 3.8850e-04 | norm: 0.4948 | dt: 1692.59ms | img/sec: 2419.96
step 100670 | loss: 2.873871 | lr 3.8839e-04 | norm: 0.5005 | dt: 1708.47ms | img/sec: 2397.47
step 100671 | loss: 2.899723 | lr 3.8827e-04 | norm: 0.5067 | dt: 1747.19ms | img/sec: 2344.34
step 100672 | loss: 2.947619 | lr 3.8816e-04 | norm: 0.5045 | dt: 1655.19ms | img/sec: 2474.63
step 100673 | loss: 2.957285 | lr 3.8804e-04 | norm: 0.4892 | dt: 1700.17ms | img/sec: 2409.17
step 100674 | loss: 2.896624 | lr 3.8792e-04 | norm: 0.4729 | dt: 1717.57ms | img/sec: 2384.77
step 100675 | loss: 2.989551 | lr 3.8781e-04 | norm: 0.4976 | dt: 1717.45ms | img/sec: 2384.93
step 100676 | loss: 3.006706 | lr 3.8769e-04 | norm: 0.4990 | dt: 1658.90ms | img/sec: 2469.11
step 100677 | loss: 2.902555 | lr 3.8758e-04 | norm: 0.4976 | dt: 1720.08ms | img/sec: 2381.28
step 100678 | loss: 2.923853 | lr 3.8746e-04 | norm: 0.4829 | dt: 1703.70ms | img/sec: 2404.17
step 100679 | loss: 2.880685 | lr 3.8734e-04 | norm: 0.4782 | dt: 1715.26ms | img/sec: 2387.98
step 100680 | loss: 2.859201 | lr 3.8723e-04 | norm: 0.4815 | dt: 1682.19ms | img/sec: 2434.93
step 100681 | loss: 2.860904 | lr 3.8711e-04 | norm: 0.4838 | dt: 1703.31ms | img/sec: 2404.73
step 100682 | loss: 2.878729 | lr 3.8700e-04 | norm: 0.4981 | dt: 1664.14ms | img/sec: 2461.33
step 100683 | loss: 2.968623 | lr 3.8688e-04 | norm: 0.4843 | dt: 1662.89ms | img/sec: 2463.19
step 100684 | loss: 2.939142 | lr 3.8676e-04 | norm: 0.4901 | dt: 1806.98ms | img/sec: 2266.77
step 100685 | loss: 2.892439 | lr 3.8665e-04 | norm: 0.4805 | dt: 1741.56ms | img/sec: 2351.91
step 100686 | loss: 2.913234 | lr 3.8653e-04 | norm: 0.4908 | dt: 1651.84ms | img/sec: 2479.66
step 100687 | loss: 2.956800 | lr 3.8641e-04 | norm: 0.4849 | dt: 1789.69ms | img/sec: 2288.66
step 100688 | loss: 3.011366 | lr 3.8630e-04 | norm: 0.4984 | dt: 1685.08ms | img/sec: 2430.75
step 100689 | loss: 2.993034 | lr 3.8618e-04 | norm: 0.5173 | dt: 1678.09ms | img/sec: 2440.88
step 100690 | loss: 2.948939 | lr 3.8606e-04 | norm: 0.5574 | dt: 1713.35ms | img/sec: 2390.63
step 100691 | loss: 2.883713 | lr 3.8595e-04 | norm: 0.4833 | dt: 1651.59ms | img/sec: 2480.03
step 100692 | loss: 2.889165 | lr 3.8583e-04 | norm: 0.4713 | dt: 1647.39ms | img/sec: 2486.35
step 100693 | loss: 2.927314 | lr 3.8572e-04 | norm: 0.4863 | dt: 1645.33ms | img/sec: 2489.48
step 100694 | loss: 2.964231 | lr 3.8560e-04 | norm: 0.5366 | dt: 1716.89ms | img/sec: 2385.70
step 100695 | loss: 2.903859 | lr 3.8548e-04 | norm: 0.4902 | dt: 1648.93ms | img/sec: 2484.03
step 100696 | loss: 2.876611 | lr 3.8536e-04 | norm: 0.4809 | dt: 1661.21ms | img/sec: 2465.68
step 100697 | loss: 2.971408 | lr 3.8525e-04 | norm: 0.5058 | dt: 1661.02ms | img/sec: 2465.95
step 100698 | loss: 2.891460 | lr 3.8513e-04 | norm: 0.5391 | dt: 1645.88ms | img/sec: 2488.64
step 100699 | loss: 2.896108 | lr 3.8501e-04 | norm: 0.4917 | dt: 1647.31ms | img/sec: 2486.48
step 100700 | loss: 2.907772 | lr 3.8490e-04 | norm: 0.4711 | dt: 1702.40ms | img/sec: 2406.01
step 100701 | loss: 2.879699 | lr 3.8478e-04 | norm: 0.4797 | dt: 1651.81ms | img/sec: 2479.70
step 100702 | loss: 2.913691 | lr 3.8466e-04 | norm: 0.4890 | dt: 1686.62ms | img/sec: 2428.52
step 100703 | loss: 2.936128 | lr 3.8455e-04 | norm: 0.5160 | dt: 1653.04ms | img/sec: 2477.86
step 100704 | loss: 2.983108 | lr 3.8443e-04 | norm: 0.5248 | dt: 1671.47ms | img/sec: 2450.53
step 100705 | loss: 2.849673 | lr 3.8431e-04 | norm: 0.4895 | dt: 1697.46ms | img/sec: 2413.02
step 100706 | loss: 2.963153 | lr 3.8419e-04 | norm: 0.5161 | dt: 1651.68ms | img/sec: 2479.91
step 100707 | loss: 2.892752 | lr 3.8408e-04 | norm: 0.5145 | dt: 1654.06ms | img/sec: 2476.34
step 100708 | loss: 2.894366 | lr 3.8396e-04 | norm: 0.4958 | dt: 1716.66ms | img/sec: 2386.03
step 100709 | loss: 2.910722 | lr 3.8384e-04 | norm: 0.5073 | dt: 1648.60ms | img/sec: 2484.54
step 100710 | loss: 2.943503 | lr 3.8373e-04 | norm: 0.5064 | dt: 1667.32ms | img/sec: 2456.63
step 100711 | loss: 2.911882 | lr 3.8361e-04 | norm: 0.5160 | dt: 1654.01ms | img/sec: 2476.41
step 100712 | loss: 2.940111 | lr 3.8349e-04 | norm: 0.5283 | dt: 1683.77ms | img/sec: 2432.64
step 100713 | loss: 2.864686 | lr 3.8337e-04 | norm: 0.5043 | dt: 1660.81ms | img/sec: 2466.26
step 100714 | loss: 2.895391 | lr 3.8326e-04 | norm: 0.5247 | dt: 1721.70ms | img/sec: 2379.05
step 100715 | loss: 2.887444 | lr 3.8314e-04 | norm: 0.4849 | dt: 1650.33ms | img/sec: 2481.93
step 100716 | loss: 2.916295 | lr 3.8302e-04 | norm: 0.5257 | dt: 1674.56ms | img/sec: 2446.02
step 100717 | loss: 2.901456 | lr 3.8290e-04 | norm: 0.5028 | dt: 1669.97ms | img/sec: 2452.74
step 100718 | loss: 2.896911 | lr 3.8279e-04 | norm: 0.4771 | dt: 1651.46ms | img/sec: 2480.24
step 100719 | loss: 2.885354 | lr 3.8267e-04 | norm: 0.5081 | dt: 1675.97ms | img/sec: 2443.96
step 100720 | loss: 2.988683 | lr 3.8255e-04 | norm: 0.4897 | dt: 1649.53ms | img/sec: 2483.13
step 100721 | loss: 2.985631 | lr 3.8243e-04 | norm: 0.5137 | dt: 1705.01ms | img/sec: 2402.34
step 100722 | loss: 2.847522 | lr 3.8231e-04 | norm: 0.4795 | dt: 1672.76ms | img/sec: 2448.65
step 100723 | loss: 2.906524 | lr 3.8220e-04 | norm: 0.4946 | dt: 1670.26ms | img/sec: 2452.31
step 100724 | loss: 2.864678 | lr 3.8208e-04 | norm: 0.4681 | dt: 1722.80ms | img/sec: 2377.53
step 100725 | loss: 2.924028 | lr 3.8196e-04 | norm: 0.4819 | dt: 1659.32ms | img/sec: 2468.48
step 100726 | loss: 2.897807 | lr 3.8184e-04 | norm: 0.5257 | dt: 1688.90ms | img/sec: 2425.25
step 100727 | loss: 2.793336 | lr 3.8172e-04 | norm: 0.4772 | dt: 1681.04ms | img/sec: 2436.59
step 100728 | loss: 2.784079 | lr 3.8161e-04 | norm: 0.4925 | dt: 1713.36ms | img/sec: 2390.62
step 100729 | loss: 2.936902 | lr 3.8149e-04 | norm: 0.5169 | dt: 1646.41ms | img/sec: 2487.84
step 100730 | loss: 2.861350 | lr 3.8137e-04 | norm: 0.4773 | dt: 1659.48ms | img/sec: 2468.24
step 100731 | loss: 2.979592 | lr 3.8125e-04 | norm: 0.5233 | dt: 1677.32ms | img/sec: 2442.00
step 100732 | loss: 2.974496 | lr 3.8113e-04 | norm: 0.5208 | dt: 1654.58ms | img/sec: 2475.55
step 100733 | loss: 2.918479 | lr 3.8101e-04 | norm: 0.5101 | dt: 1651.32ms | img/sec: 2480.45
step 100734 | loss: 2.931574 | lr 3.8090e-04 | norm: 0.4794 | dt: 1669.98ms | img/sec: 2452.72
step 100735 | loss: 2.917881 | lr 3.8078e-04 | norm: 0.5005 | dt: 1655.83ms | img/sec: 2473.68
step 100736 | loss: 2.876261 | lr 3.8066e-04 | norm: 0.4652 | dt: 1656.08ms | img/sec: 2473.31
step 100737 | loss: 2.911284 | lr 3.8054e-04 | norm: 0.5260 | dt: 1654.02ms | img/sec: 2476.39
step 100738 | loss: 2.898571 | lr 3.8042e-04 | norm: 0.4861 | dt: 1655.63ms | img/sec: 2473.99
step 100739 | loss: 2.978049 | lr 3.8030e-04 | norm: 0.4995 | dt: 1648.75ms | img/sec: 2484.31
step 100740 | loss: 2.900587 | lr 3.8019e-04 | norm: 0.4803 | dt: 1655.94ms | img/sec: 2473.51
step 100741 | loss: 2.915194 | lr 3.8007e-04 | norm: 0.4913 | dt: 1723.10ms | img/sec: 2377.11
step 100742 | loss: 2.919049 | lr 3.7995e-04 | norm: 0.5111 | dt: 1657.16ms | img/sec: 2471.69
step 100743 | loss: 2.906282 | lr 3.7983e-04 | norm: 0.4832 | dt: 1648.74ms | img/sec: 2484.32
step 100744 | loss: 2.880266 | lr 3.7971e-04 | norm: 0.4961 | dt: 1653.56ms | img/sec: 2477.08
step 100745 | loss: 2.871045 | lr 3.7959e-04 | norm: 0.5015 | dt: 1652.64ms | img/sec: 2478.46
step 100746 | loss: 2.894648 | lr 3.7947e-04 | norm: 0.4910 | dt: 1649.80ms | img/sec: 2482.73
step 100747 | loss: 2.883839 | lr 3.7935e-04 | norm: 0.4842 | dt: 1719.53ms | img/sec: 2382.05
step 100748 | loss: 2.867908 | lr 3.7924e-04 | norm: 0.4697 | dt: 1670.62ms | img/sec: 2451.78
step 100749 | loss: 2.905419 | lr 3.7912e-04 | norm: 0.4900 | dt: 1651.37ms | img/sec: 2480.36
step 100750 | loss: 2.842297 | lr 3.7900e-04 | norm: 0.4874 | dt: 1667.52ms | img/sec: 2456.34
step 100751 | loss: 2.901053 | lr 3.7888e-04 | norm: 0.5287 | dt: 1654.17ms | img/sec: 2476.17
step 100752 | loss: 2.948628 | lr 3.7876e-04 | norm: 0.4906 | dt: 1715.40ms | img/sec: 2387.79
step 100753 | loss: 2.876171 | lr 3.7864e-04 | norm: 0.4857 | dt: 1664.14ms | img/sec: 2461.33
step 100754 | loss: 2.901019 | lr 3.7852e-04 | norm: 0.4922 | dt: 1648.14ms | img/sec: 2485.23
step 100755 | loss: 2.905680 | lr 3.7840e-04 | norm: 0.4926 | dt: 1724.18ms | img/sec: 2375.62
step 100756 | loss: 2.864000 | lr 3.7828e-04 | norm: 0.4827 | dt: 1645.20ms | img/sec: 2489.67
step 100757 | loss: 2.948829 | lr 3.7816e-04 | norm: 0.4934 | dt: 1662.02ms | img/sec: 2464.47
step 100758 | loss: 2.953688 | lr 3.7804e-04 | norm: 0.4856 | dt: 1722.67ms | img/sec: 2377.70
step 100759 | loss: 2.921433 | lr 3.7792e-04 | norm: 0.5064 | dt: 1656.32ms | img/sec: 2472.95
step 100760 | loss: 2.903579 | lr 3.7781e-04 | norm: 0.5239 | dt: 1707.96ms | img/sec: 2398.18
step 100761 | loss: 2.921631 | lr 3.7769e-04 | norm: 0.5063 | dt: 1659.81ms | img/sec: 2467.76
step 100762 | loss: 2.853008 | lr 3.7757e-04 | norm: 0.4794 | dt: 1715.67ms | img/sec: 2387.40
step 100763 | loss: 2.926788 | lr 3.7745e-04 | norm: 0.4709 | dt: 1722.02ms | img/sec: 2378.61
step 100764 | loss: 2.939279 | lr 3.7733e-04 | norm: 0.4933 | dt: 1655.19ms | img/sec: 2474.65
step 100765 | loss: 2.925774 | lr 3.7721e-04 | norm: 0.4923 | dt: 1648.30ms | img/sec: 2484.98
step 100766 | loss: 2.825715 | lr 3.7709e-04 | norm: 0.4604 | dt: 1652.54ms | img/sec: 2478.61
step 100767 | loss: 2.933225 | lr 3.7697e-04 | norm: 0.4834 | dt: 1654.52ms | img/sec: 2475.65
step 100768 | loss: 2.881211 | lr 3.7685e-04 | norm: 0.5035 | dt: 1653.25ms | img/sec: 2477.54
step 100769 | loss: 2.907657 | lr 3.7673e-04 | norm: 0.4970 | dt: 1648.91ms | img/sec: 2484.07
step 100770 | loss: 2.958072 | lr 3.7661e-04 | norm: 0.4716 | dt: 1654.15ms | img/sec: 2476.20
step 100771 | loss: 2.958424 | lr 3.7649e-04 | norm: 0.4887 | dt: 1647.43ms | img/sec: 2486.29
step 100772 | loss: 2.847040 | lr 3.7637e-04 | norm: 0.4737 | dt: 1646.29ms | img/sec: 2488.02
step 100773 | loss: 2.939178 | lr 3.7625e-04 | norm: 0.4893 | dt: 5799.15ms | img/sec: 706.31
step 100774 | loss: 2.923279 | lr 3.7613e-04 | norm: 0.4840 | dt: 1728.38ms | img/sec: 2369.84
step 100775 | loss: 2.944829 | lr 3.7601e-04 | norm: 0.4822 | dt: 1708.33ms | img/sec: 2397.66
step 100776 | loss: 2.927739 | lr 3.7589e-04 | norm: 0.4956 | dt: 1653.42ms | img/sec: 2477.29
step 100777 | loss: 2.921901 | lr 3.7577e-04 | norm: 0.4940 | dt: 1726.47ms | img/sec: 2372.47
step 100778 | loss: 2.839410 | lr 3.7565e-04 | norm: 0.5138 | dt: 1690.27ms | img/sec: 2423.28
step 100779 | loss: 2.908131 | lr 3.7553e-04 | norm: 0.4966 | dt: 1649.13ms | img/sec: 2483.74
step 100780 | loss: 2.917018 | lr 3.7541e-04 | norm: 0.4956 | dt: 1656.34ms | img/sec: 2472.92
step 100781 | loss: 2.867105 | lr 3.7529e-04 | norm: 0.4859 | dt: 1654.50ms | img/sec: 2475.67
step 100782 | loss: 2.873301 | lr 3.7517e-04 | norm: 0.4926 | dt: 1714.50ms | img/sec: 2389.04
step 100783 | loss: 2.879893 | lr 3.7505e-04 | norm: 0.5201 | dt: 1709.41ms | img/sec: 2396.15
step 100784 | loss: 2.901644 | lr 3.7493e-04 | norm: 0.4967 | dt: 1698.11ms | img/sec: 2412.09
step 100785 | loss: 2.832717 | lr 3.7481e-04 | norm: 0.4939 | dt: 1643.58ms | img/sec: 2492.12
step 100786 | loss: 2.892424 | lr 3.7469e-04 | norm: 0.5040 | dt: 1650.36ms | img/sec: 2481.89
step 100787 | loss: 2.875651 | lr 3.7457e-04 | norm: 0.5766 | dt: 1661.25ms | img/sec: 2465.61
step 100788 | loss: 2.866160 | lr 3.7445e-04 | norm: 0.5139 | dt: 1707.58ms | img/sec: 2398.72
step 100789 | loss: 2.893307 | lr 3.7433e-04 | norm: 0.4775 | dt: 1680.68ms | img/sec: 2437.11
step 100790 | loss: 2.865587 | lr 3.7421e-04 | norm: 0.5381 | dt: 1645.11ms | img/sec: 2489.80
step 100791 | loss: 2.914244 | lr 3.7409e-04 | norm: 0.5553 | dt: 1648.79ms | img/sec: 2484.24
step 100792 | loss: 2.868470 | lr 3.7396e-04 | norm: 0.4997 | dt: 1718.80ms | img/sec: 2383.05
step 100793 | loss: 2.834388 | lr 3.7384e-04 | norm: 0.4860 | dt: 1709.51ms | img/sec: 2396.01
step 100794 | loss: 2.864840 | lr 3.7372e-04 | norm: 0.4795 | dt: 1653.98ms | img/sec: 2476.45
step 100795 | loss: 2.888988 | lr 3.7360e-04 | norm: 0.5312 | dt: 1653.95ms | img/sec: 2476.50
step 100796 | loss: 2.893227 | lr 3.7348e-04 | norm: 0.5108 | dt: 1696.19ms | img/sec: 2414.82
step 100797 | loss: 2.922736 | lr 3.7336e-04 | norm: 0.4934 | dt: 1654.11ms | img/sec: 2476.25
step 100798 | loss: 2.910555 | lr 3.7324e-04 | norm: 0.5025 | dt: 1685.30ms | img/sec: 2430.42
step 100799 | loss: 2.833036 | lr 3.7312e-04 | norm: 0.5206 | dt: 1729.47ms | img/sec: 2368.36
step 100800 | loss: 2.911633 | lr 3.7300e-04 | norm: 0.5327 | dt: 1654.76ms | img/sec: 2475.29
step 100801 | loss: 2.938092 | lr 3.7288e-04 | norm: 0.5123 | dt: 1648.63ms | img/sec: 2484.49
step 100802 | loss: 2.920780 | lr 3.7276e-04 | norm: 0.5295 | dt: 1655.62ms | img/sec: 2474.00
step 100803 | loss: 2.910546 | lr 3.7264e-04 | norm: 0.5119 | dt: 1667.43ms | img/sec: 2456.48
step 100804 | loss: 2.898345 | lr 3.7251e-04 | norm: 0.4787 | dt: 1684.93ms | img/sec: 2430.97
step 100805 | loss: 2.874601 | lr 3.7239e-04 | norm: 0.4677 | dt: 1644.81ms | img/sec: 2490.26
step 100806 | loss: 2.887863 | lr 3.7227e-04 | norm: 0.5258 | dt: 1711.35ms | img/sec: 2393.43
step 100807 | loss: 2.949706 | lr 3.7215e-04 | norm: 0.5139 | dt: 1737.75ms | img/sec: 2357.07
step 100808 | loss: 2.882168 | lr 3.7203e-04 | norm: 0.5160 | dt: 1659.43ms | img/sec: 2468.32
step 100809 | loss: 2.912914 | lr 3.7191e-04 | norm: 0.5184 | dt: 1667.69ms | img/sec: 2456.09
step 100810 | loss: 2.910798 | lr 3.7179e-04 | norm: 0.4955 | dt: 1692.74ms | img/sec: 2419.74
step 100811 | loss: 2.852140 | lr 3.7167e-04 | norm: 0.5102 | dt: 1734.35ms | img/sec: 2361.70
step 100812 | loss: 2.833686 | lr 3.7154e-04 | norm: 0.4923 | dt: 1701.87ms | img/sec: 2406.76
step 100813 | loss: 2.888532 | lr 3.7142e-04 | norm: 0.5006 | dt: 1655.36ms | img/sec: 2474.38
step 100814 | loss: 2.910905 | lr 3.7130e-04 | norm: 0.5137 | dt: 1654.82ms | img/sec: 2475.19
step 100815 | loss: 2.933304 | lr 3.7118e-04 | norm: 0.4879 | dt: 1727.85ms | img/sec: 2370.57
step 100816 | loss: 2.855555 | lr 3.7106e-04 | norm: 0.4798 | dt: 1654.59ms | img/sec: 2475.54
step 100817 | loss: 2.907228 | lr 3.7094e-04 | norm: 0.4892 | dt: 1650.25ms | img/sec: 2482.06
step 100818 | loss: 2.902349 | lr 3.7082e-04 | norm: 0.5106 | dt: 1647.30ms | img/sec: 2486.49
step 100819 | loss: 2.910505 | lr 3.7069e-04 | norm: 0.4966 | dt: 1657.96ms | img/sec: 2470.51
step 100820 | loss: 2.942810 | lr 3.7057e-04 | norm: 0.4948 | dt: 1661.57ms | img/sec: 2465.14
step 100821 | loss: 2.904977 | lr 3.7045e-04 | norm: 0.4645 | dt: 1699.90ms | img/sec: 2409.55
step 100822 | loss: 2.884207 | lr 3.7033e-04 | norm: 0.4994 | dt: 1657.02ms | img/sec: 2471.91
step 100823 | loss: 2.879052 | lr 3.7021e-04 | norm: 0.4999 | dt: 1655.86ms | img/sec: 2473.63
step 100824 | loss: 2.836967 | lr 3.7009e-04 | norm: 0.4786 | dt: 1722.34ms | img/sec: 2378.17
step 100825 | loss: 2.914721 | lr 3.6996e-04 | norm: 0.5008 | dt: 1679.84ms | img/sec: 2438.33
step 100826 | loss: 2.969713 | lr 3.6984e-04 | norm: 0.5049 | dt: 1655.02ms | img/sec: 2474.90
step 100827 | loss: 2.899992 | lr 3.6972e-04 | norm: 0.4937 | dt: 1708.10ms | img/sec: 2397.98
step 100828 | loss: 2.903508 | lr 3.6960e-04 | norm: 0.5036 | dt: 1665.05ms | img/sec: 2459.98
step 100829 | loss: 2.941908 | lr 3.6948e-04 | norm: 0.5077 | dt: 1703.63ms | img/sec: 2404.28
step 100830 | loss: 2.894438 | lr 3.6935e-04 | norm: 0.4902 | dt: 1651.38ms | img/sec: 2480.35
step 100831 | loss: 2.872464 | lr 3.6923e-04 | norm: 0.4776 | dt: 1648.07ms | img/sec: 2485.33
step 100832 | loss: 2.918346 | lr 3.6911e-04 | norm: 0.4809 | dt: 1651.76ms | img/sec: 2479.78
step 100833 | loss: 2.887597 | lr 3.6899e-04 | norm: 0.5272 | dt: 1666.36ms | img/sec: 2458.06
step 100834 | loss: 2.904070 | lr 3.6887e-04 | norm: 0.4941 | dt: 1684.93ms | img/sec: 2430.96
step 100835 | loss: 2.848866 | lr 3.6874e-04 | norm: 0.4845 | dt: 1720.09ms | img/sec: 2381.26
step 100836 | loss: 2.887879 | lr 3.6862e-04 | norm: 0.4585 | dt: 1648.89ms | img/sec: 2484.09
step 100837 | loss: 2.874892 | lr 3.6850e-04 | norm: 0.4828 | dt: 1651.61ms | img/sec: 2480.01
step 100838 | loss: 2.896795 | lr 3.6838e-04 | norm: 0.4947 | dt: 1647.85ms | img/sec: 2485.66
step 100839 | loss: 2.908338 | lr 3.6825e-04 | norm: 0.5097 | dt: 1651.18ms | img/sec: 2480.64
step 100840 | loss: 2.882387 | lr 3.6813e-04 | norm: 0.4812 | dt: 1702.89ms | img/sec: 2405.32
step 100841 | loss: 2.807070 | lr 3.6801e-04 | norm: 0.4750 | dt: 1664.97ms | img/sec: 2460.11
step 100842 | loss: 2.887069 | lr 3.6789e-04 | norm: 0.4875 | dt: 1709.31ms | img/sec: 2396.29
step 100843 | loss: 2.843953 | lr 3.6776e-04 | norm: 0.4988 | dt: 1650.17ms | img/sec: 2482.17
step 100844 | loss: 2.845136 | lr 3.6764e-04 | norm: 0.4833 | dt: 1648.29ms | img/sec: 2485.00
step 100845 | loss: 2.864896 | lr 3.6752e-04 | norm: 0.4783 | dt: 1654.98ms | img/sec: 2474.95
step 100846 | loss: 2.962832 | lr 3.6740e-04 | norm: 0.4786 | dt: 1761.95ms | img/sec: 2324.70
step 100847 | loss: 2.937794 | lr 3.6727e-04 | norm: 0.5078 | dt: 1647.41ms | img/sec: 2486.32
step 100848 | loss: 2.901705 | lr 3.6715e-04 | norm: 0.4939 | dt: 1677.66ms | img/sec: 2441.50
step 100849 | loss: 2.923925 | lr 3.6703e-04 | norm: 0.4977 | dt: 1714.61ms | img/sec: 2388.88
step 100850 | loss: 2.883098 | lr 3.6691e-04 | norm: 0.5124 | dt: 1699.04ms | img/sec: 2410.77
step 100851 | loss: 2.837951 | lr 3.6678e-04 | norm: 0.4904 | dt: 1644.02ms | img/sec: 2491.45
step 100852 | loss: 2.896924 | lr 3.6666e-04 | norm: 0.4966 | dt: 1666.24ms | img/sec: 2458.23
step 100853 | loss: 2.912041 | lr 3.6654e-04 | norm: 0.5020 | dt: 1649.15ms | img/sec: 2483.70
step 100854 | loss: 2.913209 | lr 3.6641e-04 | norm: 0.5296 | dt: 1651.01ms | img/sec: 2480.90
step 100855 | loss: 2.872123 | lr 3.6629e-04 | norm: 0.5098 | dt: 1653.44ms | img/sec: 2477.26
step 100856 | loss: 2.860710 | lr 3.6617e-04 | norm: 0.4920 | dt: 1712.75ms | img/sec: 2391.48
step 100857 | loss: 2.897079 | lr 3.6605e-04 | norm: 0.4791 | dt: 1644.09ms | img/sec: 2491.35
step 100858 | loss: 2.920550 | lr 3.6592e-04 | norm: 0.4807 | dt: 1692.66ms | img/sec: 2419.86
step 100859 | loss: 2.869290 | lr 3.6580e-04 | norm: 0.4871 | dt: 1649.99ms | img/sec: 2482.43
step 100860 | loss: 2.904623 | lr 3.6568e-04 | norm: 0.4812 | dt: 1693.53ms | img/sec: 2418.62
step 100861 | loss: 2.894924 | lr 3.6555e-04 | norm: 0.4717 | dt: 1679.58ms | img/sec: 2438.71
step 100862 | loss: 2.904820 | lr 3.6543e-04 | norm: 0.4630 | dt: 1670.47ms | img/sec: 2452.01
step 100863 | loss: 2.844963 | lr 3.6531e-04 | norm: 0.4917 | dt: 1711.56ms | img/sec: 2393.14
step 100864 | loss: 2.886794 | lr 3.6518e-04 | norm: 0.4876 | dt: 1707.59ms | img/sec: 2398.70
step 100865 | loss: 2.831505 | lr 3.6506e-04 | norm: 0.4891 | dt: 1723.55ms | img/sec: 2376.49
step 100866 | loss: 2.860754 | lr 3.6494e-04 | norm: 0.4836 | dt: 1683.41ms | img/sec: 2433.16
step 100867 | loss: 2.887925 | lr 3.6481e-04 | norm: 0.4878 | dt: 1662.84ms | img/sec: 2463.25
step 100868 | loss: 2.836278 | lr 3.6469e-04 | norm: 0.4774 | dt: 1701.60ms | img/sec: 2407.15
step 100869 | loss: 2.877228 | lr 3.6457e-04 | norm: 0.4812 | dt: 1677.96ms | img/sec: 2441.06
step 100870 | loss: 2.864750 | lr 3.6444e-04 | norm: 0.4832 | dt: 1656.56ms | img/sec: 2472.59
step 100871 | loss: 2.852666 | lr 3.6432e-04 | norm: 0.4981 | dt: 1720.69ms | img/sec: 2380.44
step 100872 | loss: 2.821781 | lr 3.6420e-04 | norm: 0.4926 | dt: 1663.43ms | img/sec: 2462.39
step 100873 | loss: 2.964706 | lr 3.6407e-04 | norm: 0.5072 | dt: 1746.99ms | img/sec: 2344.60
step 100874 | loss: 2.913366 | lr 3.6395e-04 | norm: 0.5042 | dt: 1650.17ms | img/sec: 2482.16
step 100875 | loss: 2.884676 | lr 3.6383e-04 | norm: 0.5143 | dt: 1718.79ms | img/sec: 2383.08
step 100876 | loss: 2.902325 | lr 3.6370e-04 | norm: 0.5063 | dt: 1652.02ms | img/sec: 2479.38
step 100877 | loss: 2.888879 | lr 3.6358e-04 | norm: 0.5083 | dt: 1651.47ms | img/sec: 2480.21
step 100878 | loss: 2.848139 | lr 3.6345e-04 | norm: 0.5132 | dt: 1684.02ms | img/sec: 2432.28
step 100879 | loss: 2.894800 | lr 3.6333e-04 | norm: 0.4872 | dt: 1685.24ms | img/sec: 2430.52
step 100880 | loss: 2.907984 | lr 3.6321e-04 | norm: 0.4875 | dt: 1716.54ms | img/sec: 2386.20
step 100881 | loss: 2.923338 | lr 3.6308e-04 | norm: 0.5076 | dt: 1659.08ms | img/sec: 2468.83
step 100882 | loss: 2.822054 | lr 3.6296e-04 | norm: 0.4984 | dt: 1756.64ms | img/sec: 2331.72
step 100883 | loss: 2.900412 | lr 3.6283e-04 | norm: 0.5092 | dt: 1657.46ms | img/sec: 2471.25
step 100884 | loss: 2.889150 | lr 3.6271e-04 | norm: 0.5069 | dt: 1643.45ms | img/sec: 2492.32
step 100885 | loss: 2.810106 | lr 3.6259e-04 | norm: 0.4759 | dt: 1762.61ms | img/sec: 2323.82
step 100886 | loss: 2.903600 | lr 3.6246e-04 | norm: 0.5183 | dt: 1711.54ms | img/sec: 2393.17
step 100887 | loss: 2.861895 | lr 3.6234e-04 | norm: 0.4929 | dt: 1715.49ms | img/sec: 2387.66
step 100888 | loss: 2.927533 | lr 3.6221e-04 | norm: 0.4804 | dt: 1655.08ms | img/sec: 2474.80
step 100889 | loss: 2.915055 | lr 3.6209e-04 | norm: 0.4958 | dt: 1667.19ms | img/sec: 2456.83
step 100890 | loss: 2.838234 | lr 3.6197e-04 | norm: 0.4703 | dt: 1653.26ms | img/sec: 2477.53
step 100891 | loss: 2.861328 | lr 3.6184e-04 | norm: 0.4949 | dt: 1649.92ms | img/sec: 2482.55
step 100892 | loss: 2.814394 | lr 3.6172e-04 | norm: 0.4778 | dt: 1722.16ms | img/sec: 2378.40
step 100893 | loss: 2.848917 | lr 3.6159e-04 | norm: 0.4813 | dt: 1702.19ms | img/sec: 2406.30
step 100894 | loss: 2.900527 | lr 3.6147e-04 | norm: 0.4820 | dt: 1662.24ms | img/sec: 2464.15
step 100895 | loss: 2.865112 | lr 3.6135e-04 | norm: 0.4881 | dt: 1659.18ms | img/sec: 2468.69
step 100896 | loss: 2.888373 | lr 3.6122e-04 | norm: 0.5238 | dt: 1658.64ms | img/sec: 2469.49
step 100897 | loss: 2.874079 | lr 3.6110e-04 | norm: 0.4847 | dt: 1683.42ms | img/sec: 2433.14
step 100898 | loss: 2.905255 | lr 3.6097e-04 | norm: 0.4805 | dt: 1693.73ms | img/sec: 2418.33
step 100899 | loss: 2.860385 | lr 3.6085e-04 | norm: 0.4919 | dt: 1650.79ms | img/sec: 2481.23
step 100900 | loss: 2.926170 | lr 3.6072e-04 | norm: 0.4996 | dt: 1742.92ms | img/sec: 2350.08
step 100901 | loss: 2.902728 | lr 3.6060e-04 | norm: 0.4963 | dt: 1756.37ms | img/sec: 2332.08
step 100902 | loss: 2.858825 | lr 3.6047e-04 | norm: 0.5119 | dt: 1721.39ms | img/sec: 2379.48
step 100903 | loss: 2.883739 | lr 3.6035e-04 | norm: 0.4981 | dt: 1708.15ms | img/sec: 2397.92
step 100904 | loss: 2.797417 | lr 3.6022e-04 | norm: 0.4794 | dt: 1698.11ms | img/sec: 2412.09
step 100905 | loss: 2.896753 | lr 3.6010e-04 | norm: 0.4724 | dt: 1673.78ms | img/sec: 2447.16
step 100906 | loss: 2.882544 | lr 3.5998e-04 | norm: 0.5120 | dt: 1649.32ms | img/sec: 2483.44
step 100907 | loss: 2.874679 | lr 3.5985e-04 | norm: 0.4951 | dt: 1693.62ms | img/sec: 2418.49
step 100908 | loss: 2.909481 | lr 3.5973e-04 | norm: 0.5316 | dt: 1762.59ms | img/sec: 2323.85
step 100909 | loss: 2.872824 | lr 3.5960e-04 | norm: 0.4996 | dt: 1664.85ms | img/sec: 2460.29
step 100910 | loss: 2.917122 | lr 3.5948e-04 | norm: 0.5084 | dt: 1665.10ms | img/sec: 2459.91
step 100911 | loss: 2.837869 | lr 3.5935e-04 | norm: 0.4896 | dt: 1650.97ms | img/sec: 2480.97
step 100912 | loss: 2.905116 | lr 3.5923e-04 | norm: 0.4782 | dt: 1666.63ms | img/sec: 2457.66
step 100913 | loss: 2.898740 | lr 3.5910e-04 | norm: 0.4844 | dt: 1652.75ms | img/sec: 2478.29
step 100914 | loss: 2.857990 | lr 3.5898e-04 | norm: 0.5051 | dt: 1687.29ms | img/sec: 2427.56
step 100915 | loss: 2.877509 | lr 3.5885e-04 | norm: 0.4835 | dt: 1653.60ms | img/sec: 2477.01
step 100916 | loss: 2.897352 | lr 3.5873e-04 | norm: 0.4871 | dt: 1680.88ms | img/sec: 2436.82
step 100917 | loss: 2.884611 | lr 3.5860e-04 | norm: 0.5074 | dt: 1660.15ms | img/sec: 2467.25
step 100918 | loss: 2.953252 | lr 3.5848e-04 | norm: 0.5417 | dt: 1683.24ms | img/sec: 2433.40
step 100919 | loss: 2.928630 | lr 3.5835e-04 | norm: 0.4984 | dt: 1644.34ms | img/sec: 2490.97
step 100920 | loss: 2.900759 | lr 3.5823e-04 | norm: 0.5196 | dt: 1657.72ms | img/sec: 2470.87
step 100921 | loss: 2.853058 | lr 3.5810e-04 | norm: 0.4912 | dt: 1657.55ms | img/sec: 2471.11
step 100922 | loss: 2.931761 | lr 3.5798e-04 | norm: 0.4865 | dt: 1682.20ms | img/sec: 2434.91
step 100923 | loss: 2.935234 | lr 3.5785e-04 | norm: 0.4866 | dt: 1656.40ms | img/sec: 2472.83
step 100924 | loss: 2.872065 | lr 3.5773e-04 | norm: 0.4892 | dt: 1707.41ms | img/sec: 2398.96
step 100925 | loss: 2.887141 | lr 3.5760e-04 | norm: 0.4810 | dt: 1686.81ms | img/sec: 2428.25
step 100926 | loss: 2.874661 | lr 3.5747e-04 | norm: 0.4959 | dt: 1702.27ms | img/sec: 2406.19
step 100927 | loss: 2.890941 | lr 3.5735e-04 | norm: 0.4701 | dt: 1707.40ms | img/sec: 2398.97
step 100928 | loss: 2.973726 | lr 3.5722e-04 | norm: 0.4997 | dt: 1682.04ms | img/sec: 2435.14
step 100929 | loss: 2.900603 | lr 3.5710e-04 | norm: 0.5092 | dt: 1660.43ms | img/sec: 2466.83
step 100930 | loss: 2.877540 | lr 3.5697e-04 | norm: 0.5092 | dt: 1662.17ms | img/sec: 2464.25
step 100931 | loss: 2.857581 | lr 3.5685e-04 | norm: 0.4876 | dt: 1734.63ms | img/sec: 2361.31
step 100932 | loss: 2.861132 | lr 3.5672e-04 | norm: 0.4723 | dt: 1654.00ms | img/sec: 2476.42
step 100933 | loss: 2.879749 | lr 3.5660e-04 | norm: 0.4917 | dt: 1736.15ms | img/sec: 2359.24
step 100934 | loss: 2.858862 | lr 3.5647e-04 | norm: 0.4938 | dt: 1661.83ms | img/sec: 2464.75
step 100935 | loss: 2.825455 | lr 3.5634e-04 | norm: 0.4778 | dt: 1731.46ms | img/sec: 2365.63
step 100936 | loss: 2.880330 | lr 3.5622e-04 | norm: 0.5127 | dt: 1678.94ms | img/sec: 2439.64
step 100937 | loss: 2.858820 | lr 3.5609e-04 | norm: 0.5023 | dt: 1678.97ms | img/sec: 2439.60
step 100938 | loss: 2.949796 | lr 3.5597e-04 | norm: 0.5051 | dt: 1713.96ms | img/sec: 2389.79
step 100939 | loss: 2.870598 | lr 3.5584e-04 | norm: 0.5063 | dt: 1651.11ms | img/sec: 2480.75
step 100940 | loss: 2.835671 | lr 3.5572e-04 | norm: 0.4957 | dt: 1712.73ms | img/sec: 2391.50
step 100941 | loss: 2.833367 | lr 3.5559e-04 | norm: 0.4998 | dt: 1686.07ms | img/sec: 2429.32
step 100942 | loss: 2.825800 | lr 3.5546e-04 | norm: 0.4813 | dt: 1657.78ms | img/sec: 2470.77
step 100943 | loss: 2.798260 | lr 3.5534e-04 | norm: 0.4970 | dt: 1658.18ms | img/sec: 2470.17
step 100944 | loss: 2.889173 | lr 3.5521e-04 | norm: 0.5107 | dt: 1704.47ms | img/sec: 2403.09
step 100945 | loss: 2.890567 | lr 3.5509e-04 | norm: 0.5128 | dt: 1704.94ms | img/sec: 2402.43
step 100946 | loss: 2.806417 | lr 3.5496e-04 | norm: 0.4833 | dt: 1690.02ms | img/sec: 2423.65
step 100947 | loss: 2.858746 | lr 3.5483e-04 | norm: 0.5119 | dt: 1663.01ms | img/sec: 2463.01
step 100948 | loss: 2.891134 | lr 3.5471e-04 | norm: 0.4962 | dt: 1655.86ms | img/sec: 2473.64
step 100949 | loss: 2.904330 | lr 3.5458e-04 | norm: 0.4983 | dt: 1725.12ms | img/sec: 2374.33
step 100950 | loss: 2.958662 | lr 3.5446e-04 | norm: 0.5088 | dt: 1692.06ms | img/sec: 2420.72
step 100951 | loss: 2.846432 | lr 3.5433e-04 | norm: 0.4781 | dt: 1779.58ms | img/sec: 2301.66
step 100952 | loss: 2.801533 | lr 3.5420e-04 | norm: 0.4873 | dt: 1674.22ms | img/sec: 2446.51
step 100953 | loss: 2.863503 | lr 3.5408e-04 | norm: 0.4930 | dt: 1711.83ms | img/sec: 2392.76
step 100954 | loss: 2.922089 | lr 3.5395e-04 | norm: 0.4831 | dt: 1649.99ms | img/sec: 2482.44
step 100955 | loss: 2.851220 | lr 3.5382e-04 | norm: 0.4918 | dt: 1654.76ms | img/sec: 2475.28
step 100956 | loss: 2.906252 | lr 3.5370e-04 | norm: 0.4817 | dt: 1684.18ms | img/sec: 2432.05
step 100957 | loss: 2.966104 | lr 3.5357e-04 | norm: 0.5019 | dt: 1663.90ms | img/sec: 2461.69
step 100958 | loss: 2.900241 | lr 3.5345e-04 | norm: 0.5115 | dt: 1726.13ms | img/sec: 2372.94
step 100959 | loss: 2.888117 | lr 3.5332e-04 | norm: 0.4824 | dt: 1651.65ms | img/sec: 2479.94
step 100960 | loss: 2.875052 | lr 3.5319e-04 | norm: 0.4900 | dt: 1682.01ms | img/sec: 2435.18
step 100961 | loss: 2.889307 | lr 3.5307e-04 | norm: 0.4969 | dt: 1711.59ms | img/sec: 2393.10
step 100962 | loss: 2.945688 | lr 3.5294e-04 | norm: 0.4807 | dt: 1650.95ms | img/sec: 2480.99
step 100963 | loss: 2.829464 | lr 3.5281e-04 | norm: 0.4774 | dt: 1664.32ms | img/sec: 2461.07
step 100964 | loss: 2.835008 | lr 3.5269e-04 | norm: 0.5033 | dt: 1732.18ms | img/sec: 2364.65
step 100965 | loss: 2.857507 | lr 3.5256e-04 | norm: 0.4938 | dt: 1679.19ms | img/sec: 2439.28
step 100966 | loss: 2.838403 | lr 3.5243e-04 | norm: 0.4968 | dt: 1648.20ms | img/sec: 2485.14
step 100967 | loss: 2.826915 | lr 3.5231e-04 | norm: 0.4734 | dt: 1713.62ms | img/sec: 2390.26
step 100968 | loss: 2.910066 | lr 3.5218e-04 | norm: 0.4857 | dt: 1710.94ms | img/sec: 2394.01
step 100969 | loss: 2.827205 | lr 3.5205e-04 | norm: 0.4974 | dt: 1706.41ms | img/sec: 2400.37
step 100970 | loss: 2.869008 | lr 3.5193e-04 | norm: 0.5104 | dt: 1690.12ms | img/sec: 2423.50
step 100971 | loss: 2.864353 | lr 3.5180e-04 | norm: 0.5134 | dt: 1661.04ms | img/sec: 2465.93
step 100972 | loss: 2.941729 | lr 3.5167e-04 | norm: 0.4906 | dt: 1654.35ms | img/sec: 2475.89
step 100973 | loss: 2.886151 | lr 3.5155e-04 | norm: 0.5037 | dt: 1792.61ms | img/sec: 2284.94
step 100974 | loss: 2.963568 | lr 3.5142e-04 | norm: 0.5256 | dt: 1673.38ms | img/sec: 2447.75
step 100975 | loss: 2.792223 | lr 3.5129e-04 | norm: 0.4714 | dt: 1664.80ms | img/sec: 2460.36
step 100976 | loss: 2.852581 | lr 3.5117e-04 | norm: 0.5016 | dt: 1673.56ms | img/sec: 2447.48
step 100977 | loss: 2.920666 | lr 3.5104e-04 | norm: 0.5047 | dt: 1661.01ms | img/sec: 2465.96
step 100978 | loss: 2.892250 | lr 3.5091e-04 | norm: 0.5180 | dt: 1707.12ms | img/sec: 2399.36
step 100979 | loss: 2.895297 | lr 3.5078e-04 | norm: 0.5102 | dt: 1714.29ms | img/sec: 2389.33
step 100980 | loss: 2.878864 | lr 3.5066e-04 | norm: 0.4979 | dt: 1651.92ms | img/sec: 2479.54
step 100981 | loss: 2.891062 | lr 3.5053e-04 | norm: 0.4978 | dt: 1740.61ms | img/sec: 2353.20
step 100982 | loss: 2.841011 | lr 3.5040e-04 | norm: 0.4984 | dt: 1655.55ms | img/sec: 2474.11
step 100983 | loss: 2.898756 | lr 3.5028e-04 | norm: 0.5187 | dt: 1728.19ms | img/sec: 2370.11
step 100984 | loss: 2.848780 | lr 3.5015e-04 | norm: 0.5162 | dt: 1654.05ms | img/sec: 2476.35
step 100985 | loss: 2.917096 | lr 3.5002e-04 | norm: 0.4991 | dt: 1744.96ms | img/sec: 2347.33
step 100986 | loss: 2.877998 | lr 3.4989e-04 | norm: 0.4844 | dt: 1656.86ms | img/sec: 2472.14
step 100987 | loss: 2.859192 | lr 3.4977e-04 | norm: 0.4975 | dt: 1700.21ms | img/sec: 2409.12
step 100988 | loss: 2.844134 | lr 3.4964e-04 | norm: 0.4996 | dt: 1705.16ms | img/sec: 2402.13
step 100989 | loss: 2.802673 | lr 3.4951e-04 | norm: 0.4967 | dt: 1661.49ms | img/sec: 2465.25
step 100990 | loss: 2.868090 | lr 3.4938e-04 | norm: 0.4999 | dt: 1700.66ms | img/sec: 2408.47
step 100991 | loss: 2.959683 | lr 3.4926e-04 | norm: 0.4927 | dt: 1651.92ms | img/sec: 2479.54
step 100992 | loss: 2.868494 | lr 3.4913e-04 | norm: 0.5384 | dt: 1689.28ms | img/sec: 2424.70
step 100993 | loss: 2.881932 | lr 3.4900e-04 | norm: 0.4992 | dt: 1699.41ms | img/sec: 2410.25
step 100994 | loss: 2.829590 | lr 3.4887e-04 | norm: 0.5109 | dt: 1695.16ms | img/sec: 2416.29
step 100995 | loss: 2.820172 | lr 3.4875e-04 | norm: 0.4828 | dt: 1658.02ms | img/sec: 2470.42
step 100996 | loss: 2.924777 | lr 3.4862e-04 | norm: 0.4912 | dt: 1660.82ms | img/sec: 2466.25
step 100997 | loss: 2.917391 | lr 3.4849e-04 | norm: 0.5091 | dt: 1658.20ms | img/sec: 2470.15
step 100998 | loss: 2.800054 | lr 3.4836e-04 | norm: 0.4846 | dt: 1649.96ms | img/sec: 2482.49
step 100999 | loss: 2.850814 | lr 3.4824e-04 | norm: 0.4847 | dt: 1718.42ms | img/sec: 2383.59
step 101000 | val_loss 1.6545 | val_acc 61.95%
step 101000 | loss: 2.779071 | lr 3.4811e-04 | norm: 0.4783 | dt: 4101.83ms | img/sec: 998.58
--- Saved checkpoint at step 101000 ---
step 101001 | loss: 2.880877 | lr 3.4798e-04 | norm: 0.5213 | dt: 1666.65ms | img/sec: 2457.62
step 101002 | loss: 2.873605 | lr 3.4785e-04 | norm: 0.4821 | dt: 1696.92ms | img/sec: 2413.78
step 101003 | loss: 2.836609 | lr 3.4773e-04 | norm: 0.4661 | dt: 1666.18ms | img/sec: 2458.32
step 101004 | loss: 2.912478 | lr 3.4760e-04 | norm: 0.4881 | dt: 1695.43ms | img/sec: 2415.91
step 101005 | loss: 2.828223 | lr 3.4747e-04 | norm: 0.4859 | dt: 1656.55ms | img/sec: 2472.60
step 101006 | loss: 2.900813 | lr 3.4734e-04 | norm: 0.5271 | dt: 1734.88ms | img/sec: 2360.97
step 101007 | loss: 2.859165 | lr 3.4721e-04 | norm: 0.4870 | dt: 1705.33ms | img/sec: 2401.88
step 101008 | loss: 2.857220 | lr 3.4709e-04 | norm: 0.5071 | dt: 1717.38ms | img/sec: 2385.02
step 101009 | loss: 2.826306 | lr 3.4696e-04 | norm: 0.4778 | dt: 1658.07ms | img/sec: 2470.34
step 101010 | loss: 2.901230 | lr 3.4683e-04 | norm: 0.5042 | dt: 1714.92ms | img/sec: 2388.45
step 101011 | loss: 2.838260 | lr 3.4670e-04 | norm: 0.4728 | dt: 1679.23ms | img/sec: 2439.22
step 101012 | loss: 2.900976 | lr 3.4657e-04 | norm: 0.5069 | dt: 1689.18ms | img/sec: 2424.84
step 101013 | loss: 2.783205 | lr 3.4645e-04 | norm: 0.4851 | dt: 1698.36ms | img/sec: 2411.74
step 101014 | loss: 2.807350 | lr 3.4632e-04 | norm: 0.4753 | dt: 1662.06ms | img/sec: 2464.42
step 101015 | loss: 2.831502 | lr 3.4619e-04 | norm: 0.4771 | dt: 1689.98ms | img/sec: 2423.70
step 101016 | loss: 2.891406 | lr 3.4606e-04 | norm: 0.4881 | dt: 1713.23ms | img/sec: 2390.81
step 101017 | loss: 2.867660 | lr 3.4593e-04 | norm: 0.4926 | dt: 1660.58ms | img/sec: 2466.61
step 101018 | loss: 2.863735 | lr 3.4581e-04 | norm: 0.4731 | dt: 1659.91ms | img/sec: 2467.60
step 101019 | loss: 2.796880 | lr 3.4568e-04 | norm: 0.4714 | dt: 1759.19ms | img/sec: 2328.34
step 101020 | loss: 2.836114 | lr 3.4555e-04 | norm: 0.4842 | dt: 1662.34ms | img/sec: 2463.99
step 101021 | loss: 2.918672 | lr 3.4542e-04 | norm: 0.4945 | dt: 1666.36ms | img/sec: 2458.05
step 101022 | loss: 2.946292 | lr 3.4529e-04 | norm: 0.4740 | dt: 1659.61ms | img/sec: 2468.05
step 101023 | loss: 2.789649 | lr 3.4516e-04 | norm: 0.4649 | dt: 1662.87ms | img/sec: 2463.21
step 101024 | loss: 2.911587 | lr 3.4504e-04 | norm: 0.4893 | dt: 1663.38ms | img/sec: 2462.46
step 101025 | loss: 2.916162 | lr 3.4491e-04 | norm: 0.5000 | dt: 1654.29ms | img/sec: 2475.99
step 101026 | loss: 2.830406 | lr 3.4478e-04 | norm: 0.5352 | dt: 1661.86ms | img/sec: 2464.71
step 101027 | loss: 2.865792 | lr 3.4465e-04 | norm: 0.4772 | dt: 1730.69ms | img/sec: 2366.68
step 101028 | loss: 2.897423 | lr 3.4452e-04 | norm: 0.4958 | dt: 1664.28ms | img/sec: 2461.13
step 101029 | loss: 2.835454 | lr 3.4439e-04 | norm: 0.4997 | dt: 1661.55ms | img/sec: 2465.17
step 101030 | loss: 2.892142 | lr 3.4426e-04 | norm: 0.5076 | dt: 1721.99ms | img/sec: 2378.64
step 101031 | loss: 2.827834 | lr 3.4414e-04 | norm: 0.5030 | dt: 1667.67ms | img/sec: 2456.13
step 101032 | loss: 2.848135 | lr 3.4401e-04 | norm: 0.4814 | dt: 1659.06ms | img/sec: 2468.87
step 101033 | loss: 2.856071 | lr 3.4388e-04 | norm: 0.4887 | dt: 1681.39ms | img/sec: 2436.08
step 101034 | loss: 2.840652 | lr 3.4375e-04 | norm: 0.4858 | dt: 1766.48ms | img/sec: 2318.73
step 101035 | loss: 2.896731 | lr 3.4362e-04 | norm: 0.5095 | dt: 1656.67ms | img/sec: 2472.43
step 101036 | loss: 2.894897 | lr 3.4349e-04 | norm: 0.5223 | dt: 1685.71ms | img/sec: 2429.83
step 101037 | loss: 2.850977 | lr 3.4336e-04 | norm: 0.4974 | dt: 1687.36ms | img/sec: 2427.47
step 101038 | loss: 2.947782 | lr 3.4323e-04 | norm: 0.5135 | dt: 1695.29ms | img/sec: 2416.11
step 101039 | loss: 2.920262 | lr 3.4311e-04 | norm: 0.5151 | dt: 1660.84ms | img/sec: 2466.22
step 101040 | loss: 2.881609 | lr 3.4298e-04 | norm: 0.5134 | dt: 1656.33ms | img/sec: 2472.94
step 101041 | loss: 2.881291 | lr 3.4285e-04 | norm: 0.4870 | dt: 1739.30ms | img/sec: 2354.97
step 101042 | loss: 2.877653 | lr 3.4272e-04 | norm: 0.5248 | dt: 1702.04ms | img/sec: 2406.52
step 101043 | loss: 2.871871 | lr 3.4259e-04 | norm: 0.4997 | dt: 1714.04ms | img/sec: 2389.67
step 101044 | loss: 2.906975 | lr 3.4246e-04 | norm: 0.4900 | dt: 1682.30ms | img/sec: 2434.76
step 101045 | loss: 2.875568 | lr 3.4233e-04 | norm: 0.4885 | dt: 1663.90ms | img/sec: 2461.69
step 101046 | loss: 2.919729 | lr 3.4220e-04 | norm: 0.4891 | dt: 1804.69ms | img/sec: 2269.64
step 101047 | loss: 2.893137 | lr 3.4207e-04 | norm: 0.5143 | dt: 1658.20ms | img/sec: 2470.14
step 101048 | loss: 2.811451 | lr 3.4195e-04 | norm: 0.5002 | dt: 1752.47ms | img/sec: 2337.28
step 101049 | loss: 2.863231 | lr 3.4182e-04 | norm: 0.5034 | dt: 1703.24ms | img/sec: 2404.82
step 101050 | loss: 2.893064 | lr 3.4169e-04 | norm: 0.5407 | dt: 1728.14ms | img/sec: 2370.18
step 101051 | loss: 2.888541 | lr 3.4156e-04 | norm: 0.5071 | dt: 1773.24ms | img/sec: 2309.90
step 101052 | loss: 2.824160 | lr 3.4143e-04 | norm: 0.4827 | dt: 1702.63ms | img/sec: 2405.68
step 101053 | loss: 2.844978 | lr 3.4130e-04 | norm: 0.5074 | dt: 1655.82ms | img/sec: 2473.71
step 101054 | loss: 2.927355 | lr 3.4117e-04 | norm: 0.5132 | dt: 1673.76ms | img/sec: 2447.19
step 101055 | loss: 2.942314 | lr 3.4104e-04 | norm: 0.4894 | dt: 1698.22ms | img/sec: 2411.94
step 101056 | loss: 2.860716 | lr 3.4091e-04 | norm: 0.4784 | dt: 1697.21ms | img/sec: 2413.38
step 101057 | loss: 2.869955 | lr 3.4078e-04 | norm: 0.5137 | dt: 1715.50ms | img/sec: 2387.65
step 101058 | loss: 2.896797 | lr 3.4065e-04 | norm: 0.4893 | dt: 1720.72ms | img/sec: 2380.39
step 101059 | loss: 2.908236 | lr 3.4052e-04 | norm: 0.4959 | dt: 1651.81ms | img/sec: 2479.70
step 101060 | loss: 2.954747 | lr 3.4039e-04 | norm: 0.4993 | dt: 1779.52ms | img/sec: 2301.74
step 101061 | loss: 2.882095 | lr 3.4026e-04 | norm: 0.4984 | dt: 1692.96ms | img/sec: 2419.43
step 101062 | loss: 2.925960 | lr 3.4014e-04 | norm: 0.4862 | dt: 1665.80ms | img/sec: 2458.88
step 101063 | loss: 2.980079 | lr 3.4001e-04 | norm: 0.5071 | dt: 1726.95ms | img/sec: 2371.81
step 101064 | loss: 2.888495 | lr 3.3988e-04 | norm: 0.5105 | dt: 1660.66ms | img/sec: 2466.49
step 101065 | loss: 2.816977 | lr 3.3975e-04 | norm: 0.4888 | dt: 1717.45ms | img/sec: 2384.94
step 101066 | loss: 2.887102 | lr 3.3962e-04 | norm: 0.4923 | dt: 1678.22ms | img/sec: 2440.68
step 101067 | loss: 2.828765 | lr 3.3949e-04 | norm: 0.5045 | dt: 1710.52ms | img/sec: 2394.59
step 101068 | loss: 2.832169 | lr 3.3936e-04 | norm: 0.5033 | dt: 1714.11ms | img/sec: 2389.58
step 101069 | loss: 2.847900 | lr 3.3923e-04 | norm: 0.4726 | dt: 1659.46ms | img/sec: 2468.28
step 101070 | loss: 2.842733 | lr 3.3910e-04 | norm: 0.4825 | dt: 1660.34ms | img/sec: 2466.96
step 101071 | loss: 2.845972 | lr 3.3897e-04 | norm: 0.4990 | dt: 1666.62ms | img/sec: 2457.67
step 101072 | loss: 2.821168 | lr 3.3884e-04 | norm: 0.4840 | dt: 1693.40ms | img/sec: 2418.80
step 101073 | loss: 2.866323 | lr 3.3871e-04 | norm: 0.5038 | dt: 1658.74ms | img/sec: 2469.35
step 101074 | loss: 2.811899 | lr 3.3858e-04 | norm: 0.5050 | dt: 1746.16ms | img/sec: 2345.72
step 101075 | loss: 2.874848 | lr 3.3845e-04 | norm: 0.4945 | dt: 1658.15ms | img/sec: 2470.23
step 101076 | loss: 2.848408 | lr 3.3832e-04 | norm: 0.5166 | dt: 1678.41ms | img/sec: 2440.40
step 101077 | loss: 2.886656 | lr 3.3819e-04 | norm: 0.5182 | dt: 1655.39ms | img/sec: 2474.34
step 101078 | loss: 2.810793 | lr 3.3806e-04 | norm: 0.4990 | dt: 1740.18ms | img/sec: 2353.78
step 101079 | loss: 2.944163 | lr 3.3793e-04 | norm: 0.4934 | dt: 1659.87ms | img/sec: 2467.66
step 101080 | loss: 2.821593 | lr 3.3780e-04 | norm: 0.5007 | dt: 1714.82ms | img/sec: 2388.59
step 101081 | loss: 2.880526 | lr 3.3767e-04 | norm: 0.5229 | dt: 1664.36ms | img/sec: 2461.01
step 101082 | loss: 2.903802 | lr 3.3754e-04 | norm: 0.5130 | dt: 1728.27ms | img/sec: 2370.00
step 101083 | loss: 2.852458 | lr 3.3741e-04 | norm: 0.5058 | dt: 1659.27ms | img/sec: 2468.56
step 101084 | loss: 2.776026 | lr 3.3728e-04 | norm: 0.5297 | dt: 1792.52ms | img/sec: 2285.05
step 101085 | loss: 2.839342 | lr 3.3715e-04 | norm: 0.4879 | dt: 1729.71ms | img/sec: 2368.02
step 101086 | loss: 2.867049 | lr 3.3702e-04 | norm: 0.5046 | dt: 1699.92ms | img/sec: 2409.53
step 101087 | loss: 2.888406 | lr 3.3689e-04 | norm: 0.5049 | dt: 1647.06ms | img/sec: 2486.85
step 101088 | loss: 2.944960 | lr 3.3676e-04 | norm: 0.4973 | dt: 1661.44ms | img/sec: 2465.33
step 101089 | loss: 2.910549 | lr 3.3663e-04 | norm: 0.4845 | dt: 1707.37ms | img/sec: 2399.01
step 101090 | loss: 2.786024 | lr 3.3650e-04 | norm: 0.5023 | dt: 1682.55ms | img/sec: 2434.40
step 101091 | loss: 2.852508 | lr 3.3637e-04 | norm: 0.4829 | dt: 1669.80ms | img/sec: 2452.99
step 101092 | loss: 2.832683 | lr 3.3624e-04 | norm: 0.5160 | dt: 1717.64ms | img/sec: 2384.67
step 101093 | loss: 2.884051 | lr 3.3611e-04 | norm: 0.4868 | dt: 1721.86ms | img/sec: 2378.82
step 101094 | loss: 2.815252 | lr 3.3598e-04 | norm: 0.4913 | dt: 1657.58ms | img/sec: 2471.07
step 101095 | loss: 2.821110 | lr 3.3585e-04 | norm: 0.5398 | dt: 1660.66ms | img/sec: 2466.48
step 101096 | loss: 2.863331 | lr 3.3572e-04 | norm: 0.5188 | dt: 1667.95ms | img/sec: 2455.72
step 101097 | loss: 2.907914 | lr 3.3559e-04 | norm: 0.5354 | dt: 1694.84ms | img/sec: 2416.74
step 101098 | loss: 2.852364 | lr 3.3546e-04 | norm: 0.5132 | dt: 1674.61ms | img/sec: 2445.94
step 101099 | loss: 2.811044 | lr 3.3533e-04 | norm: 0.4877 | dt: 1707.20ms | img/sec: 2399.25
step 101100 | loss: 2.868189 | lr 3.3520e-04 | norm: 0.5037 | dt: 1680.46ms | img/sec: 2437.42
step 101101 | loss: 2.858175 | lr 3.3506e-04 | norm: 0.4954 | dt: 1685.83ms | img/sec: 2429.67
step 101102 | loss: 2.871306 | lr 3.3493e-04 | norm: 0.5282 | dt: 1681.99ms | img/sec: 2435.21
step 101103 | loss: 2.869660 | lr 3.3480e-04 | norm: 0.5138 | dt: 1657.12ms | img/sec: 2471.75
step 101104 | loss: 2.838788 | lr 3.3467e-04 | norm: 0.4928 | dt: 1702.23ms | img/sec: 2406.26
step 101105 | loss: 2.938601 | lr 3.3454e-04 | norm: 0.5203 | dt: 1726.69ms | img/sec: 2372.17
step 101106 | loss: 2.849104 | lr 3.3441e-04 | norm: 0.5259 | dt: 1657.54ms | img/sec: 2471.13
step 101107 | loss: 2.877143 | lr 3.3428e-04 | norm: 0.4983 | dt: 1715.60ms | img/sec: 2387.51
step 101108 | loss: 2.783385 | lr 3.3415e-04 | norm: 0.4720 | dt: 1708.39ms | img/sec: 2397.58
step 101109 | loss: 2.908107 | lr 3.3402e-04 | norm: 0.5158 | dt: 1656.53ms | img/sec: 2472.65
step 101110 | loss: 2.822195 | lr 3.3389e-04 | norm: 0.4829 | dt: 1718.15ms | img/sec: 2383.96
step 101111 | loss: 2.835188 | lr 3.3376e-04 | norm: 0.4848 | dt: 1690.35ms | img/sec: 2423.17
step 101112 | loss: 2.900100 | lr 3.3363e-04 | norm: 0.4920 | dt: 1725.03ms | img/sec: 2374.46
step 101113 | loss: 2.911778 | lr 3.3350e-04 | norm: 0.5287 | dt: 1664.50ms | img/sec: 2460.80
step 101114 | loss: 2.794814 | lr 3.3337e-04 | norm: 0.4667 | dt: 1659.20ms | img/sec: 2468.67
step 101115 | loss: 2.778853 | lr 3.3324e-04 | norm: 0.4798 | dt: 1658.78ms | img/sec: 2469.29
step 101116 | loss: 2.880430 | lr 3.3310e-04 | norm: 0.5104 | dt: 1658.33ms | img/sec: 2469.95
step 101117 | loss: 2.853330 | lr 3.3297e-04 | norm: 0.4966 | dt: 1656.58ms | img/sec: 2472.57
step 101118 | loss: 2.848417 | lr 3.3284e-04 | norm: 0.4772 | dt: 1656.91ms | img/sec: 2472.08
step 101119 | loss: 2.899086 | lr 3.3271e-04 | norm: 0.5109 | dt: 1669.84ms | img/sec: 2452.93
step 101120 | loss: 2.869362 | lr 3.3258e-04 | norm: 0.4826 | dt: 1655.31ms | img/sec: 2474.46
step 101121 | loss: 2.834409 | lr 3.3245e-04 | norm: 0.4870 | dt: 1693.41ms | img/sec: 2418.79
step 101122 | loss: 2.931576 | lr 3.3232e-04 | norm: 0.4946 | dt: 1676.67ms | img/sec: 2442.93
step 101123 | loss: 2.849354 | lr 3.3219e-04 | norm: 0.5005 | dt: 1676.38ms | img/sec: 2443.36
step 101124 | loss: 2.876672 | lr 3.3206e-04 | norm: 0.4929 | dt: 1766.12ms | img/sec: 2319.21
step 101125 | loss: 2.851672 | lr 3.3193e-04 | norm: 0.4965 | dt: 1652.22ms | img/sec: 2479.09
step 101126 | loss: 2.886253 | lr 3.3179e-04 | norm: 0.4898 | dt: 1689.77ms | img/sec: 2424.00
step 101127 | loss: 2.869887 | lr 3.3166e-04 | norm: 0.4793 | dt: 1723.87ms | img/sec: 2376.05
step 101128 | loss: 2.894712 | lr 3.3153e-04 | norm: 0.5208 | dt: 1655.62ms | img/sec: 2473.99
step 101129 | loss: 2.848262 | lr 3.3140e-04 | norm: 0.4880 | dt: 1673.58ms | img/sec: 2447.45
step 101130 | loss: 2.964941 | lr 3.3127e-04 | norm: 0.5070 | dt: 1727.71ms | img/sec: 2370.77
step 101131 | loss: 2.834628 | lr 3.3114e-04 | norm: 0.4720 | dt: 1684.35ms | img/sec: 2431.80
step 101132 | loss: 2.908428 | lr 3.3101e-04 | norm: 0.4950 | dt: 1709.39ms | img/sec: 2396.18
step 101133 | loss: 2.803048 | lr 3.3088e-04 | norm: 0.4893 | dt: 1715.99ms | img/sec: 2386.96
step 101134 | loss: 2.826403 | lr 3.3074e-04 | norm: 0.5045 | dt: 1677.47ms | img/sec: 2441.77
step 101135 | loss: 2.823504 | lr 3.3061e-04 | norm: 0.4764 | dt: 1654.17ms | img/sec: 2476.16
step 101136 | loss: 2.841192 | lr 3.3048e-04 | norm: 0.4898 | dt: 1701.79ms | img/sec: 2406.88
step 101137 | loss: 2.819999 | lr 3.3035e-04 | norm: 0.4959 | dt: 1672.25ms | img/sec: 2449.40
step 101138 | loss: 2.878116 | lr 3.3022e-04 | norm: 0.5114 | dt: 1720.94ms | img/sec: 2380.09
step 101139 | loss: 2.884623 | lr 3.3009e-04 | norm: 0.5268 | dt: 1663.00ms | img/sec: 2463.02
step 101140 | loss: 2.877034 | lr 3.2996e-04 | norm: 0.5108 | dt: 1786.85ms | img/sec: 2292.30
step 101141 | loss: 2.873538 | lr 3.2982e-04 | norm: 0.5055 | dt: 1659.64ms | img/sec: 2468.01
step 101142 | loss: 2.868679 | lr 3.2969e-04 | norm: 0.5047 | dt: 1782.39ms | img/sec: 2298.03
step 101143 | loss: 2.875126 | lr 3.2956e-04 | norm: 0.5123 | dt: 1648.89ms | img/sec: 2484.09
step 101144 | loss: 2.890786 | lr 3.2943e-04 | norm: 0.5217 | dt: 1708.32ms | img/sec: 2397.67
step 101145 | loss: 2.843666 | lr 3.2930e-04 | norm: 0.4893 | dt: 1664.10ms | img/sec: 2461.39
step 101146 | loss: 2.854959 | lr 3.2917e-04 | norm: 0.4933 | dt: 1713.75ms | img/sec: 2390.08
step 101147 | loss: 2.832423 | lr 3.2903e-04 | norm: 0.4883 | dt: 1656.15ms | img/sec: 2473.21
step 101148 | loss: 2.895551 | lr 3.2890e-04 | norm: 0.5083 | dt: 1694.96ms | img/sec: 2416.58
step 101149 | loss: 2.856784 | lr 3.2877e-04 | norm: 0.4960 | dt: 1661.02ms | img/sec: 2465.95
step 101150 | loss: 2.855168 | lr 3.2864e-04 | norm: 0.4815 | dt: 1664.21ms | img/sec: 2461.23
step 101151 | loss: 2.888651 | lr 3.2851e-04 | norm: 0.5058 | dt: 1664.48ms | img/sec: 2460.83
step 101152 | loss: 2.869217 | lr 3.2838e-04 | norm: 0.4867 | dt: 1659.74ms | img/sec: 2467.85
step 101153 | loss: 2.804491 | lr 3.2824e-04 | norm: 0.5178 | dt: 1662.20ms | img/sec: 2464.21
step 101154 | loss: 2.826049 | lr 3.2811e-04 | norm: 0.4771 | dt: 1714.68ms | img/sec: 2388.78
step 101155 | loss: 2.829575 | lr 3.2798e-04 | norm: 0.4962 | dt: 1657.67ms | img/sec: 2470.94
step 101156 | loss: 2.868513 | lr 3.2785e-04 | norm: 0.5189 | dt: 1699.63ms | img/sec: 2409.94
step 101157 | loss: 2.816051 | lr 3.2772e-04 | norm: 0.5071 | dt: 1741.30ms | img/sec: 2352.26
step 101158 | loss: 2.847492 | lr 3.2758e-04 | norm: 0.5187 | dt: 1707.39ms | img/sec: 2398.99
step 101159 | loss: 2.763942 | lr 3.2745e-04 | norm: 0.4929 | dt: 1752.30ms | img/sec: 2337.51
step 101160 | loss: 2.777075 | lr 3.2732e-04 | norm: 0.4754 | dt: 1753.15ms | img/sec: 2336.37
step 101161 | loss: 2.818402 | lr 3.2719e-04 | norm: 0.4845 | dt: 1655.16ms | img/sec: 2474.68
step 101162 | loss: 2.818953 | lr 3.2706e-04 | norm: 0.4857 | dt: 1659.03ms | img/sec: 2468.92
step 101163 | loss: 2.811723 | lr 3.2692e-04 | norm: 0.5166 | dt: 1652.12ms | img/sec: 2479.24
step 101164 | loss: 2.790590 | lr 3.2679e-04 | norm: 0.4781 | dt: 1669.43ms | img/sec: 2453.53
step 101165 | loss: 2.805535 | lr 3.2666e-04 | norm: 0.4814 | dt: 1732.42ms | img/sec: 2364.33
step 101166 | loss: 2.907047 | lr 3.2653e-04 | norm: 0.5009 | dt: 1707.57ms | img/sec: 2398.73
step 101167 | loss: 2.848769 | lr 3.2640e-04 | norm: 0.4811 | dt: 1693.94ms | img/sec: 2418.03
step 101168 | loss: 2.799216 | lr 3.2626e-04 | norm: 0.4858 | dt: 1680.10ms | img/sec: 2437.96
step 101169 | loss: 2.839174 | lr 3.2613e-04 | norm: 0.4975 | dt: 1714.59ms | img/sec: 2388.91
step 101170 | loss: 2.819096 | lr 3.2600e-04 | norm: 0.4912 | dt: 1685.00ms | img/sec: 2430.86
step 101171 | loss: 2.846016 | lr 3.2587e-04 | norm: 0.4889 | dt: 1713.13ms | img/sec: 2390.95
step 101172 | loss: 2.837994 | lr 3.2574e-04 | norm: 0.4989 | dt: 1701.72ms | img/sec: 2406.98
step 101173 | loss: 2.862611 | lr 3.2560e-04 | norm: 0.5023 | dt: 1663.60ms | img/sec: 2462.13
step 101174 | loss: 2.829131 | lr 3.2547e-04 | norm: 0.4970 | dt: 1754.02ms | img/sec: 2335.21
step 101175 | loss: 2.859962 | lr 3.2534e-04 | norm: 0.5131 | dt: 1652.86ms | img/sec: 2478.13
step 101176 | loss: 2.857432 | lr 3.2521e-04 | norm: 0.5047 | dt: 1702.35ms | img/sec: 2406.08
step 101177 | loss: 2.790545 | lr 3.2507e-04 | norm: 0.5108 | dt: 1714.40ms | img/sec: 2389.18
step 101178 | loss: 2.864204 | lr 3.2494e-04 | norm: 0.4936 | dt: 1716.98ms | img/sec: 2385.59
step 101179 | loss: 2.854929 | lr 3.2481e-04 | norm: 0.4821 | dt: 1659.70ms | img/sec: 2467.91
step 101180 | loss: 2.850541 | lr 3.2468e-04 | norm: 0.4827 | dt: 1653.95ms | img/sec: 2476.50
step 101181 | loss: 2.836799 | lr 3.2454e-04 | norm: 0.4973 | dt: 1650.53ms | img/sec: 2481.62
step 101182 | loss: 2.860543 | lr 3.2441e-04 | norm: 0.5134 | dt: 1676.68ms | img/sec: 2442.92
step 101183 | loss: 2.900197 | lr 3.2428e-04 | norm: 0.4980 | dt: 1658.55ms | img/sec: 2469.62
step 101184 | loss: 2.843165 | lr 3.2415e-04 | norm: 0.4828 | dt: 1747.04ms | img/sec: 2344.53
step 101185 | loss: 2.918602 | lr 3.2401e-04 | norm: 0.5175 | dt: 1695.99ms | img/sec: 2415.11
step 101186 | loss: 2.908067 | lr 3.2388e-04 | norm: 0.4966 | dt: 1748.74ms | img/sec: 2342.26
step 101187 | loss: 2.826799 | lr 3.2375e-04 | norm: 0.4999 | dt: 1666.17ms | img/sec: 2458.33
step 101188 | loss: 2.855374 | lr 3.2362e-04 | norm: 0.4907 | dt: 1706.71ms | img/sec: 2399.94
step 101189 | loss: 2.845140 | lr 3.2348e-04 | norm: 0.4853 | dt: 1704.90ms | img/sec: 2402.48
step 101190 | loss: 2.885613 | lr 3.2335e-04 | norm: 0.4919 | dt: 1653.15ms | img/sec: 2477.70
step 101191 | loss: 2.826669 | lr 3.2322e-04 | norm: 0.4991 | dt: 1664.28ms | img/sec: 2461.13
step 101192 | loss: 2.898425 | lr 3.2309e-04 | norm: 0.5072 | dt: 1661.22ms | img/sec: 2465.65
step 101193 | loss: 2.841951 | lr 3.2295e-04 | norm: 0.4856 | dt: 1681.74ms | img/sec: 2435.58
step 101194 | loss: 2.839178 | lr 3.2282e-04 | norm: 0.5157 | dt: 1654.43ms | img/sec: 2475.78
step 101195 | loss: 2.786321 | lr 3.2269e-04 | norm: 0.5129 | dt: 1793.50ms | img/sec: 2283.80
step 101196 | loss: 2.792695 | lr 3.2255e-04 | norm: 0.4963 | dt: 1652.83ms | img/sec: 2478.17
step 101197 | loss: 2.864410 | lr 3.2242e-04 | norm: 0.4962 | dt: 1703.71ms | img/sec: 2404.17
step 101198 | loss: 2.833870 | lr 3.2229e-04 | norm: 0.4930 | dt: 1692.35ms | img/sec: 2420.31
step 101199 | loss: 2.833259 | lr 3.2216e-04 | norm: 0.5148 | dt: 1661.33ms | img/sec: 2465.50
step 101200 | loss: 2.854505 | lr 3.2202e-04 | norm: 0.5404 | dt: 1655.16ms | img/sec: 2474.68
step 101201 | loss: 2.866710 | lr 3.2189e-04 | norm: 0.4901 | dt: 1656.79ms | img/sec: 2472.26
step 101202 | loss: 2.917214 | lr 3.2176e-04 | norm: 0.5039 | dt: 1677.61ms | img/sec: 2441.57
step 101203 | loss: 2.899035 | lr 3.2162e-04 | norm: 0.5130 | dt: 1650.96ms | img/sec: 2480.97
step 101204 | loss: 2.815573 | lr 3.2149e-04 | norm: 0.4945 | dt: 1720.58ms | img/sec: 2380.60
step 101205 | loss: 2.833899 | lr 3.2136e-04 | norm: 0.4922 | dt: 1660.37ms | img/sec: 2466.92
step 101206 | loss: 2.868654 | lr 3.2123e-04 | norm: 0.5037 | dt: 1743.85ms | img/sec: 2348.83
step 101207 | loss: 2.836266 | lr 3.2109e-04 | norm: 0.4879 | dt: 1716.30ms | img/sec: 2386.52
step 101208 | loss: 2.831452 | lr 3.2096e-04 | norm: 0.4842 | dt: 1667.75ms | img/sec: 2456.00
step 101209 | loss: 2.875951 | lr 3.2083e-04 | norm: 0.5075 | dt: 1660.83ms | img/sec: 2466.24
step 101210 | loss: 2.872473 | lr 3.2069e-04 | norm: 0.5012 | dt: 1663.60ms | img/sec: 2462.13
step 101211 | loss: 2.856397 | lr 3.2056e-04 | norm: 0.4697 | dt: 1671.54ms | img/sec: 2450.43
step 101212 | loss: 2.934983 | lr 3.2043e-04 | norm: 0.4949 | dt: 1692.76ms | img/sec: 2419.72
step 101213 | loss: 2.928126 | lr 3.2029e-04 | norm: 0.5066 | dt: 1653.42ms | img/sec: 2477.29
step 101214 | loss: 2.849225 | lr 3.2016e-04 | norm: 0.4985 | dt: 1660.86ms | img/sec: 2466.19
step 101215 | loss: 2.848638 | lr 3.2003e-04 | norm: 0.4796 | dt: 1660.55ms | img/sec: 2466.65
step 101216 | loss: 2.834538 | lr 3.1989e-04 | norm: 0.4883 | dt: 1661.97ms | img/sec: 2464.54
step 101217 | loss: 2.856647 | lr 3.1976e-04 | norm: 0.4907 | dt: 1656.07ms | img/sec: 2473.32
step 101218 | loss: 2.886072 | lr 3.1963e-04 | norm: 0.5104 | dt: 1663.26ms | img/sec: 2462.64
step 101219 | loss: 2.828702 | lr 3.1949e-04 | norm: 0.4874 | dt: 1653.73ms | img/sec: 2476.82
step 101220 | loss: 2.809676 | lr 3.1936e-04 | norm: 0.5001 | dt: 1735.88ms | img/sec: 2359.61
step 101221 | loss: 2.787957 | lr 3.1923e-04 | norm: 0.5012 | dt: 1657.78ms | img/sec: 2470.78
step 101222 | loss: 2.867095 | lr 3.1909e-04 | norm: 0.4992 | dt: 1658.62ms | img/sec: 2469.52
step 101223 | loss: 2.790192 | lr 3.1896e-04 | norm: 0.4971 | dt: 1650.64ms | img/sec: 2481.45
step 101224 | loss: 2.836055 | lr 3.1883e-04 | norm: 0.4929 | dt: 1664.72ms | img/sec: 2460.47
step 101225 | loss: 2.885986 | lr 3.1869e-04 | norm: 0.4997 | dt: 1659.37ms | img/sec: 2468.40
step 101226 | loss: 2.880167 | lr 3.1856e-04 | norm: 0.4939 | dt: 1673.94ms | img/sec: 2446.92
step 101227 | loss: 2.865891 | lr 3.1843e-04 | norm: 0.5013 | dt: 1781.69ms | img/sec: 2298.94
step 101228 | loss: 2.866238 | lr 3.1829e-04 | norm: 0.4972 | dt: 1708.18ms | img/sec: 2397.87
step 101229 | loss: 2.891095 | lr 3.1816e-04 | norm: 0.5091 | dt: 1719.21ms | img/sec: 2382.49
step 101230 | loss: 2.863844 | lr 3.1803e-04 | norm: 0.4896 | dt: 1655.18ms | img/sec: 2474.66
step 101231 | loss: 2.811756 | lr 3.1789e-04 | norm: 0.4932 | dt: 1721.42ms | img/sec: 2379.44
step 101232 | loss: 2.821374 | lr 3.1776e-04 | norm: 0.4807 | dt: 1657.10ms | img/sec: 2471.79
step 101233 | loss: 2.842110 | lr 3.1763e-04 | norm: 0.4905 | dt: 1658.62ms | img/sec: 2469.52
step 101234 | loss: 2.845194 | lr 3.1749e-04 | norm: 0.4775 | dt: 1716.93ms | img/sec: 2385.65
step 101235 | loss: 2.805994 | lr 3.1736e-04 | norm: 0.4926 | dt: 1666.76ms | img/sec: 2457.46
step 101236 | loss: 2.817557 | lr 3.1723e-04 | norm: 0.4981 | dt: 1727.49ms | img/sec: 2371.07
step 101237 | loss: 2.922712 | lr 3.1709e-04 | norm: 0.4942 | dt: 1659.08ms | img/sec: 2468.83
step 101238 | loss: 2.865583 | lr 3.1696e-04 | norm: 0.5008 | dt: 1665.52ms | img/sec: 2459.29
step 101239 | loss: 2.771852 | lr 3.1683e-04 | norm: 0.5022 | dt: 1659.99ms | img/sec: 2467.48
step 101240 | loss: 2.847124 | lr 3.1669e-04 | norm: 0.4835 | dt: 1662.91ms | img/sec: 2463.15
step 101241 | loss: 2.871346 | lr 3.1656e-04 | norm: 0.4896 | dt: 1706.10ms | img/sec: 2400.80
step 101242 | loss: 2.889514 | lr 3.1642e-04 | norm: 0.4970 | dt: 1656.55ms | img/sec: 2472.61
step 101243 | loss: 2.836909 | lr 3.1629e-04 | norm: 0.4867 | dt: 1674.36ms | img/sec: 2446.30
step 101244 | loss: 2.856128 | lr 3.1616e-04 | norm: 0.5080 | dt: 1704.17ms | img/sec: 2403.51
step 101245 | loss: 2.835397 | lr 3.1602e-04 | norm: 0.4959 | dt: 1668.40ms | img/sec: 2455.05
step 101246 | loss: 2.858878 | lr 3.1589e-04 | norm: 0.5075 | dt: 1660.61ms | img/sec: 2466.56
step 101247 | loss: 2.744392 | lr 3.1575e-04 | norm: 0.4863 | dt: 1712.81ms | img/sec: 2391.39
step 101248 | loss: 2.813207 | lr 3.1562e-04 | norm: 0.5096 | dt: 1692.97ms | img/sec: 2419.42
step 101249 | loss: 2.870941 | lr 3.1549e-04 | norm: 0.5078 | dt: 1734.60ms | img/sec: 2361.35
step 101250 | loss: 2.841391 | lr 3.1535e-04 | norm: 0.5030 | dt: 1673.58ms | img/sec: 2447.45
step 101251 | loss: 2.848690 | lr 3.1522e-04 | norm: 0.5033 | dt: 1683.91ms | img/sec: 2432.43
step 101252 | loss: 2.853574 | lr 3.1509e-04 | norm: 0.5033 | dt: 1673.23ms | img/sec: 2447.96
step 101253 | loss: 2.825260 | lr 3.1495e-04 | norm: 0.4921 | dt: 1697.58ms | img/sec: 2412.85
step 101254 | loss: 2.784667 | lr 3.1482e-04 | norm: 0.5001 | dt: 1667.29ms | img/sec: 2456.68
step 101255 | loss: 2.834067 | lr 3.1468e-04 | norm: 0.5253 | dt: 1660.96ms | img/sec: 2466.04
step 101256 | loss: 2.783432 | lr 3.1455e-04 | norm: 0.4986 | dt: 1659.17ms | img/sec: 2468.70
step 101257 | loss: 2.833531 | lr 3.1442e-04 | norm: 0.4706 | dt: 1663.57ms | img/sec: 2462.17
step 101258 | loss: 2.862858 | lr 3.1428e-04 | norm: 0.5244 | dt: 1724.43ms | img/sec: 2375.28
step 101259 | loss: 2.864048 | lr 3.1415e-04 | norm: 0.5111 | dt: 1697.49ms | img/sec: 2412.97
step 101260 | loss: 2.837968 | lr 3.1401e-04 | norm: 0.5100 | dt: 1690.16ms | img/sec: 2423.44
step 101261 | loss: 2.893406 | lr 3.1388e-04 | norm: 0.5045 | dt: 1653.98ms | img/sec: 2476.45
step 101262 | loss: 2.847780 | lr 3.1374e-04 | norm: 0.5104 | dt: 1655.71ms | img/sec: 2473.86
step 101263 | loss: 2.815080 | lr 3.1361e-04 | norm: 0.4808 | dt: 1684.00ms | img/sec: 2432.31
step 101264 | loss: 2.868749 | lr 3.1348e-04 | norm: 0.4967 | dt: 1648.58ms | img/sec: 2484.56
step 101265 | loss: 2.863938 | lr 3.1334e-04 | norm: 0.5233 | dt: 1725.46ms | img/sec: 2373.86
step 101266 | loss: 2.847882 | lr 3.1321e-04 | norm: 0.5172 | dt: 1652.60ms | img/sec: 2478.52
step 101267 | loss: 2.887651 | lr 3.1307e-04 | norm: 0.4878 | dt: 1656.45ms | img/sec: 2472.76
step 101268 | loss: 2.841572 | lr 3.1294e-04 | norm: 0.5018 | dt: 1672.77ms | img/sec: 2448.63
step 101269 | loss: 2.774503 | lr 3.1281e-04 | norm: 0.4907 | dt: 1653.87ms | img/sec: 2476.62
step 101270 | loss: 2.860345 | lr 3.1267e-04 | norm: 0.5024 | dt: 1649.55ms | img/sec: 2483.11
step 101271 | loss: 2.870651 | lr 3.1254e-04 | norm: 0.5139 | dt: 1656.20ms | img/sec: 2473.12
step 101272 | loss: 2.848749 | lr 3.1240e-04 | norm: 0.4779 | dt: 1685.61ms | img/sec: 2429.98
step 101273 | loss: 2.764487 | lr 3.1227e-04 | norm: 0.4985 | dt: 1702.98ms | img/sec: 2405.19
step 101274 | loss: 2.800246 | lr 3.1213e-04 | norm: 0.5036 | dt: 1734.16ms | img/sec: 2361.95
step 101275 | loss: 2.852021 | lr 3.1200e-04 | norm: 0.4932 | dt: 1647.52ms | img/sec: 2486.16
step 101276 | loss: 2.838080 | lr 3.1187e-04 | norm: 0.5022 | dt: 1692.13ms | img/sec: 2420.61
step 101277 | loss: 2.775603 | lr 3.1173e-04 | norm: 0.5149 | dt: 1657.28ms | img/sec: 2471.52
step 101278 | loss: 2.816138 | lr 3.1160e-04 | norm: 0.5031 | dt: 1668.70ms | img/sec: 2454.61
step 101279 | loss: 2.862424 | lr 3.1146e-04 | norm: 0.5098 | dt: 1705.27ms | img/sec: 2401.97
step 101280 | loss: 2.874454 | lr 3.1133e-04 | norm: 0.5256 | dt: 1723.38ms | img/sec: 2376.72
step 101281 | loss: 2.896886 | lr 3.1119e-04 | norm: 0.5210 | dt: 1654.16ms | img/sec: 2476.18
step 101282 | loss: 2.895213 | lr 3.1106e-04 | norm: 0.5038 | dt: 1708.27ms | img/sec: 2397.75
step 101283 | loss: 2.848020 | lr 3.1092e-04 | norm: 0.5182 | dt: 1656.92ms | img/sec: 2472.05
step 101284 | loss: 2.870315 | lr 3.1079e-04 | norm: 0.5122 | dt: 1716.06ms | img/sec: 2386.86
step 101285 | loss: 2.897616 | lr 3.1065e-04 | norm: 0.5527 | dt: 1729.13ms | img/sec: 2368.82
step 101286 | loss: 2.802811 | lr 3.1052e-04 | norm: 0.5186 | dt: 1657.40ms | img/sec: 2471.35
step 101287 | loss: 2.829372 | lr 3.1039e-04 | norm: 0.5086 | dt: 1647.89ms | img/sec: 2485.60
step 101288 | loss: 2.861306 | lr 3.1025e-04 | norm: 0.5198 | dt: 1749.52ms | img/sec: 2341.22
step 101289 | loss: 2.764973 | lr 3.1012e-04 | norm: 0.5360 | dt: 1713.42ms | img/sec: 2390.54
step 101290 | loss: 2.866792 | lr 3.0998e-04 | norm: 0.5081 | dt: 1678.50ms | img/sec: 2440.27
step 101291 | loss: 2.792972 | lr 3.0985e-04 | norm: 0.5070 | dt: 1710.45ms | img/sec: 2394.69
step 101292 | loss: 2.823462 | lr 3.0971e-04 | norm: 0.4964 | dt: 1697.57ms | img/sec: 2412.87
step 101293 | loss: 2.857909 | lr 3.0958e-04 | norm: 0.5555 | dt: 1693.82ms | img/sec: 2418.20
step 101294 | loss: 2.841145 | lr 3.0944e-04 | norm: 0.5077 | dt: 1650.60ms | img/sec: 2481.53
step 101295 | loss: 2.887490 | lr 3.0931e-04 | norm: 0.5023 | dt: 1704.45ms | img/sec: 2403.13
step 101296 | loss: 2.851375 | lr 3.0917e-04 | norm: 0.4973 | dt: 1676.26ms | img/sec: 2443.54
step 101297 | loss: 2.861887 | lr 3.0904e-04 | norm: 0.5537 | dt: 1674.50ms | img/sec: 2446.10
step 101298 | loss: 2.865136 | lr 3.0890e-04 | norm: 0.5561 | dt: 1692.41ms | img/sec: 2420.22
step 101299 | loss: 2.858989 | lr 3.0877e-04 | norm: 0.4885 | dt: 1676.56ms | img/sec: 2443.10
step 101300 | loss: 2.865774 | lr 3.0863e-04 | norm: 0.4986 | dt: 1690.61ms | img/sec: 2422.79
step 101301 | loss: 2.814589 | lr 3.0850e-04 | norm: 0.4931 | dt: 1674.95ms | img/sec: 2445.44
step 101302 | loss: 2.872165 | lr 3.0836e-04 | norm: 0.5383 | dt: 1656.41ms | img/sec: 2472.82
step 101303 | loss: 2.804533 | lr 3.0823e-04 | norm: 0.5158 | dt: 1686.30ms | img/sec: 2428.98
step 101304 | loss: 2.887655 | lr 3.0809e-04 | norm: 0.4939 | dt: 1719.75ms | img/sec: 2381.74
step 101305 | loss: 2.848181 | lr 3.0796e-04 | norm: 0.4989 | dt: 1699.26ms | img/sec: 2410.46
step 101306 | loss: 2.881346 | lr 3.0782e-04 | norm: 0.5248 | dt: 1671.38ms | img/sec: 2450.66
step 101307 | loss: 2.881634 | lr 3.0769e-04 | norm: 0.5157 | dt: 1658.59ms | img/sec: 2469.56
step 101308 | loss: 2.810937 | lr 3.0755e-04 | norm: 0.5034 | dt: 1650.39ms | img/sec: 2481.83
step 101309 | loss: 2.835063 | lr 3.0742e-04 | norm: 0.5081 | dt: 1746.08ms | img/sec: 2345.82
step 101310 | loss: 2.819743 | lr 3.0728e-04 | norm: 0.5120 | dt: 1688.55ms | img/sec: 2425.75
step 101311 | loss: 2.787410 | lr 3.0715e-04 | norm: 0.4983 | dt: 1701.08ms | img/sec: 2407.88
step 101312 | loss: 2.865998 | lr 3.0701e-04 | norm: 0.4858 | dt: 1705.70ms | img/sec: 2401.35
step 101313 | loss: 2.884662 | lr 3.0688e-04 | norm: 0.5098 | dt: 1762.21ms | img/sec: 2324.36
step 101314 | loss: 2.839122 | lr 3.0674e-04 | norm: 0.5077 | dt: 1654.93ms | img/sec: 2475.03
step 101315 | loss: 2.808327 | lr 3.0661e-04 | norm: 0.4958 | dt: 1656.18ms | img/sec: 2473.16
step 101316 | loss: 2.809417 | lr 3.0647e-04 | norm: 0.4883 | dt: 1661.15ms | img/sec: 2465.77
step 101317 | loss: 2.843323 | lr 3.0634e-04 | norm: 0.5027 | dt: 1652.80ms | img/sec: 2478.21
step 101318 | loss: 2.862667 | lr 3.0620e-04 | norm: 0.5230 | dt: 1677.90ms | img/sec: 2441.14
step 101319 | loss: 2.838801 | lr 3.0607e-04 | norm: 0.5349 | dt: 1659.13ms | img/sec: 2468.77
step 101320 | loss: 2.897599 | lr 3.0593e-04 | norm: 0.5101 | dt: 1708.48ms | img/sec: 2397.45
step 101321 | loss: 2.887417 | lr 3.0580e-04 | norm: 0.4939 | dt: 1722.81ms | img/sec: 2377.51
step 101322 | loss: 2.816567 | lr 3.0566e-04 | norm: 0.5251 | dt: 1661.25ms | img/sec: 2465.61
step 101323 | loss: 2.791326 | lr 3.0553e-04 | norm: 0.5109 | dt: 1731.00ms | img/sec: 2366.26
step 101324 | loss: 2.890229 | lr 3.0539e-04 | norm: 0.5003 | dt: 1654.00ms | img/sec: 2476.42
step 101325 | loss: 2.855300 | lr 3.0526e-04 | norm: 0.5282 | dt: 1702.04ms | img/sec: 2406.53
step 101326 | loss: 2.845257 | lr 3.0512e-04 | norm: 0.5091 | dt: 1695.45ms | img/sec: 2415.88
step 101327 | loss: 2.872780 | lr 3.0499e-04 | norm: 0.5099 | dt: 1657.78ms | img/sec: 2470.78
step 101328 | loss: 2.843733 | lr 3.0485e-04 | norm: 0.4916 | dt: 1658.10ms | img/sec: 2470.29
step 101329 | loss: 2.848946 | lr 3.0472e-04 | norm: 0.4911 | dt: 1720.20ms | img/sec: 2381.12
step 101330 | loss: 2.835443 | lr 3.0458e-04 | norm: 0.4864 | dt: 1667.48ms | img/sec: 2456.40
step 101331 | loss: 2.851953 | lr 3.0445e-04 | norm: 0.5131 | dt: 1722.82ms | img/sec: 2377.50
step 101332 | loss: 2.905634 | lr 3.0431e-04 | norm: 0.5138 | dt: 1657.58ms | img/sec: 2471.07
step 101333 | loss: 2.843704 | lr 3.0417e-04 | norm: 0.5084 | dt: 1658.99ms | img/sec: 2468.98
step 101334 | loss: 2.836301 | lr 3.0404e-04 | norm: 0.5126 | dt: 1660.67ms | img/sec: 2466.47
step 101335 | loss: 2.841097 | lr 3.0390e-04 | norm: 0.5041 | dt: 1689.26ms | img/sec: 2424.73
step 101336 | loss: 2.841753 | lr 3.0377e-04 | norm: 0.5263 | dt: 1701.36ms | img/sec: 2407.48
step 101337 | loss: 2.892659 | lr 3.0363e-04 | norm: 0.5235 | dt: 1657.81ms | img/sec: 2470.72
step 101338 | loss: 2.887956 | lr 3.0350e-04 | norm: 0.5199 | dt: 1726.39ms | img/sec: 2372.59
step 101339 | loss: 2.846914 | lr 3.0336e-04 | norm: 0.5316 | dt: 1651.07ms | img/sec: 2480.81
step 101340 | loss: 2.817603 | lr 3.0323e-04 | norm: 0.5384 | dt: 1718.40ms | img/sec: 2383.61
step 101341 | loss: 2.760190 | lr 3.0309e-04 | norm: 0.5008 | dt: 1649.06ms | img/sec: 2483.83
step 101342 | loss: 2.729408 | lr 3.0296e-04 | norm: 0.5146 | dt: 1650.46ms | img/sec: 2481.73
step 101343 | loss: 2.851692 | lr 3.0282e-04 | norm: 0.5156 | dt: 1716.19ms | img/sec: 2386.68
step 101344 | loss: 2.809448 | lr 3.0268e-04 | norm: 0.4920 | dt: 1657.49ms | img/sec: 2471.21
step 101345 | loss: 2.831592 | lr 3.0255e-04 | norm: 0.4972 | dt: 1692.58ms | img/sec: 2419.98
step 101346 | loss: 2.862924 | lr 3.0241e-04 | norm: 0.5198 | dt: 1661.57ms | img/sec: 2465.14
step 101347 | loss: 2.920260 | lr 3.0228e-04 | norm: 0.5128 | dt: 1675.06ms | img/sec: 2445.28
step 101348 | loss: 2.752401 | lr 3.0214e-04 | norm: 0.5079 | dt: 1680.39ms | img/sec: 2437.53
step 101349 | loss: 2.889277 | lr 3.0201e-04 | norm: 0.5145 | dt: 1693.82ms | img/sec: 2418.21
step 101350 | loss: 2.848796 | lr 3.0187e-04 | norm: 0.5227 | dt: 1669.06ms | img/sec: 2454.07
step 101351 | loss: 2.873823 | lr 3.0174e-04 | norm: 0.4983 | dt: 1661.90ms | img/sec: 2464.65
step 101352 | loss: 2.868985 | lr 3.0160e-04 | norm: 0.5083 | dt: 1652.52ms | img/sec: 2478.64
step 101353 | loss: 2.831270 | lr 3.0146e-04 | norm: 0.5173 | dt: 1659.05ms | img/sec: 2468.88
step 101354 | loss: 2.872025 | lr 3.0133e-04 | norm: 0.4856 | dt: 1651.93ms | img/sec: 2479.53
step 101355 | loss: 2.835585 | lr 3.0119e-04 | norm: 0.4878 | dt: 1657.47ms | img/sec: 2471.24
step 101356 | loss: 2.857194 | lr 3.0106e-04 | norm: 0.4786 | dt: 1671.59ms | img/sec: 2450.36
step 101357 | loss: 2.865466 | lr 3.0092e-04 | norm: 0.4913 | dt: 1658.45ms | img/sec: 2469.77
step 101358 | loss: 2.791105 | lr 3.0078e-04 | norm: 0.5038 | dt: 1698.89ms | img/sec: 2410.99
step 101359 | loss: 2.867594 | lr 3.0065e-04 | norm: 0.4764 | dt: 1647.48ms | img/sec: 2486.22
step 101360 | loss: 2.767632 | lr 3.0051e-04 | norm: 0.4750 | dt: 1656.47ms | img/sec: 2472.73
step 101361 | loss: 2.895011 | lr 3.0038e-04 | norm: 0.4952 | dt: 1708.31ms | img/sec: 2397.69
step 101362 | loss: 2.806218 | lr 3.0024e-04 | norm: 0.4969 | dt: 1652.43ms | img/sec: 2478.78
step 101363 | loss: 2.916341 | lr 3.0011e-04 | norm: 0.5055 | dt: 1724.25ms | img/sec: 2375.53
step 101364 | loss: 2.829513 | lr 2.9997e-04 | norm: 0.5087 | dt: 1710.92ms | img/sec: 2394.03
step 101365 | loss: 2.798651 | lr 2.9983e-04 | norm: 0.4978 | dt: 1656.03ms | img/sec: 2473.38
step 101366 | loss: 2.837785 | lr 2.9970e-04 | norm: 0.4914 | dt: 1655.70ms | img/sec: 2473.88
step 101367 | loss: 2.877072 | lr 2.9956e-04 | norm: 0.4698 | dt: 1664.35ms | img/sec: 2461.02
step 101368 | loss: 2.830072 | lr 2.9943e-04 | norm: 0.4986 | dt: 1698.53ms | img/sec: 2411.50
step 101369 | loss: 2.870121 | lr 2.9929e-04 | norm: 0.4868 | dt: 1701.77ms | img/sec: 2406.91
step 101370 | loss: 2.827847 | lr 2.9915e-04 | norm: 0.5156 | dt: 1732.72ms | img/sec: 2363.92
step 101371 | loss: 2.886629 | lr 2.9902e-04 | norm: 0.5138 | dt: 1675.67ms | img/sec: 2444.40
step 101372 | loss: 2.769508 | lr 2.9888e-04 | norm: 0.4855 | dt: 1665.62ms | img/sec: 2459.15
step 101373 | loss: 2.797356 | lr 2.9875e-04 | norm: 0.4996 | dt: 1716.48ms | img/sec: 2386.28
step 101374 | loss: 2.816447 | lr 2.9861e-04 | norm: 0.5104 | dt: 1660.17ms | img/sec: 2467.21
step 101375 | loss: 2.806410 | lr 2.9847e-04 | norm: 0.4899 | dt: 1651.17ms | img/sec: 2480.66
step 101376 | loss: 2.815979 | lr 2.9834e-04 | norm: 0.5172 | dt: 1695.76ms | img/sec: 2415.44
step 101377 | loss: 2.824306 | lr 2.9820e-04 | norm: 0.4968 | dt: 1657.90ms | img/sec: 2470.60
step 101378 | loss: 2.756635 | lr 2.9807e-04 | norm: 0.4869 | dt: 1708.73ms | img/sec: 2397.10
step 101379 | loss: 2.815974 | lr 2.9793e-04 | norm: 0.4924 | dt: 1711.19ms | img/sec: 2393.65
step 101380 | loss: 2.838779 | lr 2.9779e-04 | norm: 0.4863 | dt: 1726.79ms | img/sec: 2372.03
step 101381 | loss: 2.835613 | lr 2.9766e-04 | norm: 0.5123 | dt: 1683.84ms | img/sec: 2432.53
step 101382 | loss: 2.830599 | lr 2.9752e-04 | norm: 0.4829 | dt: 1653.73ms | img/sec: 2476.83
step 101383 | loss: 2.850472 | lr 2.9739e-04 | norm: 0.4766 | dt: 1662.18ms | img/sec: 2464.24
step 101384 | loss: 2.834148 | lr 2.9725e-04 | norm: 0.4857 | dt: 1666.14ms | img/sec: 2458.38
step 101385 | loss: 2.829033 | lr 2.9711e-04 | norm: 0.4778 | dt: 1658.39ms | img/sec: 2469.87
step 101386 | loss: 2.840384 | lr 2.9698e-04 | norm: 0.4953 | dt: 1673.27ms | img/sec: 2447.91
step 101387 | loss: 2.795319 | lr 2.9684e-04 | norm: 0.4864 | dt: 1651.21ms | img/sec: 2480.60
step 101388 | loss: 2.805648 | lr 2.9670e-04 | norm: 0.4828 | dt: 1698.09ms | img/sec: 2412.13
step 101389 | loss: 2.815019 | lr 2.9657e-04 | norm: 0.4978 | dt: 1660.70ms | img/sec: 2466.43
step 101390 | loss: 2.837935 | lr 2.9643e-04 | norm: 0.4871 | dt: 1660.63ms | img/sec: 2466.53
step 101391 | loss: 2.823740 | lr 2.9630e-04 | norm: 0.4935 | dt: 1659.51ms | img/sec: 2468.21
step 101392 | loss: 2.721839 | lr 2.9616e-04 | norm: 0.5107 | dt: 1658.71ms | img/sec: 2469.39
step 101393 | loss: 2.848166 | lr 2.9602e-04 | norm: 0.5243 | dt: 1660.21ms | img/sec: 2467.16
step 101394 | loss: 2.812203 | lr 2.9589e-04 | norm: 0.4743 | dt: 1657.47ms | img/sec: 2471.24
step 101395 | loss: 2.782755 | lr 2.9575e-04 | norm: 0.4841 | dt: 1656.96ms | img/sec: 2472.00
step 101396 | loss: 2.874005 | lr 2.9561e-04 | norm: 0.4951 | dt: 1646.06ms | img/sec: 2488.36
step 101397 | loss: 2.900281 | lr 2.9548e-04 | norm: 0.4896 | dt: 4601.24ms | img/sec: 890.19
step 101398 | loss: 2.812896 | lr 2.9534e-04 | norm: 0.5016 | dt: 1700.93ms | img/sec: 2408.09
step 101399 | loss: 2.886232 | lr 2.9521e-04 | norm: 0.4971 | dt: 1655.86ms | img/sec: 2473.64
step 101400 | loss: 2.892943 | lr 2.9507e-04 | norm: 0.4959 | dt: 1650.13ms | img/sec: 2482.22
step 101401 | loss: 2.832739 | lr 2.9493e-04 | norm: 0.5047 | dt: 1651.99ms | img/sec: 2479.43
step 101402 | loss: 2.837432 | lr 2.9480e-04 | norm: 0.5009 | dt: 1653.83ms | img/sec: 2476.68
step 101403 | loss: 2.829912 | lr 2.9466e-04 | norm: 0.5226 | dt: 1654.58ms | img/sec: 2475.55
step 101404 | loss: 2.920965 | lr 2.9452e-04 | norm: 0.5135 | dt: 1656.32ms | img/sec: 2472.95
step 101405 | loss: 2.784670 | lr 2.9439e-04 | norm: 0.4834 | dt: 1673.11ms | img/sec: 2448.14
step 101406 | loss: 2.877590 | lr 2.9425e-04 | norm: 0.4988 | dt: 1661.09ms | img/sec: 2465.85
step 101407 | loss: 2.792030 | lr 2.9411e-04 | norm: 0.4967 | dt: 1652.74ms | img/sec: 2478.31
step 101408 | loss: 2.895940 | lr 2.9398e-04 | norm: 0.4830 | dt: 1707.56ms | img/sec: 2398.75
step 101409 | loss: 2.855222 | lr 2.9384e-04 | norm: 0.5501 | dt: 1649.10ms | img/sec: 2483.78
step 101410 | loss: 2.719873 | lr 2.9370e-04 | norm: 0.4778 | dt: 1657.89ms | img/sec: 2470.61
step 101411 | loss: 2.935555 | lr 2.9357e-04 | norm: 0.5203 | dt: 1731.78ms | img/sec: 2365.20
step 101412 | loss: 2.781059 | lr 2.9343e-04 | norm: 0.4914 | dt: 1698.28ms | img/sec: 2411.85
step 101413 | loss: 2.751950 | lr 2.9329e-04 | norm: 0.5359 | dt: 1722.51ms | img/sec: 2377.92
step 101414 | loss: 2.803405 | lr 2.9316e-04 | norm: 0.5399 | dt: 1654.39ms | img/sec: 2475.83
step 101415 | loss: 2.777058 | lr 2.9302e-04 | norm: 0.5140 | dt: 1664.13ms | img/sec: 2461.34
step 101416 | loss: 2.850746 | lr 2.9288e-04 | norm: 0.5087 | dt: 1717.23ms | img/sec: 2385.24
step 101417 | loss: 2.804314 | lr 2.9275e-04 | norm: 0.5290 | dt: 1653.79ms | img/sec: 2476.74
step 101418 | loss: 2.800954 | lr 2.9261e-04 | norm: 0.4933 | dt: 1654.90ms | img/sec: 2475.07
step 101419 | loss: 2.805589 | lr 2.9248e-04 | norm: 0.4891 | dt: 1656.74ms | img/sec: 2472.32
step 101420 | loss: 2.830405 | lr 2.9234e-04 | norm: 0.5018 | dt: 1700.40ms | img/sec: 2408.85
step 101421 | loss: 2.827530 | lr 2.9220e-04 | norm: 0.4871 | dt: 1691.83ms | img/sec: 2421.05
step 101422 | loss: 2.813664 | lr 2.9207e-04 | norm: 0.5022 | dt: 1658.63ms | img/sec: 2469.51
step 101423 | loss: 2.857437 | lr 2.9193e-04 | norm: 0.5180 | dt: 1656.39ms | img/sec: 2472.85
step 101424 | loss: 2.826070 | lr 2.9179e-04 | norm: 0.5029 | dt: 1703.54ms | img/sec: 2404.41
step 101425 | loss: 2.846743 | lr 2.9166e-04 | norm: 0.4967 | dt: 1715.73ms | img/sec: 2387.33
step 101426 | loss: 2.781610 | lr 2.9152e-04 | norm: 0.5124 | dt: 1658.74ms | img/sec: 2469.35
step 101427 | loss: 2.817493 | lr 2.9138e-04 | norm: 0.5071 | dt: 1723.74ms | img/sec: 2376.23
step 101428 | loss: 2.800985 | lr 2.9124e-04 | norm: 0.4738 | dt: 1653.95ms | img/sec: 2476.50
step 101429 | loss: 2.743135 | lr 2.9111e-04 | norm: 0.4622 | dt: 1654.53ms | img/sec: 2475.62
step 101430 | loss: 2.791059 | lr 2.9097e-04 | norm: 0.5039 | dt: 1651.54ms | img/sec: 2480.11
step 101431 | loss: 2.817975 | lr 2.9083e-04 | norm: 0.4797 | dt: 1652.89ms | img/sec: 2478.08
step 101432 | loss: 2.819062 | lr 2.9070e-04 | norm: 0.4860 | dt: 1682.30ms | img/sec: 2434.77
step 101433 | loss: 2.877133 | lr 2.9056e-04 | norm: 0.4969 | dt: 1687.94ms | img/sec: 2426.62
step 101434 | loss: 2.812768 | lr 2.9042e-04 | norm: 0.4810 | dt: 1658.51ms | img/sec: 2469.69
step 101435 | loss: 2.854948 | lr 2.9029e-04 | norm: 0.5256 | dt: 1665.55ms | img/sec: 2459.25
step 101436 | loss: 2.799318 | lr 2.9015e-04 | norm: 0.4899 | dt: 1741.84ms | img/sec: 2351.53
step 101437 | loss: 2.856052 | lr 2.9001e-04 | norm: 0.4986 | dt: 1657.51ms | img/sec: 2471.18
step 101438 | loss: 2.768593 | lr 2.8988e-04 | norm: 0.5107 | dt: 1695.69ms | img/sec: 2415.53
step 101439 | loss: 2.843949 | lr 2.8974e-04 | norm: 0.4853 | dt: 1666.34ms | img/sec: 2458.08
step 101440 | loss: 2.861429 | lr 2.8960e-04 | norm: 0.4938 | dt: 1748.18ms | img/sec: 2343.01
step 101441 | loss: 2.832757 | lr 2.8947e-04 | norm: 0.4996 | dt: 1657.18ms | img/sec: 2471.67
step 101442 | loss: 2.825884 | lr 2.8933e-04 | norm: 0.4864 | dt: 1714.95ms | img/sec: 2388.41
step 101443 | loss: 2.790268 | lr 2.8919e-04 | norm: 0.4885 | dt: 1659.36ms | img/sec: 2468.42
step 101444 | loss: 2.872502 | lr 2.8906e-04 | norm: 0.5142 | dt: 1734.18ms | img/sec: 2361.92
step 101445 | loss: 2.788833 | lr 2.8892e-04 | norm: 0.4978 | dt: 1654.88ms | img/sec: 2475.11
step 101446 | loss: 2.842581 | lr 2.8878e-04 | norm: 0.5205 | dt: 1709.43ms | img/sec: 2396.12
step 101447 | loss: 2.829704 | lr 2.8864e-04 | norm: 0.5063 | dt: 1659.44ms | img/sec: 2468.30
step 101448 | loss: 2.786749 | lr 2.8851e-04 | norm: 0.5147 | dt: 1656.64ms | img/sec: 2472.48
step 101449 | loss: 2.751982 | lr 2.8837e-04 | norm: 0.5017 | dt: 1665.35ms | img/sec: 2459.54
step 101450 | loss: 2.745442 | lr 2.8823e-04 | norm: 0.4843 | dt: 1755.13ms | img/sec: 2333.73
step 101451 | loss: 2.826697 | lr 2.8810e-04 | norm: 0.5052 | dt: 1658.11ms | img/sec: 2470.28
step 101452 | loss: 2.825376 | lr 2.8796e-04 | norm: 0.5273 | dt: 1756.02ms | img/sec: 2332.55
step 101453 | loss: 2.747453 | lr 2.8782e-04 | norm: 0.4914 | dt: 1716.05ms | img/sec: 2386.88
step 101454 | loss: 2.850681 | lr 2.8769e-04 | norm: 0.4967 | dt: 1723.49ms | img/sec: 2376.58
step 101455 | loss: 2.805065 | lr 2.8755e-04 | norm: 0.5012 | dt: 1661.31ms | img/sec: 2465.52
step 101456 | loss: 2.769752 | lr 2.8741e-04 | norm: 0.5064 | dt: 1745.42ms | img/sec: 2346.72
step 101457 | loss: 2.834895 | lr 2.8727e-04 | norm: 0.5014 | dt: 1657.81ms | img/sec: 2470.74
step 101458 | loss: 2.891695 | lr 2.8714e-04 | norm: 0.5048 | dt: 1679.01ms | img/sec: 2439.53
step 101459 | loss: 2.820731 | lr 2.8700e-04 | norm: 0.4946 | dt: 1669.57ms | img/sec: 2453.32
step 101460 | loss: 2.829146 | lr 2.8686e-04 | norm: 0.4988 | dt: 1759.78ms | img/sec: 2327.57
step 101461 | loss: 2.799709 | lr 2.8673e-04 | norm: 0.5155 | dt: 1677.15ms | img/sec: 2442.24
step 101462 | loss: 2.798156 | lr 2.8659e-04 | norm: 0.4892 | dt: 1696.66ms | img/sec: 2414.15
step 101463 | loss: 2.865783 | lr 2.8645e-04 | norm: 0.5048 | dt: 1726.25ms | img/sec: 2372.78
step 101464 | loss: 2.789220 | lr 2.8631e-04 | norm: 0.4826 | dt: 1699.64ms | img/sec: 2409.93
step 101465 | loss: 2.846984 | lr 2.8618e-04 | norm: 0.5003 | dt: 1652.92ms | img/sec: 2478.04
step 101466 | loss: 2.858033 | lr 2.8604e-04 | norm: 0.5088 | dt: 1661.05ms | img/sec: 2465.91
step 101467 | loss: 2.856382 | lr 2.8590e-04 | norm: 0.4869 | dt: 1711.93ms | img/sec: 2392.62
step 101468 | loss: 2.793034 | lr 2.8577e-04 | norm: 0.4824 | dt: 1662.87ms | img/sec: 2463.22
step 101469 | loss: 2.789250 | lr 2.8563e-04 | norm: 0.4996 | dt: 1663.99ms | img/sec: 2461.56
step 101470 | loss: 2.815386 | lr 2.8549e-04 | norm: 0.5179 | dt: 1699.65ms | img/sec: 2409.91
step 101471 | loss: 2.820087 | lr 2.8535e-04 | norm: 0.5169 | dt: 1687.45ms | img/sec: 2427.34
step 101472 | loss: 2.776249 | lr 2.8522e-04 | norm: 0.5004 | dt: 1693.23ms | img/sec: 2419.04
step 101473 | loss: 2.780881 | lr 2.8508e-04 | norm: 0.4850 | dt: 1663.98ms | img/sec: 2461.56
step 101474 | loss: 2.798402 | lr 2.8494e-04 | norm: 0.5116 | dt: 1679.16ms | img/sec: 2439.32
step 101475 | loss: 2.787749 | lr 2.8481e-04 | norm: 0.4923 | dt: 1681.47ms | img/sec: 2435.96
step 101476 | loss: 2.808852 | lr 2.8467e-04 | norm: 0.5085 | dt: 1706.91ms | img/sec: 2399.65
step 101477 | loss: 2.825935 | lr 2.8453e-04 | norm: 0.5136 | dt: 1706.61ms | img/sec: 2400.07
step 101478 | loss: 2.777029 | lr 2.8439e-04 | norm: 0.4869 | dt: 1650.77ms | img/sec: 2481.27
step 101479 | loss: 2.750271 | lr 2.8426e-04 | norm: 0.4888 | dt: 1746.30ms | img/sec: 2345.53
step 101480 | loss: 2.805352 | lr 2.8412e-04 | norm: 0.4988 | dt: 1702.66ms | img/sec: 2405.65
step 101481 | loss: 2.858415 | lr 2.8398e-04 | norm: 0.5036 | dt: 1659.44ms | img/sec: 2468.30
step 101482 | loss: 2.773759 | lr 2.8384e-04 | norm: 0.4948 | dt: 1661.98ms | img/sec: 2464.53
step 101483 | loss: 2.803403 | lr 2.8371e-04 | norm: 0.4960 | dt: 1659.21ms | img/sec: 2468.65
step 101484 | loss: 2.788975 | lr 2.8357e-04 | norm: 0.5103 | dt: 1656.27ms | img/sec: 2473.03
step 101485 | loss: 2.805585 | lr 2.8343e-04 | norm: 0.5023 | dt: 1655.34ms | img/sec: 2474.42
step 101486 | loss: 2.816836 | lr 2.8329e-04 | norm: 0.5011 | dt: 1666.74ms | img/sec: 2457.49
step 101487 | loss: 2.782870 | lr 2.8316e-04 | norm: 0.5007 | dt: 1650.57ms | img/sec: 2481.57
step 101488 | loss: 2.718232 | lr 2.8302e-04 | norm: 0.4736 | dt: 1659.77ms | img/sec: 2467.82
step 101489 | loss: 2.838608 | lr 2.8288e-04 | norm: 0.4886 | dt: 1694.73ms | img/sec: 2416.90
step 101490 | loss: 2.840643 | lr 2.8275e-04 | norm: 0.5229 | dt: 1672.29ms | img/sec: 2449.34
step 101491 | loss: 2.765753 | lr 2.8261e-04 | norm: 0.4949 | dt: 1649.82ms | img/sec: 2482.69
step 101492 | loss: 2.764489 | lr 2.8247e-04 | norm: 0.5104 | dt: 1770.51ms | img/sec: 2313.45
step 101493 | loss: 2.824617 | lr 2.8233e-04 | norm: 0.4929 | dt: 1705.86ms | img/sec: 2401.14
step 101494 | loss: 2.819688 | lr 2.8220e-04 | norm: 0.4931 | dt: 1767.47ms | img/sec: 2317.43
step 101495 | loss: 2.829910 | lr 2.8206e-04 | norm: 0.5043 | dt: 1683.59ms | img/sec: 2432.90
step 101496 | loss: 2.816481 | lr 2.8192e-04 | norm: 0.5005 | dt: 1662.75ms | img/sec: 2463.40
step 101497 | loss: 2.720560 | lr 2.8178e-04 | norm: 0.4850 | dt: 1688.34ms | img/sec: 2426.05
step 101498 | loss: 2.779824 | lr 2.8165e-04 | norm: 0.4932 | dt: 1689.56ms | img/sec: 2424.30
step 101499 | loss: 2.739614 | lr 2.8151e-04 | norm: 0.4856 | dt: 1716.92ms | img/sec: 2385.67
step 101500 | val_loss 1.6259 | val_acc 62.81%
step 101500 | loss: 2.856871 | lr 2.8137e-04 | norm: 0.5100 | dt: 4127.25ms | img/sec: 992.43
step 101501 | loss: 2.824756 | lr 2.8123e-04 | norm: 0.5047 | dt: 1687.30ms | img/sec: 2427.54
step 101502 | loss: 2.816817 | lr 2.8110e-04 | norm: 0.4957 | dt: 1654.77ms | img/sec: 2475.27
step 101503 | loss: 2.738461 | lr 2.8096e-04 | norm: 0.5093 | dt: 1682.62ms | img/sec: 2434.30
step 101504 | loss: 2.863470 | lr 2.8082e-04 | norm: 0.5092 | dt: 1735.76ms | img/sec: 2359.77
step 101505 | loss: 2.830810 | lr 2.8068e-04 | norm: 0.5154 | dt: 1660.13ms | img/sec: 2467.27
step 101506 | loss: 2.786605 | lr 2.8055e-04 | norm: 0.4818 | dt: 1724.15ms | img/sec: 2375.66
step 101507 | loss: 2.798643 | lr 2.8041e-04 | norm: 0.5061 | dt: 1737.07ms | img/sec: 2357.99
step 101508 | loss: 2.792788 | lr 2.8027e-04 | norm: 0.4860 | dt: 1655.16ms | img/sec: 2474.69
step 101509 | loss: 2.779626 | lr 2.8013e-04 | norm: 0.4936 | dt: 1690.86ms | img/sec: 2422.44
step 101510 | loss: 2.760564 | lr 2.7999e-04 | norm: 0.4936 | dt: 1704.58ms | img/sec: 2402.94
step 101511 | loss: 2.774213 | lr 2.7986e-04 | norm: 0.5220 | dt: 1668.25ms | img/sec: 2455.26
step 101512 | loss: 2.835402 | lr 2.7972e-04 | norm: 0.5206 | dt: 1756.85ms | img/sec: 2331.45
step 101513 | loss: 2.942356 | lr 2.7958e-04 | norm: 0.5057 | dt: 1680.19ms | img/sec: 2437.82
step 101514 | loss: 2.801014 | lr 2.7944e-04 | norm: 0.4984 | dt: 1695.57ms | img/sec: 2415.70
step 101515 | loss: 2.833252 | lr 2.7931e-04 | norm: 0.5312 | dt: 1776.23ms | img/sec: 2306.01
step 101516 | loss: 2.794904 | lr 2.7917e-04 | norm: 0.5543 | dt: 1682.25ms | img/sec: 2434.83
step 101517 | loss: 2.835198 | lr 2.7903e-04 | norm: 0.5108 | dt: 1704.31ms | img/sec: 2403.32
step 101518 | loss: 2.783479 | lr 2.7889e-04 | norm: 0.5085 | dt: 1661.55ms | img/sec: 2465.18
step 101519 | loss: 2.779829 | lr 2.7876e-04 | norm: 0.5127 | dt: 1656.62ms | img/sec: 2472.50
step 101520 | loss: 2.775729 | lr 2.7862e-04 | norm: 0.5123 | dt: 1721.32ms | img/sec: 2379.57
step 101521 | loss: 2.826746 | lr 2.7848e-04 | norm: 0.5120 | dt: 1659.03ms | img/sec: 2468.91
step 101522 | loss: 2.795459 | lr 2.7834e-04 | norm: 0.5170 | dt: 1711.04ms | img/sec: 2393.87
step 101523 | loss: 2.841427 | lr 2.7821e-04 | norm: 0.5142 | dt: 1664.93ms | img/sec: 2460.16
step 101524 | loss: 2.793318 | lr 2.7807e-04 | norm: 0.4879 | dt: 1694.23ms | img/sec: 2417.61
step 101525 | loss: 2.826813 | lr 2.7793e-04 | norm: 0.4971 | dt: 1652.09ms | img/sec: 2479.29
step 101526 | loss: 2.831383 | lr 2.7779e-04 | norm: 0.5008 | dt: 1768.39ms | img/sec: 2316.23
step 101527 | loss: 2.838496 | lr 2.7765e-04 | norm: 0.4989 | dt: 1689.41ms | img/sec: 2424.52
step 101528 | loss: 2.814813 | lr 2.7752e-04 | norm: 0.4999 | dt: 1657.83ms | img/sec: 2470.69
step 101529 | loss: 2.790038 | lr 2.7738e-04 | norm: 0.5000 | dt: 1711.28ms | img/sec: 2393.52
step 101530 | loss: 2.803363 | lr 2.7724e-04 | norm: 0.5250 | dt: 1661.35ms | img/sec: 2465.47
step 101531 | loss: 2.811875 | lr 2.7710e-04 | norm: 0.5042 | dt: 1752.29ms | img/sec: 2337.51
step 101532 | loss: 2.772486 | lr 2.7697e-04 | norm: 0.5166 | dt: 1656.43ms | img/sec: 2472.78
step 101533 | loss: 2.805480 | lr 2.7683e-04 | norm: 0.5177 | dt: 1662.31ms | img/sec: 2464.05
step 101534 | loss: 2.799362 | lr 2.7669e-04 | norm: 0.4960 | dt: 1698.67ms | img/sec: 2411.30
step 101535 | loss: 2.850220 | lr 2.7655e-04 | norm: 0.4940 | dt: 1700.78ms | img/sec: 2408.31
step 101536 | loss: 2.764516 | lr 2.7641e-04 | norm: 0.4989 | dt: 1758.22ms | img/sec: 2329.62
step 101537 | loss: 2.822734 | lr 2.7628e-04 | norm: 0.5154 | dt: 1662.45ms | img/sec: 2463.84
step 101538 | loss: 2.800160 | lr 2.7614e-04 | norm: 0.4920 | dt: 1694.67ms | img/sec: 2416.99
step 101539 | loss: 2.795401 | lr 2.7600e-04 | norm: 0.4938 | dt: 1657.59ms | img/sec: 2471.06
step 101540 | loss: 2.821197 | lr 2.7586e-04 | norm: 0.4990 | dt: 1654.30ms | img/sec: 2475.97
step 101541 | loss: 2.818670 | lr 2.7573e-04 | norm: 0.5028 | dt: 1747.92ms | img/sec: 2343.35
step 101542 | loss: 2.819061 | lr 2.7559e-04 | norm: 0.5032 | dt: 1661.08ms | img/sec: 2465.86
step 101543 | loss: 2.778115 | lr 2.7545e-04 | norm: 0.4945 | dt: 1713.66ms | img/sec: 2390.21
step 101544 | loss: 2.808889 | lr 2.7531e-04 | norm: 0.4750 | dt: 1684.72ms | img/sec: 2431.26
step 101545 | loss: 2.795366 | lr 2.7517e-04 | norm: 0.4954 | dt: 1747.27ms | img/sec: 2344.23
step 101546 | loss: 2.794169 | lr 2.7504e-04 | norm: 0.4868 | dt: 1697.06ms | img/sec: 2413.58
step 101547 | loss: 2.789361 | lr 2.7490e-04 | norm: 0.5204 | dt: 1716.74ms | img/sec: 2385.91
step 101548 | loss: 2.813984 | lr 2.7476e-04 | norm: 0.5060 | dt: 1697.94ms | img/sec: 2412.34
step 101549 | loss: 2.762283 | lr 2.7462e-04 | norm: 0.4787 | dt: 1667.69ms | img/sec: 2456.09
step 101550 | loss: 2.866122 | lr 2.7448e-04 | norm: 0.5156 | dt: 1683.30ms | img/sec: 2433.31
step 101551 | loss: 2.831080 | lr 2.7435e-04 | norm: 0.4940 | dt: 1675.14ms | img/sec: 2445.17
step 101552 | loss: 2.790064 | lr 2.7421e-04 | norm: 0.5240 | dt: 1699.06ms | img/sec: 2410.75
step 101553 | loss: 2.814160 | lr 2.7407e-04 | norm: 0.5100 | dt: 1694.89ms | img/sec: 2416.68
step 101554 | loss: 2.821357 | lr 2.7393e-04 | norm: 0.5162 | dt: 1710.18ms | img/sec: 2395.06
step 101555 | loss: 2.792473 | lr 2.7380e-04 | norm: 0.5190 | dt: 1710.23ms | img/sec: 2394.99
step 101556 | loss: 2.777908 | lr 2.7366e-04 | norm: 0.5137 | dt: 1656.79ms | img/sec: 2472.26
step 101557 | loss: 2.815615 | lr 2.7352e-04 | norm: 0.4838 | dt: 1717.27ms | img/sec: 2385.18
step 101558 | loss: 2.796874 | lr 2.7338e-04 | norm: 0.4981 | dt: 1708.46ms | img/sec: 2397.48
step 101559 | loss: 2.790221 | lr 2.7324e-04 | norm: 0.5200 | dt: 1685.53ms | img/sec: 2430.10
step 101560 | loss: 2.831686 | lr 2.7311e-04 | norm: 0.5004 | dt: 1713.47ms | img/sec: 2390.48
step 101561 | loss: 2.813961 | lr 2.7297e-04 | norm: 0.4957 | dt: 1655.64ms | img/sec: 2473.96
step 101562 | loss: 2.795707 | lr 2.7283e-04 | norm: 0.4920 | dt: 1698.96ms | img/sec: 2410.88
step 101563 | loss: 2.759009 | lr 2.7269e-04 | norm: 0.4893 | dt: 1713.62ms | img/sec: 2390.27
step 101564 | loss: 2.793972 | lr 2.7255e-04 | norm: 0.4788 | dt: 1747.28ms | img/sec: 2344.22
step 101565 | loss: 2.855530 | lr 2.7242e-04 | norm: 0.4905 | dt: 1657.60ms | img/sec: 2471.04
step 101566 | loss: 2.807107 | lr 2.7228e-04 | norm: 0.5057 | dt: 1672.95ms | img/sec: 2448.38
step 101567 | loss: 2.772938 | lr 2.7214e-04 | norm: 0.5133 | dt: 1658.22ms | img/sec: 2470.12
step 101568 | loss: 2.763108 | lr 2.7200e-04 | norm: 0.4946 | dt: 1709.79ms | img/sec: 2395.62
step 101569 | loss: 2.803983 | lr 2.7186e-04 | norm: 0.5641 | dt: 1722.23ms | img/sec: 2378.31
step 101570 | loss: 2.801836 | lr 2.7173e-04 | norm: 0.4873 | dt: 1668.75ms | img/sec: 2454.54
step 101571 | loss: 2.853024 | lr 2.7159e-04 | norm: 0.4924 | dt: 1685.88ms | img/sec: 2429.60
step 101572 | loss: 2.803319 | lr 2.7145e-04 | norm: 0.5299 | dt: 1697.61ms | img/sec: 2412.80
step 101573 | loss: 2.776839 | lr 2.7131e-04 | norm: 0.5290 | dt: 1742.89ms | img/sec: 2350.12
step 101574 | loss: 2.768480 | lr 2.7117e-04 | norm: 0.4854 | dt: 1743.22ms | img/sec: 2349.67
step 101575 | loss: 2.735502 | lr 2.7104e-04 | norm: 0.4936 | dt: 1697.95ms | img/sec: 2412.32
step 101576 | loss: 2.848904 | lr 2.7090e-04 | norm: 0.4967 | dt: 1654.87ms | img/sec: 2475.12
step 101577 | loss: 2.825832 | lr 2.7076e-04 | norm: 0.4985 | dt: 1657.62ms | img/sec: 2471.01
step 101578 | loss: 2.786229 | lr 2.7062e-04 | norm: 0.5058 | dt: 1660.76ms | img/sec: 2466.34
step 101579 | loss: 2.795105 | lr 2.7048e-04 | norm: 0.4738 | dt: 1658.13ms | img/sec: 2470.26
step 101580 | loss: 2.780795 | lr 2.7034e-04 | norm: 0.5096 | dt: 1692.85ms | img/sec: 2419.59
step 101581 | loss: 2.810534 | lr 2.7021e-04 | norm: 0.5000 | dt: 1662.57ms | img/sec: 2463.66
step 101582 | loss: 2.773291 | lr 2.7007e-04 | norm: 0.5103 | dt: 1664.91ms | img/sec: 2460.20
step 101583 | loss: 2.809070 | lr 2.6993e-04 | norm: 0.5105 | dt: 1662.24ms | img/sec: 2464.15
step 101584 | loss: 2.781700 | lr 2.6979e-04 | norm: 0.5086 | dt: 1666.40ms | img/sec: 2458.00
step 101585 | loss: 2.768404 | lr 2.6965e-04 | norm: 0.4852 | dt: 1693.57ms | img/sec: 2418.56
step 101586 | loss: 2.881453 | lr 2.6952e-04 | norm: 0.5069 | dt: 1655.15ms | img/sec: 2474.71
step 101587 | loss: 2.819491 | lr 2.6938e-04 | norm: 0.5065 | dt: 1654.82ms | img/sec: 2475.20
step 101588 | loss: 2.809440 | lr 2.6924e-04 | norm: 0.4979 | dt: 1668.83ms | img/sec: 2454.41
step 101589 | loss: 2.824952 | lr 2.6910e-04 | norm: 0.5101 | dt: 1665.47ms | img/sec: 2459.37
step 101590 | loss: 2.814610 | lr 2.6896e-04 | norm: 0.5140 | dt: 1663.40ms | img/sec: 2462.42
step 101591 | loss: 2.781942 | lr 2.6883e-04 | norm: 0.5107 | dt: 1663.01ms | img/sec: 2463.01
step 101592 | loss: 2.803194 | lr 2.6869e-04 | norm: 0.5290 | dt: 1771.55ms | img/sec: 2312.10
step 101593 | loss: 2.730229 | lr 2.6855e-04 | norm: 0.4992 | dt: 1653.87ms | img/sec: 2476.61
step 101594 | loss: 2.781675 | lr 2.6841e-04 | norm: 0.5142 | dt: 1660.14ms | img/sec: 2467.27
step 101595 | loss: 2.800093 | lr 2.6827e-04 | norm: 0.5254 | dt: 1665.50ms | img/sec: 2459.31
step 101596 | loss: 2.778255 | lr 2.6813e-04 | norm: 0.5178 | dt: 1725.94ms | img/sec: 2373.19
step 101597 | loss: 2.851426 | lr 2.6800e-04 | norm: 0.4984 | dt: 1672.46ms | img/sec: 2449.09
step 101598 | loss: 2.806677 | lr 2.6786e-04 | norm: 0.4918 | dt: 1705.04ms | img/sec: 2402.29
step 101599 | loss: 2.753153 | lr 2.6772e-04 | norm: 0.4899 | dt: 1683.32ms | img/sec: 2433.29
step 101600 | loss: 2.828341 | lr 2.6758e-04 | norm: 0.5283 | dt: 1657.98ms | img/sec: 2470.47
step 101601 | loss: 2.837050 | lr 2.6744e-04 | norm: 0.5300 | dt: 1654.73ms | img/sec: 2475.33
step 101602 | loss: 2.824239 | lr 2.6731e-04 | norm: 0.4981 | dt: 1693.16ms | img/sec: 2419.14
step 101603 | loss: 2.728976 | lr 2.6717e-04 | norm: 0.4930 | dt: 1672.08ms | img/sec: 2449.65
step 101604 | loss: 2.885757 | lr 2.6703e-04 | norm: 0.4929 | dt: 1667.92ms | img/sec: 2455.75
step 101605 | loss: 2.810509 | lr 2.6689e-04 | norm: 0.5168 | dt: 1658.82ms | img/sec: 2469.23
step 101606 | loss: 2.794305 | lr 2.6675e-04 | norm: 0.4948 | dt: 1663.32ms | img/sec: 2462.54
step 101607 | loss: 2.778620 | lr 2.6661e-04 | norm: 0.4847 | dt: 1661.12ms | img/sec: 2465.81
step 101608 | loss: 2.814844 | lr 2.6648e-04 | norm: 0.4899 | dt: 1690.79ms | img/sec: 2422.54
step 101609 | loss: 2.746966 | lr 2.6634e-04 | norm: 0.4895 | dt: 1712.43ms | img/sec: 2391.93
step 101610 | loss: 2.835300 | lr 2.6620e-04 | norm: 0.5022 | dt: 1684.83ms | img/sec: 2431.11
step 101611 | loss: 2.856309 | lr 2.6606e-04 | norm: 0.4914 | dt: 1664.32ms | img/sec: 2461.07
step 101612 | loss: 2.813409 | lr 2.6592e-04 | norm: 0.4908 | dt: 1696.43ms | img/sec: 2414.48
step 101613 | loss: 2.796280 | lr 2.6578e-04 | norm: 0.5087 | dt: 1675.38ms | img/sec: 2444.82
step 101614 | loss: 2.796839 | lr 2.6565e-04 | norm: 0.5000 | dt: 1662.20ms | img/sec: 2464.21
step 101615 | loss: 2.753715 | lr 2.6551e-04 | norm: 0.4986 | dt: 1729.66ms | img/sec: 2368.10
step 101616 | loss: 2.791877 | lr 2.6537e-04 | norm: 0.4943 | dt: 1656.89ms | img/sec: 2472.10
step 101617 | loss: 2.813528 | lr 2.6523e-04 | norm: 0.5022 | dt: 1661.18ms | img/sec: 2465.71
step 101618 | loss: 2.840665 | lr 2.6509e-04 | norm: 0.5041 | dt: 1836.81ms | img/sec: 2229.96
step 101619 | loss: 2.709465 | lr 2.6496e-04 | norm: 0.5054 | dt: 1657.67ms | img/sec: 2470.93
step 101620 | loss: 2.822463 | lr 2.6482e-04 | norm: 0.4992 | dt: 1747.82ms | img/sec: 2343.49
step 101621 | loss: 2.838085 | lr 2.6468e-04 | norm: 0.5014 | dt: 1665.19ms | img/sec: 2459.77
step 101622 | loss: 2.805785 | lr 2.6454e-04 | norm: 0.4935 | dt: 1722.74ms | img/sec: 2377.61
step 101623 | loss: 2.829278 | lr 2.6440e-04 | norm: 0.5117 | dt: 1660.27ms | img/sec: 2467.07
step 101624 | loss: 2.779483 | lr 2.6426e-04 | norm: 0.4995 | dt: 1664.32ms | img/sec: 2461.06
step 101625 | loss: 2.862452 | lr 2.6413e-04 | norm: 0.5054 | dt: 1681.33ms | img/sec: 2436.16
step 101626 | loss: 2.737182 | lr 2.6399e-04 | norm: 0.4924 | dt: 1662.81ms | img/sec: 2463.30
step 101627 | loss: 2.857824 | lr 2.6385e-04 | norm: 0.5066 | dt: 1655.39ms | img/sec: 2474.35
step 101628 | loss: 2.738837 | lr 2.6371e-04 | norm: 0.5034 | dt: 1713.25ms | img/sec: 2390.77
step 101629 | loss: 2.793168 | lr 2.6357e-04 | norm: 0.5112 | dt: 1709.79ms | img/sec: 2395.62
step 101630 | loss: 2.817170 | lr 2.6343e-04 | norm: 0.5278 | dt: 1681.99ms | img/sec: 2435.21
step 101631 | loss: 2.747684 | lr 2.6330e-04 | norm: 0.5150 | dt: 1740.74ms | img/sec: 2353.02
step 101632 | loss: 2.766849 | lr 2.6316e-04 | norm: 0.5083 | dt: 1681.18ms | img/sec: 2436.39
step 101633 | loss: 2.814478 | lr 2.6302e-04 | norm: 0.5219 | dt: 1694.39ms | img/sec: 2417.39
step 101634 | loss: 2.777412 | lr 2.6288e-04 | norm: 0.4995 | dt: 1663.14ms | img/sec: 2462.81
step 101635 | loss: 2.775435 | lr 2.6274e-04 | norm: 0.5075 | dt: 1712.03ms | img/sec: 2392.48
step 101636 | loss: 2.794914 | lr 2.6260e-04 | norm: 0.5211 | dt: 1666.21ms | img/sec: 2458.28
step 101637 | loss: 2.778061 | lr 2.6247e-04 | norm: 0.5002 | dt: 1689.34ms | img/sec: 2424.62
step 101638 | loss: 2.820596 | lr 2.6233e-04 | norm: 0.4865 | dt: 1723.62ms | img/sec: 2376.40
step 101639 | loss: 2.800210 | lr 2.6219e-04 | norm: 0.4794 | dt: 1662.78ms | img/sec: 2463.35
step 101640 | loss: 2.852676 | lr 2.6205e-04 | norm: 0.5138 | dt: 1703.13ms | img/sec: 2404.98
step 101641 | loss: 2.796081 | lr 2.6191e-04 | norm: 0.5022 | dt: 1711.20ms | img/sec: 2393.64
step 101642 | loss: 2.774727 | lr 2.6177e-04 | norm: 0.4947 | dt: 1711.20ms | img/sec: 2393.65
step 101643 | loss: 2.767540 | lr 2.6164e-04 | norm: 0.4889 | dt: 1751.16ms | img/sec: 2339.02
step 101644 | loss: 2.829268 | lr 2.6150e-04 | norm: 0.5157 | dt: 1833.50ms | img/sec: 2233.98
step 101645 | loss: 2.749400 | lr 2.6136e-04 | norm: 0.4767 | dt: 1736.73ms | img/sec: 2358.46
step 101646 | loss: 2.804478 | lr 2.6122e-04 | norm: 0.5130 | dt: 1739.96ms | img/sec: 2354.08
step 101647 | loss: 2.752822 | lr 2.6108e-04 | norm: 0.4885 | dt: 1654.06ms | img/sec: 2476.33
step 101648 | loss: 2.731833 | lr 2.6094e-04 | norm: 0.4974 | dt: 1793.19ms | img/sec: 2284.19
step 101649 | loss: 2.834812 | lr 2.6081e-04 | norm: 0.5142 | dt: 1771.19ms | img/sec: 2312.57
step 101650 | loss: 2.896414 | lr 2.6067e-04 | norm: 0.5320 | dt: 1668.07ms | img/sec: 2455.53
step 101651 | loss: 2.804946 | lr 2.6053e-04 | norm: 0.5025 | dt: 1735.83ms | img/sec: 2359.68
step 101652 | loss: 2.741393 | lr 2.6039e-04 | norm: 0.4911 | dt: 1717.70ms | img/sec: 2384.58
step 101653 | loss: 2.832463 | lr 2.6025e-04 | norm: 0.4985 | dt: 1706.57ms | img/sec: 2400.14
step 101654 | loss: 2.755874 | lr 2.6011e-04 | norm: 0.4719 | dt: 1694.09ms | img/sec: 2417.82
step 101655 | loss: 2.792217 | lr 2.5998e-04 | norm: 0.4903 | dt: 1673.02ms | img/sec: 2448.27
step 101656 | loss: 2.783433 | lr 2.5984e-04 | norm: 0.4985 | dt: 1656.44ms | img/sec: 2472.77
step 101657 | loss: 2.894393 | lr 2.5970e-04 | norm: 0.5386 | dt: 1697.18ms | img/sec: 2413.42
step 101658 | loss: 2.829581 | lr 2.5956e-04 | norm: 0.4988 | dt: 1659.39ms | img/sec: 2468.37
step 101659 | loss: 2.828004 | lr 2.5942e-04 | norm: 0.4985 | dt: 1681.28ms | img/sec: 2436.24
step 101660 | loss: 2.755148 | lr 2.5928e-04 | norm: 0.5336 | dt: 1665.58ms | img/sec: 2459.20
step 101661 | loss: 2.803806 | lr 2.5914e-04 | norm: 0.5147 | dt: 1657.86ms | img/sec: 2470.65
step 101662 | loss: 2.831447 | lr 2.5901e-04 | norm: 0.5219 | dt: 1687.89ms | img/sec: 2426.70
step 101663 | loss: 2.781587 | lr 2.5887e-04 | norm: 0.4993 | dt: 1728.22ms | img/sec: 2370.07
step 101664 | loss: 2.843220 | lr 2.5873e-04 | norm: 0.5287 | dt: 1681.67ms | img/sec: 2435.67
step 101665 | loss: 2.761138 | lr 2.5859e-04 | norm: 0.5124 | dt: 1655.67ms | img/sec: 2473.92
step 101666 | loss: 2.783392 | lr 2.5845e-04 | norm: 0.5290 | dt: 1665.24ms | img/sec: 2459.70
step 101667 | loss: 2.757428 | lr 2.5831e-04 | norm: 0.5011 | dt: 1659.16ms | img/sec: 2468.73
step 101668 | loss: 2.865965 | lr 2.5818e-04 | norm: 0.5048 | dt: 1689.54ms | img/sec: 2424.33
step 101669 | loss: 2.785187 | lr 2.5804e-04 | norm: 0.4891 | dt: 1743.96ms | img/sec: 2348.68
step 101670 | loss: 2.716737 | lr 2.5790e-04 | norm: 0.4988 | dt: 1691.38ms | img/sec: 2421.70
step 101671 | loss: 2.724462 | lr 2.5776e-04 | norm: 0.5184 | dt: 1670.37ms | img/sec: 2452.16
step 101672 | loss: 2.840400 | lr 2.5762e-04 | norm: 0.5352 | dt: 1725.14ms | img/sec: 2374.29
step 101673 | loss: 2.787229 | lr 2.5748e-04 | norm: 0.5067 | dt: 1764.78ms | img/sec: 2320.96
step 101674 | loss: 2.864954 | lr 2.5735e-04 | norm: 0.5336 | dt: 1740.45ms | img/sec: 2353.41
step 101675 | loss: 2.781615 | lr 2.5721e-04 | norm: 0.5335 | dt: 1659.40ms | img/sec: 2468.36
step 101676 | loss: 2.829578 | lr 2.5707e-04 | norm: 0.5105 | dt: 1660.15ms | img/sec: 2467.25
step 101677 | loss: 2.807961 | lr 2.5693e-04 | norm: 0.5379 | dt: 1668.49ms | img/sec: 2454.92
step 101678 | loss: 2.826108 | lr 2.5679e-04 | norm: 0.5017 | dt: 1670.90ms | img/sec: 2451.38
step 101679 | loss: 2.811916 | lr 2.5665e-04 | norm: 0.4947 | dt: 1661.55ms | img/sec: 2465.17
step 101680 | loss: 2.712041 | lr 2.5651e-04 | norm: 0.4971 | dt: 1706.38ms | img/sec: 2400.40
step 101681 | loss: 2.777474 | lr 2.5638e-04 | norm: 0.5126 | dt: 1676.28ms | img/sec: 2443.51
step 101682 | loss: 2.814270 | lr 2.5624e-04 | norm: 0.5333 | dt: 1652.41ms | img/sec: 2478.81
step 101683 | loss: 2.849926 | lr 2.5610e-04 | norm: 0.5205 | dt: 1721.82ms | img/sec: 2378.88
step 101684 | loss: 2.804423 | lr 2.5596e-04 | norm: 0.5262 | dt: 1668.58ms | img/sec: 2454.78
step 101685 | loss: 2.727752 | lr 2.5582e-04 | norm: 0.4826 | dt: 1667.17ms | img/sec: 2456.85
step 101686 | loss: 2.735685 | lr 2.5568e-04 | norm: 0.5236 | dt: 1668.09ms | img/sec: 2455.50
step 101687 | loss: 2.778579 | lr 2.5555e-04 | norm: 0.4911 | dt: 1660.79ms | img/sec: 2466.30
step 101688 | loss: 2.762483 | lr 2.5541e-04 | norm: 0.5073 | dt: 1708.38ms | img/sec: 2397.59
step 101689 | loss: 2.777997 | lr 2.5527e-04 | norm: 0.5436 | dt: 1652.07ms | img/sec: 2479.32
step 101690 | loss: 2.821863 | lr 2.5513e-04 | norm: 0.5395 | dt: 1660.85ms | img/sec: 2466.21
step 101691 | loss: 2.768561 | lr 2.5499e-04 | norm: 0.5091 | dt: 1674.47ms | img/sec: 2446.14
step 101692 | loss: 2.913555 | lr 2.5485e-04 | norm: 0.5127 | dt: 1761.02ms | img/sec: 2325.92
step 101693 | loss: 2.743758 | lr 2.5472e-04 | norm: 0.5129 | dt: 1669.92ms | img/sec: 2452.81
step 101694 | loss: 2.774325 | lr 2.5458e-04 | norm: 0.5080 | dt: 1713.77ms | img/sec: 2390.06
step 101695 | loss: 2.760168 | lr 2.5444e-04 | norm: 0.4908 | dt: 1657.09ms | img/sec: 2471.81
step 101696 | loss: 2.775950 | lr 2.5430e-04 | norm: 0.5100 | dt: 1768.29ms | img/sec: 2316.36
step 101697 | loss: 2.735023 | lr 2.5416e-04 | norm: 0.4954 | dt: 1732.10ms | img/sec: 2364.75
step 101698 | loss: 2.771497 | lr 2.5402e-04 | norm: 0.4927 | dt: 1656.44ms | img/sec: 2472.77
step 101699 | loss: 2.710499 | lr 2.5388e-04 | norm: 0.4868 | dt: 1657.34ms | img/sec: 2471.43
step 101700 | loss: 2.803474 | lr 2.5375e-04 | norm: 0.5079 | dt: 1688.75ms | img/sec: 2425.46
step 101701 | loss: 2.767562 | lr 2.5361e-04 | norm: 0.5061 | dt: 1710.78ms | img/sec: 2394.23
step 101702 | loss: 2.738037 | lr 2.5347e-04 | norm: 0.4873 | dt: 1659.06ms | img/sec: 2468.87
step 101703 | loss: 2.822015 | lr 2.5333e-04 | norm: 0.5016 | dt: 1704.60ms | img/sec: 2402.91
step 101704 | loss: 2.798865 | lr 2.5319e-04 | norm: 0.5044 | dt: 1724.82ms | img/sec: 2374.74
step 101705 | loss: 2.786476 | lr 2.5305e-04 | norm: 0.5170 | dt: 1690.21ms | img/sec: 2423.36
step 101706 | loss: 2.775459 | lr 2.5292e-04 | norm: 0.5133 | dt: 1688.59ms | img/sec: 2425.70
step 101707 | loss: 2.802136 | lr 2.5278e-04 | norm: 0.5203 | dt: 1661.47ms | img/sec: 2465.28
step 101708 | loss: 2.763767 | lr 2.5264e-04 | norm: 0.4948 | dt: 1778.44ms | img/sec: 2303.15
step 101709 | loss: 2.812024 | lr 2.5250e-04 | norm: 0.5053 | dt: 1660.90ms | img/sec: 2466.13
step 101710 | loss: 2.835581 | lr 2.5236e-04 | norm: 0.5354 | dt: 1713.37ms | img/sec: 2390.61
step 101711 | loss: 2.843468 | lr 2.5222e-04 | norm: 0.5001 | dt: 1668.27ms | img/sec: 2455.23
step 101712 | loss: 2.787380 | lr 2.5208e-04 | norm: 0.5095 | dt: 1713.50ms | img/sec: 2390.43
step 101713 | loss: 2.783268 | lr 2.5195e-04 | norm: 0.5040 | dt: 1660.93ms | img/sec: 2466.08
step 101714 | loss: 2.748663 | lr 2.5181e-04 | norm: 0.4908 | dt: 1666.37ms | img/sec: 2458.04
step 101715 | loss: 2.785195 | lr 2.5167e-04 | norm: 0.5070 | dt: 1662.09ms | img/sec: 2464.37
step 101716 | loss: 2.725372 | lr 2.5153e-04 | norm: 0.5236 | dt: 1736.80ms | img/sec: 2358.37
step 101717 | loss: 2.780719 | lr 2.5139e-04 | norm: 0.5071 | dt: 1760.83ms | img/sec: 2326.18
step 101718 | loss: 2.826317 | lr 2.5125e-04 | norm: 0.4967 | dt: 1761.79ms | img/sec: 2324.91
step 101719 | loss: 2.734495 | lr 2.5112e-04 | norm: 0.4833 | dt: 1704.19ms | img/sec: 2403.49
step 101720 | loss: 2.788720 | lr 2.5098e-04 | norm: 0.5003 | dt: 1657.47ms | img/sec: 2471.24
step 101721 | loss: 2.763715 | lr 2.5084e-04 | norm: 0.5149 | dt: 1675.13ms | img/sec: 2445.18
step 101722 | loss: 2.768689 | lr 2.5070e-04 | norm: 0.5158 | dt: 1657.74ms | img/sec: 2470.84
step 101723 | loss: 2.788018 | lr 2.5056e-04 | norm: 0.5225 | dt: 1704.70ms | img/sec: 2402.76
step 101724 | loss: 2.730574 | lr 2.5042e-04 | norm: 0.4875 | dt: 1664.45ms | img/sec: 2460.87
step 101725 | loss: 2.820995 | lr 2.5028e-04 | norm: 0.4962 | dt: 1704.95ms | img/sec: 2402.42
step 101726 | loss: 2.774932 | lr 2.5015e-04 | norm: 0.4929 | dt: 1659.06ms | img/sec: 2468.87
step 101727 | loss: 2.757731 | lr 2.5001e-04 | norm: 0.4833 | dt: 1736.31ms | img/sec: 2359.03
step 101728 | loss: 2.803583 | lr 2.4987e-04 | norm: 0.4952 | dt: 1712.87ms | img/sec: 2391.31
step 101729 | loss: 2.750073 | lr 2.4973e-04 | norm: 0.4859 | dt: 1671.55ms | img/sec: 2450.42
step 101730 | loss: 2.724306 | lr 2.4959e-04 | norm: 0.5148 | dt: 1711.85ms | img/sec: 2392.74
step 101731 | loss: 2.806203 | lr 2.4945e-04 | norm: 0.4846 | dt: 1660.01ms | img/sec: 2467.46
step 101732 | loss: 2.732903 | lr 2.4932e-04 | norm: 0.5136 | dt: 1715.02ms | img/sec: 2388.30
step 101733 | loss: 2.820429 | lr 2.4918e-04 | norm: 0.5220 | dt: 1661.84ms | img/sec: 2464.74
step 101734 | loss: 2.808289 | lr 2.4904e-04 | norm: 0.5060 | dt: 1712.85ms | img/sec: 2391.34
step 101735 | loss: 2.771832 | lr 2.4890e-04 | norm: 0.4881 | dt: 1656.27ms | img/sec: 2473.03
step 101736 | loss: 2.793288 | lr 2.4876e-04 | norm: 0.5074 | dt: 1662.12ms | img/sec: 2464.33
step 101737 | loss: 2.789073 | lr 2.4862e-04 | norm: 0.5083 | dt: 1781.04ms | img/sec: 2299.78
step 101738 | loss: 2.756793 | lr 2.4849e-04 | norm: 0.4940 | dt: 1664.90ms | img/sec: 2460.20
step 101739 | loss: 2.786279 | lr 2.4835e-04 | norm: 0.4838 | dt: 1690.47ms | img/sec: 2422.99
step 101740 | loss: 2.754933 | lr 2.4821e-04 | norm: 0.5118 | dt: 1750.77ms | img/sec: 2339.54
step 101741 | loss: 2.791067 | lr 2.4807e-04 | norm: 0.4987 | dt: 1662.91ms | img/sec: 2463.15
step 101742 | loss: 2.837052 | lr 2.4793e-04 | norm: 0.4958 | dt: 1695.32ms | img/sec: 2416.06
step 101743 | loss: 2.855957 | lr 2.4779e-04 | norm: 0.5011 | dt: 1743.36ms | img/sec: 2349.48
step 101744 | loss: 2.811985 | lr 2.4765e-04 | norm: 0.5064 | dt: 1659.96ms | img/sec: 2467.53
step 101745 | loss: 2.852530 | lr 2.4752e-04 | norm: 0.5028 | dt: 1700.11ms | img/sec: 2409.26
step 101746 | loss: 2.813577 | lr 2.4738e-04 | norm: 0.5005 | dt: 1717.42ms | img/sec: 2384.97
step 101747 | loss: 2.793104 | lr 2.4724e-04 | norm: 0.4858 | dt: 1674.47ms | img/sec: 2446.14
step 101748 | loss: 2.792320 | lr 2.4710e-04 | norm: 0.5135 | dt: 1665.47ms | img/sec: 2459.36
step 101749 | loss: 2.804591 | lr 2.4696e-04 | norm: 0.4957 | dt: 1667.67ms | img/sec: 2456.13
step 101750 | loss: 2.729277 | lr 2.4682e-04 | norm: 0.4845 | dt: 1697.70ms | img/sec: 2412.68
step 101751 | loss: 2.754237 | lr 2.4669e-04 | norm: 0.4962 | dt: 1706.85ms | img/sec: 2399.74
step 101752 | loss: 2.801305 | lr 2.4655e-04 | norm: 0.4948 | dt: 1662.45ms | img/sec: 2463.84
step 101753 | loss: 2.805984 | lr 2.4641e-04 | norm: 0.5336 | dt: 1660.78ms | img/sec: 2466.31
step 101754 | loss: 2.788906 | lr 2.4627e-04 | norm: 0.4870 | dt: 1664.84ms | img/sec: 2460.30
step 101755 | loss: 2.760758 | lr 2.4613e-04 | norm: 0.4851 | dt: 1664.37ms | img/sec: 2460.99
step 101756 | loss: 2.817305 | lr 2.4599e-04 | norm: 0.5003 | dt: 1683.79ms | img/sec: 2432.60
step 101757 | loss: 2.786511 | lr 2.4586e-04 | norm: 0.5056 | dt: 1690.18ms | img/sec: 2423.41
step 101758 | loss: 2.815928 | lr 2.4572e-04 | norm: 0.4945 | dt: 1708.84ms | img/sec: 2396.95
step 101759 | loss: 2.768068 | lr 2.4558e-04 | norm: 0.4849 | dt: 1661.52ms | img/sec: 2465.21
step 101760 | loss: 2.778069 | lr 2.4544e-04 | norm: 0.4921 | dt: 1720.08ms | img/sec: 2381.29
step 101761 | loss: 2.773592 | lr 2.4530e-04 | norm: 0.4851 | dt: 1664.57ms | img/sec: 2460.69
step 101762 | loss: 2.817747 | lr 2.4516e-04 | norm: 0.5069 | dt: 1684.31ms | img/sec: 2431.85
step 101763 | loss: 2.775842 | lr 2.4502e-04 | norm: 0.5199 | dt: 1692.27ms | img/sec: 2420.42
step 101764 | loss: 2.762372 | lr 2.4489e-04 | norm: 0.5023 | dt: 1709.31ms | img/sec: 2396.29
step 101765 | loss: 2.845594 | lr 2.4475e-04 | norm: 0.5273 | dt: 1721.30ms | img/sec: 2379.59
step 101766 | loss: 2.725583 | lr 2.4461e-04 | norm: 0.5033 | dt: 1791.55ms | img/sec: 2286.29
step 101767 | loss: 2.767887 | lr 2.4447e-04 | norm: 0.5150 | dt: 1726.51ms | img/sec: 2372.41
step 101768 | loss: 2.764410 | lr 2.4433e-04 | norm: 0.4981 | dt: 1657.24ms | img/sec: 2471.57
step 101769 | loss: 2.768952 | lr 2.4419e-04 | norm: 0.4954 | dt: 1699.17ms | img/sec: 2410.59
step 101770 | loss: 2.820457 | lr 2.4406e-04 | norm: 0.4906 | dt: 1659.73ms | img/sec: 2467.87
step 101771 | loss: 2.730014 | lr 2.4392e-04 | norm: 0.5283 | dt: 1711.71ms | img/sec: 2392.93
step 101772 | loss: 2.878616 | lr 2.4378e-04 | norm: 0.5195 | dt: 1657.90ms | img/sec: 2470.60
step 101773 | loss: 2.746551 | lr 2.4364e-04 | norm: 0.4911 | dt: 1653.32ms | img/sec: 2477.44
step 101774 | loss: 2.716160 | lr 2.4350e-04 | norm: 0.4933 | dt: 1678.86ms | img/sec: 2439.75
step 101775 | loss: 2.756094 | lr 2.4336e-04 | norm: 0.5225 | dt: 1712.59ms | img/sec: 2391.70
step 101776 | loss: 2.823786 | lr 2.4323e-04 | norm: 0.5069 | dt: 1652.34ms | img/sec: 2478.91
step 101777 | loss: 2.782165 | lr 2.4309e-04 | norm: 0.5108 | dt: 1664.12ms | img/sec: 2461.36
step 101778 | loss: 2.811076 | lr 2.4295e-04 | norm: 0.5092 | dt: 1728.83ms | img/sec: 2369.23
step 101779 | loss: 2.782843 | lr 2.4281e-04 | norm: 0.4911 | dt: 1687.17ms | img/sec: 2427.74
step 101780 | loss: 2.800221 | lr 2.4267e-04 | norm: 0.5230 | dt: 1687.96ms | img/sec: 2426.60
step 101781 | loss: 2.858689 | lr 2.4253e-04 | norm: 0.5243 | dt: 1669.57ms | img/sec: 2453.32
step 101782 | loss: 2.814058 | lr 2.4240e-04 | norm: 0.5125 | dt: 1668.63ms | img/sec: 2454.71
step 101783 | loss: 2.752662 | lr 2.4226e-04 | norm: 0.4972 | dt: 1657.75ms | img/sec: 2470.83
step 101784 | loss: 2.749492 | lr 2.4212e-04 | norm: 0.4944 | dt: 1698.18ms | img/sec: 2412.00
step 101785 | loss: 2.795400 | lr 2.4198e-04 | norm: 0.5030 | dt: 1705.50ms | img/sec: 2401.64
step 101786 | loss: 2.767932 | lr 2.4184e-04 | norm: 0.4966 | dt: 1653.92ms | img/sec: 2476.55
step 101787 | loss: 2.787030 | lr 2.4170e-04 | norm: 0.4879 | dt: 1682.76ms | img/sec: 2434.09
step 101788 | loss: 2.711465 | lr 2.4157e-04 | norm: 0.5001 | dt: 1699.90ms | img/sec: 2409.55
step 101789 | loss: 2.748901 | lr 2.4143e-04 | norm: 0.4853 | dt: 1660.29ms | img/sec: 2467.04
step 101790 | loss: 2.741186 | lr 2.4129e-04 | norm: 0.4750 | dt: 1696.23ms | img/sec: 2414.76
step 101791 | loss: 2.733493 | lr 2.4115e-04 | norm: 0.5139 | dt: 1663.93ms | img/sec: 2461.65
step 101792 | loss: 2.749935 | lr 2.4101e-04 | norm: 0.5105 | dt: 1716.58ms | img/sec: 2386.14
step 101793 | loss: 2.815442 | lr 2.4087e-04 | norm: 0.4951 | dt: 1699.94ms | img/sec: 2409.50
step 101794 | loss: 2.784278 | lr 2.4074e-04 | norm: 0.4962 | dt: 1782.39ms | img/sec: 2298.03
step 101795 | loss: 2.782717 | lr 2.4060e-04 | norm: 0.5114 | dt: 1663.51ms | img/sec: 2462.26
step 101796 | loss: 2.786539 | lr 2.4046e-04 | norm: 0.4958 | dt: 1713.10ms | img/sec: 2390.99
step 101797 | loss: 2.748541 | lr 2.4032e-04 | norm: 0.4970 | dt: 1688.21ms | img/sec: 2426.23
step 101798 | loss: 2.782690 | lr 2.4018e-04 | norm: 0.4881 | dt: 1662.90ms | img/sec: 2463.17
step 101799 | loss: 2.779152 | lr 2.4004e-04 | norm: 0.5022 | dt: 1729.34ms | img/sec: 2368.54
step 101800 | loss: 2.796972 | lr 2.3991e-04 | norm: 0.5024 | dt: 1836.42ms | img/sec: 2230.42
step 101801 | loss: 2.818789 | lr 2.3977e-04 | norm: 0.5147 | dt: 1665.24ms | img/sec: 2459.70
step 101802 | loss: 2.836213 | lr 2.3963e-04 | norm: 0.4921 | dt: 1666.30ms | img/sec: 2458.14
step 101803 | loss: 2.743017 | lr 2.3949e-04 | norm: 0.4918 | dt: 1651.02ms | img/sec: 2480.89
step 101804 | loss: 2.835633 | lr 2.3935e-04 | norm: 0.5139 | dt: 1661.98ms | img/sec: 2464.53
step 101805 | loss: 2.706819 | lr 2.3922e-04 | norm: 0.5255 | dt: 1661.57ms | img/sec: 2465.13
step 101806 | loss: 2.828394 | lr 2.3908e-04 | norm: 0.5198 | dt: 1784.12ms | img/sec: 2295.82
step 101807 | loss: 2.793431 | lr 2.3894e-04 | norm: 0.5100 | dt: 1705.03ms | img/sec: 2402.31
step 101808 | loss: 2.770839 | lr 2.3880e-04 | norm: 0.4938 | dt: 1673.12ms | img/sec: 2448.12
step 101809 | loss: 2.786096 | lr 2.3866e-04 | norm: 0.5082 | dt: 1747.02ms | img/sec: 2344.57
step 101810 | loss: 2.754511 | lr 2.3852e-04 | norm: 0.5424 | dt: 1688.40ms | img/sec: 2425.96
step 101811 | loss: 2.746871 | lr 2.3839e-04 | norm: 0.5155 | dt: 1667.48ms | img/sec: 2456.40
step 101812 | loss: 2.784240 | lr 2.3825e-04 | norm: 0.5144 | dt: 1709.83ms | img/sec: 2395.56
step 101813 | loss: 2.763199 | lr 2.3811e-04 | norm: 0.4999 | dt: 1658.00ms | img/sec: 2470.44
step 101814 | loss: 2.777692 | lr 2.3797e-04 | norm: 0.5033 | dt: 1718.67ms | img/sec: 2383.24
step 101815 | loss: 2.816378 | lr 2.3783e-04 | norm: 0.5280 | dt: 1661.60ms | img/sec: 2465.09
step 101816 | loss: 2.791691 | lr 2.3769e-04 | norm: 0.5138 | dt: 1715.76ms | img/sec: 2387.28
step 101817 | loss: 2.801378 | lr 2.3756e-04 | norm: 0.5121 | dt: 1654.93ms | img/sec: 2475.03
step 101818 | loss: 2.799707 | lr 2.3742e-04 | norm: 0.5077 | dt: 1776.28ms | img/sec: 2305.94
step 101819 | loss: 2.723021 | lr 2.3728e-04 | norm: 0.4872 | dt: 1659.05ms | img/sec: 2468.88
step 101820 | loss: 2.746223 | lr 2.3714e-04 | norm: 0.5028 | dt: 1654.02ms | img/sec: 2476.39
step 101821 | loss: 2.833561 | lr 2.3700e-04 | norm: 0.5188 | dt: 1705.96ms | img/sec: 2401.00
step 101822 | loss: 2.814074 | lr 2.3687e-04 | norm: 0.4931 | dt: 1771.22ms | img/sec: 2312.53
step 101823 | loss: 2.744113 | lr 2.3673e-04 | norm: 0.5148 | dt: 1680.24ms | img/sec: 2437.75
step 101824 | loss: 2.819478 | lr 2.3659e-04 | norm: 0.5133 | dt: 1720.70ms | img/sec: 2380.42
step 101825 | loss: 2.797008 | lr 2.3645e-04 | norm: 0.5046 | dt: 1767.79ms | img/sec: 2317.02
step 101826 | loss: 2.772605 | lr 2.3631e-04 | norm: 0.5042 | dt: 1752.84ms | img/sec: 2336.78
step 101827 | loss: 2.731511 | lr 2.3617e-04 | norm: 0.4802 | dt: 1659.98ms | img/sec: 2467.50
step 101828 | loss: 2.750281 | lr 2.3604e-04 | norm: 0.5160 | dt: 1671.45ms | img/sec: 2450.56
step 101829 | loss: 2.753117 | lr 2.3590e-04 | norm: 0.5083 | dt: 1720.37ms | img/sec: 2380.89
step 101830 | loss: 2.765498 | lr 2.3576e-04 | norm: 0.5078 | dt: 1653.30ms | img/sec: 2477.47
step 101831 | loss: 2.728127 | lr 2.3562e-04 | norm: 0.5411 | dt: 1738.55ms | img/sec: 2355.98
step 101832 | loss: 2.811698 | lr 2.3548e-04 | norm: 0.5046 | dt: 1666.11ms | img/sec: 2458.42
step 101833 | loss: 2.769732 | lr 2.3535e-04 | norm: 0.5235 | dt: 1654.50ms | img/sec: 2475.67
step 101834 | loss: 2.816479 | lr 2.3521e-04 | norm: 0.4978 | dt: 1746.83ms | img/sec: 2344.81
step 101835 | loss: 2.814596 | lr 2.3507e-04 | norm: 0.5186 | dt: 1701.09ms | img/sec: 2407.86
step 101836 | loss: 2.752588 | lr 2.3493e-04 | norm: 0.5074 | dt: 1676.95ms | img/sec: 2442.53
step 101837 | loss: 2.737911 | lr 2.3479e-04 | norm: 0.4893 | dt: 1685.44ms | img/sec: 2430.23
step 101838 | loss: 2.789971 | lr 2.3466e-04 | norm: 0.5052 | dt: 1682.25ms | img/sec: 2434.83
step 101839 | loss: 2.743562 | lr 2.3452e-04 | norm: 0.5030 | dt: 1773.16ms | img/sec: 2310.00
step 101840 | loss: 2.801512 | lr 2.3438e-04 | norm: 0.4923 | dt: 1660.87ms | img/sec: 2466.18
step 101841 | loss: 2.835573 | lr 2.3424e-04 | norm: 0.5048 | dt: 1785.28ms | img/sec: 2294.32
step 101842 | loss: 2.738329 | lr 2.3410e-04 | norm: 0.4937 | dt: 1668.24ms | img/sec: 2455.28
step 101843 | loss: 2.808161 | lr 2.3396e-04 | norm: 0.5352 | dt: 1697.75ms | img/sec: 2412.61
step 101844 | loss: 2.794673 | lr 2.3383e-04 | norm: 0.5011 | dt: 1653.71ms | img/sec: 2476.85
step 101845 | loss: 2.765822 | lr 2.3369e-04 | norm: 0.4982 | dt: 1658.74ms | img/sec: 2469.34
step 101846 | loss: 2.742554 | lr 2.3355e-04 | norm: 0.4929 | dt: 1704.09ms | img/sec: 2403.63
step 101847 | loss: 2.789735 | lr 2.3341e-04 | norm: 0.5015 | dt: 1660.28ms | img/sec: 2467.06
step 101848 | loss: 2.826860 | lr 2.3327e-04 | norm: 0.5745 | dt: 1663.91ms | img/sec: 2461.67
step 101849 | loss: 2.749643 | lr 2.3314e-04 | norm: 0.5345 | dt: 1814.00ms | img/sec: 2258.00
step 101850 | loss: 2.775403 | lr 2.3300e-04 | norm: 0.5064 | dt: 1662.22ms | img/sec: 2464.18
step 101851 | loss: 2.760952 | lr 2.3286e-04 | norm: 0.5215 | dt: 1661.12ms | img/sec: 2465.81
step 101852 | loss: 2.791035 | lr 2.3272e-04 | norm: 0.5238 | dt: 1693.12ms | img/sec: 2419.20
step 101853 | loss: 2.761172 | lr 2.3258e-04 | norm: 0.5063 | dt: 1714.38ms | img/sec: 2389.21
step 101854 | loss: 2.722576 | lr 2.3245e-04 | norm: 0.5094 | dt: 1708.24ms | img/sec: 2397.78
step 101855 | loss: 2.748291 | lr 2.3231e-04 | norm: 0.5004 | dt: 1755.07ms | img/sec: 2333.81
step 101856 | loss: 2.863256 | lr 2.3217e-04 | norm: 0.5344 | dt: 1723.01ms | img/sec: 2377.24
step 101857 | loss: 2.766202 | lr 2.3203e-04 | norm: 0.5215 | dt: 1653.76ms | img/sec: 2476.79
step 101858 | loss: 2.788874 | lr 2.3189e-04 | norm: 0.5162 | dt: 1663.82ms | img/sec: 2461.80
step 101859 | loss: 2.702168 | lr 2.3176e-04 | norm: 0.4910 | dt: 1659.88ms | img/sec: 2467.65
step 101860 | loss: 2.819602 | lr 2.3162e-04 | norm: 0.5112 | dt: 1733.58ms | img/sec: 2362.74
step 101861 | loss: 2.808086 | lr 2.3148e-04 | norm: 0.5345 | dt: 1659.81ms | img/sec: 2467.76
step 101862 | loss: 2.733358 | lr 2.3134e-04 | norm: 0.5063 | dt: 1717.60ms | img/sec: 2384.72
step 101863 | loss: 2.817447 | lr 2.3120e-04 | norm: 0.5054 | dt: 1655.81ms | img/sec: 2473.72
step 101864 | loss: 2.763586 | lr 2.3107e-04 | norm: 0.5044 | dt: 1747.07ms | img/sec: 2344.50
step 101865 | loss: 2.774064 | lr 2.3093e-04 | norm: 0.4937 | dt: 1693.70ms | img/sec: 2418.37
step 101866 | loss: 2.712827 | lr 2.3079e-04 | norm: 0.5133 | dt: 1667.87ms | img/sec: 2455.83
step 101867 | loss: 2.773937 | lr 2.3065e-04 | norm: 0.5125 | dt: 1712.78ms | img/sec: 2391.44
step 101868 | loss: 2.784921 | lr 2.3052e-04 | norm: 0.4967 | dt: 1665.94ms | img/sec: 2458.68
step 101869 | loss: 2.826371 | lr 2.3038e-04 | norm: 0.5208 | dt: 1689.52ms | img/sec: 2424.36
step 101870 | loss: 2.735320 | lr 2.3024e-04 | norm: 0.4911 | dt: 1663.89ms | img/sec: 2461.70
step 101871 | loss: 2.827120 | lr 2.3010e-04 | norm: 0.4922 | dt: 1656.20ms | img/sec: 2473.13
step 101872 | loss: 2.782348 | lr 2.2996e-04 | norm: 0.4972 | dt: 1675.77ms | img/sec: 2444.25
step 101873 | loss: 2.745360 | lr 2.2983e-04 | norm: 0.5058 | dt: 1691.91ms | img/sec: 2420.93
step 101874 | loss: 2.844342 | lr 2.2969e-04 | norm: 0.5158 | dt: 1717.38ms | img/sec: 2385.03
step 101875 | loss: 2.724853 | lr 2.2955e-04 | norm: 0.5049 | dt: 1748.66ms | img/sec: 2342.36
step 101876 | loss: 2.748155 | lr 2.2941e-04 | norm: 0.4860 | dt: 1670.71ms | img/sec: 2451.65
step 101877 | loss: 2.754750 | lr 2.2927e-04 | norm: 0.5149 | dt: 1723.12ms | img/sec: 2377.08
step 101878 | loss: 2.732323 | lr 2.2914e-04 | norm: 0.5506 | dt: 1701.21ms | img/sec: 2407.70
step 101879 | loss: 2.819131 | lr 2.2900e-04 | norm: 0.5296 | dt: 1792.87ms | img/sec: 2284.61
step 101880 | loss: 2.783026 | lr 2.2886e-04 | norm: 0.5163 | dt: 1664.91ms | img/sec: 2460.20
step 101881 | loss: 2.795642 | lr 2.2872e-04 | norm: 0.5329 | dt: 1713.52ms | img/sec: 2390.40
step 101882 | loss: 2.816217 | lr 2.2859e-04 | norm: 0.5139 | dt: 1656.65ms | img/sec: 2472.47
step 101883 | loss: 2.751622 | lr 2.2845e-04 | norm: 0.5003 | dt: 1658.36ms | img/sec: 2469.91
step 101884 | loss: 2.808737 | lr 2.2831e-04 | norm: 0.5161 | dt: 1716.97ms | img/sec: 2385.60
step 101885 | loss: 2.784914 | lr 2.2817e-04 | norm: 0.5097 | dt: 1656.87ms | img/sec: 2472.13
step 101886 | loss: 2.792228 | lr 2.2803e-04 | norm: 0.5167 | dt: 1723.47ms | img/sec: 2376.60
step 101887 | loss: 2.811067 | lr 2.2790e-04 | norm: 0.5027 | dt: 1665.51ms | img/sec: 2459.30
step 101888 | loss: 2.779415 | lr 2.2776e-04 | norm: 0.5158 | dt: 1684.75ms | img/sec: 2431.23
step 101889 | loss: 2.762547 | lr 2.2762e-04 | norm: 0.5175 | dt: 1663.24ms | img/sec: 2462.66
step 101890 | loss: 2.795260 | lr 2.2748e-04 | norm: 0.5088 | dt: 1657.11ms | img/sec: 2471.77
step 101891 | loss: 2.817332 | lr 2.2735e-04 | norm: 0.4974 | dt: 1658.75ms | img/sec: 2469.32
step 101892 | loss: 2.794742 | lr 2.2721e-04 | norm: 0.5324 | dt: 1697.25ms | img/sec: 2413.31
step 101893 | loss: 2.768065 | lr 2.2707e-04 | norm: 0.5339 | dt: 1670.39ms | img/sec: 2452.12
step 101894 | loss: 2.758450 | lr 2.2693e-04 | norm: 0.5046 | dt: 1716.09ms | img/sec: 2386.82
step 101895 | loss: 2.752081 | lr 2.2679e-04 | norm: 0.5086 | dt: 1657.22ms | img/sec: 2471.61
step 101896 | loss: 2.842417 | lr 2.2666e-04 | norm: 0.5177 | dt: 1739.38ms | img/sec: 2354.86
step 101897 | loss: 2.734327 | lr 2.2652e-04 | norm: 0.4936 | dt: 1660.29ms | img/sec: 2467.04
step 101898 | loss: 2.763318 | lr 2.2638e-04 | norm: 0.4840 | dt: 1663.31ms | img/sec: 2462.55
step 101899 | loss: 2.789280 | lr 2.2624e-04 | norm: 0.5157 | dt: 1657.71ms | img/sec: 2470.88
step 101900 | loss: 2.804270 | lr 2.2611e-04 | norm: 0.4941 | dt: 1745.50ms | img/sec: 2346.60
step 101901 | loss: 2.774005 | lr 2.2597e-04 | norm: 0.5097 | dt: 1708.93ms | img/sec: 2396.83
step 101902 | loss: 2.810002 | lr 2.2583e-04 | norm: 0.4893 | dt: 1663.25ms | img/sec: 2462.64
step 101903 | loss: 2.812787 | lr 2.2569e-04 | norm: 0.5090 | dt: 1658.76ms | img/sec: 2469.32
step 101904 | loss: 2.734009 | lr 2.2556e-04 | norm: 0.4731 | dt: 1672.87ms | img/sec: 2448.48
step 101905 | loss: 2.746999 | lr 2.2542e-04 | norm: 0.4691 | dt: 1674.09ms | img/sec: 2446.70
step 101906 | loss: 2.740576 | lr 2.2528e-04 | norm: 0.4947 | dt: 1673.14ms | img/sec: 2448.10
step 101907 | loss: 2.726655 | lr 2.2514e-04 | norm: 0.5028 | dt: 1656.52ms | img/sec: 2472.65
step 101908 | loss: 2.796194 | lr 2.2501e-04 | norm: 0.5196 | dt: 1777.26ms | img/sec: 2304.67
step 101909 | loss: 2.806890 | lr 2.2487e-04 | norm: 0.5036 | dt: 1676.12ms | img/sec: 2443.74
step 101910 | loss: 2.715512 | lr 2.2473e-04 | norm: 0.5036 | dt: 1661.30ms | img/sec: 2465.53
step 101911 | loss: 2.711599 | lr 2.2459e-04 | norm: 0.5000 | dt: 1657.35ms | img/sec: 2471.42
step 101912 | loss: 2.761642 | lr 2.2445e-04 | norm: 0.4918 | dt: 1657.54ms | img/sec: 2471.13
step 101913 | loss: 2.815161 | lr 2.2432e-04 | norm: 0.5241 | dt: 1725.34ms | img/sec: 2374.03
step 101914 | loss: 2.774224 | lr 2.2418e-04 | norm: 0.5073 | dt: 1669.39ms | img/sec: 2453.58
step 101915 | loss: 2.817322 | lr 2.2404e-04 | norm: 0.4922 | dt: 1792.46ms | img/sec: 2285.13
step 101916 | loss: 2.779189 | lr 2.2390e-04 | norm: 0.5140 | dt: 1716.14ms | img/sec: 2386.75
step 101917 | loss: 2.829855 | lr 2.2377e-04 | norm: 0.5000 | dt: 1692.88ms | img/sec: 2419.54
step 101918 | loss: 2.768602 | lr 2.2363e-04 | norm: 0.5031 | dt: 1663.46ms | img/sec: 2462.33
step 101919 | loss: 2.772299 | lr 2.2349e-04 | norm: 0.5019 | dt: 1659.96ms | img/sec: 2467.52
step 101920 | loss: 2.793607 | lr 2.2335e-04 | norm: 0.5262 | dt: 1762.33ms | img/sec: 2324.20
step 101921 | loss: 2.728162 | lr 2.2322e-04 | norm: 0.5125 | dt: 1666.72ms | img/sec: 2457.52
step 101922 | loss: 2.719073 | lr 2.2308e-04 | norm: 0.4674 | dt: 1660.83ms | img/sec: 2466.24
step 101923 | loss: 2.748801 | lr 2.2294e-04 | norm: 0.4908 | dt: 1724.93ms | img/sec: 2374.59
step 101924 | loss: 2.729362 | lr 2.2280e-04 | norm: 0.5043 | dt: 1731.01ms | img/sec: 2366.25
step 101925 | loss: 2.764076 | lr 2.2267e-04 | norm: 0.5243 | dt: 1655.48ms | img/sec: 2474.20
step 101926 | loss: 2.825663 | lr 2.2253e-04 | norm: 0.5141 | dt: 1786.80ms | img/sec: 2292.37
step 101927 | loss: 2.789283 | lr 2.2239e-04 | norm: 0.4998 | dt: 1789.02ms | img/sec: 2289.52
step 101928 | loss: 2.727973 | lr 2.2225e-04 | norm: 0.4970 | dt: 1663.35ms | img/sec: 2462.50
step 101929 | loss: 2.706505 | lr 2.2212e-04 | norm: 0.4997 | dt: 1686.51ms | img/sec: 2428.68
step 101930 | loss: 2.717604 | lr 2.2198e-04 | norm: 0.4896 | dt: 1719.02ms | img/sec: 2382.75
step 101931 | loss: 2.782427 | lr 2.2184e-04 | norm: 0.5156 | dt: 1730.34ms | img/sec: 2367.16
step 101932 | loss: 2.697195 | lr 2.2171e-04 | norm: 0.5011 | dt: 1658.66ms | img/sec: 2469.47
step 101933 | loss: 2.748990 | lr 2.2157e-04 | norm: 0.5145 | dt: 1658.65ms | img/sec: 2469.48
step 101934 | loss: 2.795295 | lr 2.2143e-04 | norm: 0.5240 | dt: 1818.22ms | img/sec: 2252.76
step 101935 | loss: 2.695461 | lr 2.2129e-04 | norm: 0.5144 | dt: 1658.71ms | img/sec: 2469.39
step 101936 | loss: 2.691803 | lr 2.2116e-04 | norm: 0.5006 | dt: 1675.80ms | img/sec: 2444.21
step 101937 | loss: 2.709146 | lr 2.2102e-04 | norm: 0.5144 | dt: 1667.18ms | img/sec: 2456.84
step 101938 | loss: 2.717005 | lr 2.2088e-04 | norm: 0.4823 | dt: 1722.49ms | img/sec: 2377.96
step 101939 | loss: 2.728674 | lr 2.2074e-04 | norm: 0.4961 | dt: 1702.88ms | img/sec: 2405.34
step 101940 | loss: 2.681128 | lr 2.2061e-04 | norm: 0.4860 | dt: 1712.47ms | img/sec: 2391.86
step 101941 | loss: 2.750298 | lr 2.2047e-04 | norm: 0.4861 | dt: 1667.99ms | img/sec: 2455.66
step 101942 | loss: 2.717484 | lr 2.2033e-04 | norm: 0.5047 | dt: 1659.25ms | img/sec: 2468.58
step 101943 | loss: 2.725877 | lr 2.2019e-04 | norm: 0.4956 | dt: 1671.79ms | img/sec: 2450.07
step 101944 | loss: 2.747261 | lr 2.2006e-04 | norm: 0.5050 | dt: 1704.44ms | img/sec: 2403.14
step 101945 | loss: 2.781123 | lr 2.1992e-04 | norm: 0.4941 | dt: 1689.65ms | img/sec: 2424.17
step 101946 | loss: 2.749861 | lr 2.1978e-04 | norm: 0.5013 | dt: 1695.44ms | img/sec: 2415.89
step 101947 | loss: 2.732179 | lr 2.1965e-04 | norm: 0.5164 | dt: 1669.95ms | img/sec: 2452.77
step 101948 | loss: 2.783397 | lr 2.1951e-04 | norm: 0.4884 | dt: 1735.23ms | img/sec: 2360.49
step 101949 | loss: 2.743022 | lr 2.1937e-04 | norm: 0.5221 | dt: 1686.72ms | img/sec: 2428.38
step 101950 | loss: 2.853717 | lr 2.1923e-04 | norm: 0.5144 | dt: 1836.26ms | img/sec: 2230.62
step 101951 | loss: 2.763700 | lr 2.1910e-04 | norm: 0.5210 | dt: 1660.33ms | img/sec: 2466.98
step 101952 | loss: 2.742419 | lr 2.1896e-04 | norm: 0.5152 | dt: 1661.89ms | img/sec: 2464.66
step 101953 | loss: 2.753560 | lr 2.1882e-04 | norm: 0.5048 | dt: 1705.84ms | img/sec: 2401.16
step 101954 | loss: 2.768644 | lr 2.1869e-04 | norm: 0.5144 | dt: 1703.06ms | img/sec: 2405.08
step 101955 | loss: 2.814857 | lr 2.1855e-04 | norm: 0.5014 | dt: 1663.34ms | img/sec: 2462.52
step 101956 | loss: 2.728968 | lr 2.1841e-04 | norm: 0.4924 | dt: 1743.58ms | img/sec: 2349.18
step 101957 | loss: 2.804361 | lr 2.1827e-04 | norm: 0.5330 | dt: 1717.38ms | img/sec: 2385.03
step 101958 | loss: 2.817618 | lr 2.1814e-04 | norm: 0.5173 | dt: 1710.34ms | img/sec: 2394.85
step 101959 | loss: 2.723317 | lr 2.1800e-04 | norm: 0.4918 | dt: 1654.52ms | img/sec: 2475.64
step 101960 | loss: 2.716146 | lr 2.1786e-04 | norm: 0.5003 | dt: 1701.95ms | img/sec: 2406.65
step 101961 | loss: 2.789878 | lr 2.1773e-04 | norm: 0.5121 | dt: 1667.49ms | img/sec: 2456.38
step 101962 | loss: 2.758924 | lr 2.1759e-04 | norm: 0.5376 | dt: 1749.98ms | img/sec: 2340.60
step 101963 | loss: 2.760577 | lr 2.1745e-04 | norm: 0.5024 | dt: 1656.89ms | img/sec: 2472.10
step 101964 | loss: 2.808068 | lr 2.1731e-04 | norm: 0.4995 | dt: 1665.31ms | img/sec: 2459.60
step 101965 | loss: 2.730815 | lr 2.1718e-04 | norm: 0.4810 | dt: 1665.04ms | img/sec: 2460.00
step 101966 | loss: 2.752255 | lr 2.1704e-04 | norm: 0.5119 | dt: 1690.93ms | img/sec: 2422.33
step 101967 | loss: 2.813488 | lr 2.1690e-04 | norm: 0.5004 | dt: 1688.44ms | img/sec: 2425.91
step 101968 | loss: 2.704158 | lr 2.1677e-04 | norm: 0.4943 | dt: 1723.43ms | img/sec: 2376.66
step 101969 | loss: 2.817032 | lr 2.1663e-04 | norm: 0.5079 | dt: 1660.61ms | img/sec: 2466.57
step 101970 | loss: 2.732646 | lr 2.1649e-04 | norm: 0.5050 | dt: 1687.50ms | img/sec: 2427.26
step 101971 | loss: 2.715976 | lr 2.1636e-04 | norm: 0.4976 | dt: 1703.49ms | img/sec: 2404.48
step 101972 | loss: 2.798949 | lr 2.1622e-04 | norm: 0.4948 | dt: 1655.14ms | img/sec: 2474.72
step 101973 | loss: 2.755421 | lr 2.1608e-04 | norm: 0.4916 | dt: 1661.29ms | img/sec: 2465.55
step 101974 | loss: 2.772994 | lr 2.1594e-04 | norm: 0.5297 | dt: 1766.44ms | img/sec: 2318.79
step 101975 | loss: 2.817406 | lr 2.1581e-04 | norm: 0.5000 | dt: 1702.09ms | img/sec: 2406.46
step 101976 | loss: 2.804546 | lr 2.1567e-04 | norm: 0.5051 | dt: 1702.34ms | img/sec: 2406.10
step 101977 | loss: 2.736799 | lr 2.1553e-04 | norm: 0.5017 | dt: 1853.24ms | img/sec: 2210.19
step 101978 | loss: 2.755283 | lr 2.1540e-04 | norm: 0.4877 | dt: 1818.33ms | img/sec: 2252.61
step 101979 | loss: 2.804070 | lr 2.1526e-04 | norm: 0.5151 | dt: 1662.92ms | img/sec: 2463.13
step 101980 | loss: 2.802308 | lr 2.1512e-04 | norm: 0.4791 | dt: 1699.00ms | img/sec: 2410.83
step 101981 | loss: 2.704068 | lr 2.1499e-04 | norm: 0.5026 | dt: 1664.79ms | img/sec: 2460.37
step 101982 | loss: 2.737853 | lr 2.1485e-04 | norm: 0.5079 | dt: 1670.29ms | img/sec: 2452.27
step 101983 | loss: 2.788701 | lr 2.1471e-04 | norm: 0.5120 | dt: 1688.74ms | img/sec: 2425.47
step 101984 | loss: 2.741173 | lr 2.1458e-04 | norm: 0.4996 | dt: 1722.02ms | img/sec: 2378.60
step 101985 | loss: 2.735324 | lr 2.1444e-04 | norm: 0.5123 | dt: 1665.28ms | img/sec: 2459.65
step 101986 | loss: 2.771698 | lr 2.1430e-04 | norm: 0.5189 | dt: 1661.85ms | img/sec: 2464.72
step 101987 | loss: 2.785060 | lr 2.1417e-04 | norm: 0.5152 | dt: 1658.57ms | img/sec: 2469.60
step 101988 | loss: 2.799142 | lr 2.1403e-04 | norm: 0.5079 | dt: 1700.82ms | img/sec: 2408.25
step 101989 | loss: 2.829558 | lr 2.1389e-04 | norm: 0.5285 | dt: 1674.49ms | img/sec: 2446.12
step 101990 | loss: 2.738591 | lr 2.1376e-04 | norm: 0.5055 | dt: 1657.17ms | img/sec: 2471.68
step 101991 | loss: 2.777460 | lr 2.1362e-04 | norm: 0.5063 | dt: 1665.09ms | img/sec: 2459.93
step 101992 | loss: 2.801790 | lr 2.1348e-04 | norm: 0.5179 | dt: 1661.33ms | img/sec: 2465.49
step 101993 | loss: 2.785690 | lr 2.1334e-04 | norm: 0.5002 | dt: 1704.09ms | img/sec: 2403.63
step 101994 | loss: 2.798629 | lr 2.1321e-04 | norm: 0.5257 | dt: 1661.61ms | img/sec: 2465.08
step 101995 | loss: 2.757012 | lr 2.1307e-04 | norm: 0.5193 | dt: 1666.60ms | img/sec: 2457.71
step 101996 | loss: 2.766487 | lr 2.1293e-04 | norm: 0.5005 | dt: 1655.16ms | img/sec: 2474.68
step 101997 | loss: 2.717762 | lr 2.1280e-04 | norm: 0.4907 | dt: 1682.27ms | img/sec: 2434.80
step 101998 | loss: 2.734510 | lr 2.1266e-04 | norm: 0.5055 | dt: 1661.39ms | img/sec: 2465.40
step 101999 | loss: 2.816037 | lr 2.1252e-04 | norm: 0.5014 | dt: 1710.75ms | img/sec: 2394.27
step 102000 | val_loss 1.6264 | val_acc 62.45%
step 102000 | loss: 2.801913 | lr 2.1239e-04 | norm: 0.5067 | dt: 4252.25ms | img/sec: 963.25
--- Saved checkpoint at step 102000 ---
step 102001 | loss: 2.767862 | lr 2.1225e-04 | norm: 0.4958 | dt: 1787.53ms | img/sec: 2291.43
step 102002 | loss: 2.720206 | lr 2.1212e-04 | norm: 0.4880 | dt: 1678.76ms | img/sec: 2439.90
step 102003 | loss: 2.765346 | lr 2.1198e-04 | norm: 0.5083 | dt: 1656.98ms | img/sec: 2471.97
step 102004 | loss: 2.774880 | lr 2.1184e-04 | norm: 0.5266 | dt: 1664.30ms | img/sec: 2461.10
step 102005 | loss: 2.838031 | lr 2.1171e-04 | norm: 0.5440 | dt: 1711.13ms | img/sec: 2393.74
step 102006 | loss: 2.678762 | lr 2.1157e-04 | norm: 0.5001 | dt: 1668.76ms | img/sec: 2454.52
step 102007 | loss: 2.739701 | lr 2.1143e-04 | norm: 0.5045 | dt: 1663.68ms | img/sec: 2462.02
step 102008 | loss: 2.808714 | lr 2.1130e-04 | norm: 0.5147 | dt: 1679.34ms | img/sec: 2439.05
step 102009 | loss: 2.710554 | lr 2.1116e-04 | norm: 0.4831 | dt: 1663.93ms | img/sec: 2461.65
step 102010 | loss: 2.733400 | lr 2.1102e-04 | norm: 0.4914 | dt: 1663.32ms | img/sec: 2462.55
step 102011 | loss: 2.743866 | lr 2.1089e-04 | norm: 0.5341 | dt: 1715.53ms | img/sec: 2387.61
step 102012 | loss: 2.723715 | lr 2.1075e-04 | norm: 0.4927 | dt: 1704.02ms | img/sec: 2403.73
step 102013 | loss: 2.848500 | lr 2.1061e-04 | norm: 0.5103 | dt: 1665.45ms | img/sec: 2459.39
step 102014 | loss: 2.766362 | lr 2.1048e-04 | norm: 0.4949 | dt: 1658.56ms | img/sec: 2469.61
step 102015 | loss: 2.800166 | lr 2.1034e-04 | norm: 0.5006 | dt: 1664.11ms | img/sec: 2461.37
step 102016 | loss: 2.726428 | lr 2.1020e-04 | norm: 0.5123 | dt: 1669.58ms | img/sec: 2453.31
step 102017 | loss: 2.766537 | lr 2.1007e-04 | norm: 0.5188 | dt: 1657.84ms | img/sec: 2470.68
step 102018 | loss: 2.749464 | lr 2.0993e-04 | norm: 0.4927 | dt: 1659.84ms | img/sec: 2467.70
step 102019 | loss: 2.722321 | lr 2.0979e-04 | norm: 0.5175 | dt: 1661.45ms | img/sec: 2465.31
step 102020 | loss: 2.746802 | lr 2.0966e-04 | norm: 0.4944 | dt: 1671.77ms | img/sec: 2450.10
step 102021 | loss: 2.733957 | lr 2.0952e-04 | norm: 0.4877 | dt: 6068.36ms | img/sec: 674.98
step 102022 | loss: 2.800035 | lr 2.0939e-04 | norm: 0.5350 | dt: 1747.79ms | img/sec: 2343.53
step 102023 | loss: 2.810676 | lr 2.0925e-04 | norm: 0.5298 | dt: 1678.89ms | img/sec: 2439.70
step 102024 | loss: 2.804305 | lr 2.0911e-04 | norm: 0.5073 | dt: 1662.27ms | img/sec: 2464.10
step 102025 | loss: 2.715894 | lr 2.0898e-04 | norm: 0.5144 | dt: 1659.18ms | img/sec: 2468.69
step 102026 | loss: 2.714107 | lr 2.0884e-04 | norm: 0.5131 | dt: 1663.37ms | img/sec: 2462.48
step 102027 | loss: 2.780540 | lr 2.0870e-04 | norm: 0.5356 | dt: 1667.98ms | img/sec: 2455.67
step 102028 | loss: 2.790778 | lr 2.0857e-04 | norm: 0.5251 | dt: 1674.85ms | img/sec: 2445.60
step 102029 | loss: 2.722036 | lr 2.0843e-04 | norm: 0.5108 | dt: 1659.36ms | img/sec: 2468.41
step 102030 | loss: 2.649579 | lr 2.0830e-04 | norm: 0.5040 | dt: 1656.75ms | img/sec: 2472.31
step 102031 | loss: 2.784074 | lr 2.0816e-04 | norm: 0.5131 | dt: 1683.02ms | img/sec: 2433.73
step 102032 | loss: 2.749023 | lr 2.0802e-04 | norm: 0.5280 | dt: 1665.89ms | img/sec: 2458.74
step 102033 | loss: 2.684942 | lr 2.0789e-04 | norm: 0.5006 | dt: 1660.73ms | img/sec: 2466.38
step 102034 | loss: 2.729433 | lr 2.0775e-04 | norm: 0.5146 | dt: 1708.02ms | img/sec: 2398.10
step 102035 | loss: 2.783700 | lr 2.0761e-04 | norm: 0.5139 | dt: 1649.29ms | img/sec: 2483.50
step 102036 | loss: 2.754363 | lr 2.0748e-04 | norm: 0.5329 | dt: 1660.64ms | img/sec: 2466.53
step 102037 | loss: 2.719593 | lr 2.0734e-04 | norm: 0.5252 | dt: 1662.73ms | img/sec: 2463.42
step 102038 | loss: 2.762084 | lr 2.0721e-04 | norm: 0.5081 | dt: 1657.17ms | img/sec: 2471.68
step 102039 | loss: 2.681251 | lr 2.0707e-04 | norm: 0.5003 | dt: 1735.96ms | img/sec: 2359.50
step 102040 | loss: 2.759388 | lr 2.0693e-04 | norm: 0.5198 | dt: 1667.41ms | img/sec: 2456.50
step 102041 | loss: 2.754882 | lr 2.0680e-04 | norm: 0.5039 | dt: 1651.82ms | img/sec: 2479.69
step 102042 | loss: 2.729390 | lr 2.0666e-04 | norm: 0.4891 | dt: 1659.42ms | img/sec: 2468.33
step 102043 | loss: 2.786596 | lr 2.0653e-04 | norm: 0.5055 | dt: 1657.21ms | img/sec: 2471.62
step 102044 | loss: 2.724869 | lr 2.0639e-04 | norm: 0.5175 | dt: 1663.78ms | img/sec: 2461.87
step 102045 | loss: 2.824883 | lr 2.0625e-04 | norm: 0.5423 | dt: 1662.64ms | img/sec: 2463.56
step 102046 | loss: 2.776601 | lr 2.0612e-04 | norm: 0.5129 | dt: 1663.12ms | img/sec: 2462.84
step 102047 | loss: 2.815473 | lr 2.0598e-04 | norm: 0.5160 | dt: 1717.64ms | img/sec: 2384.67
step 102048 | loss: 2.751859 | lr 2.0585e-04 | norm: 0.5119 | dt: 1713.08ms | img/sec: 2391.02
step 102049 | loss: 2.733229 | lr 2.0571e-04 | norm: 0.5162 | dt: 1663.55ms | img/sec: 2462.20
step 102050 | loss: 2.772446 | lr 2.0557e-04 | norm: 0.4940 | dt: 1755.23ms | img/sec: 2333.59
step 102051 | loss: 2.684488 | lr 2.0544e-04 | norm: 0.4983 | dt: 1691.98ms | img/sec: 2420.83
step 102052 | loss: 2.765967 | lr 2.0530e-04 | norm: 0.4963 | dt: 1664.02ms | img/sec: 2461.50
step 102053 | loss: 2.737481 | lr 2.0517e-04 | norm: 0.5139 | dt: 1670.65ms | img/sec: 2451.74
step 102054 | loss: 2.791522 | lr 2.0503e-04 | norm: 0.5018 | dt: 1694.63ms | img/sec: 2417.05
step 102055 | loss: 2.734553 | lr 2.0489e-04 | norm: 0.4776 | dt: 1657.48ms | img/sec: 2471.22
step 102056 | loss: 2.758886 | lr 2.0476e-04 | norm: 0.5161 | dt: 1667.73ms | img/sec: 2456.03
step 102057 | loss: 2.724486 | lr 2.0462e-04 | norm: 0.5050 | dt: 1658.38ms | img/sec: 2469.88
step 102058 | loss: 2.732114 | lr 2.0449e-04 | norm: 0.5181 | dt: 1681.29ms | img/sec: 2436.23
step 102059 | loss: 2.778586 | lr 2.0435e-04 | norm: 0.5180 | dt: 1717.82ms | img/sec: 2384.41
step 102060 | loss: 2.730945 | lr 2.0422e-04 | norm: 0.5052 | dt: 1739.68ms | img/sec: 2354.46
step 102061 | loss: 2.728933 | lr 2.0408e-04 | norm: 0.5262 | dt: 1670.01ms | img/sec: 2452.68
step 102062 | loss: 2.797073 | lr 2.0394e-04 | norm: 0.5581 | dt: 1655.70ms | img/sec: 2473.88
step 102063 | loss: 2.660338 | lr 2.0381e-04 | norm: 0.5289 | dt: 1728.23ms | img/sec: 2370.06
step 102064 | loss: 2.719224 | lr 2.0367e-04 | norm: 0.5102 | dt: 1710.91ms | img/sec: 2394.04
step 102065 | loss: 2.763627 | lr 2.0354e-04 | norm: 0.5621 | dt: 1718.90ms | img/sec: 2382.92
step 102066 | loss: 2.739275 | lr 2.0340e-04 | norm: 0.5178 | dt: 1728.73ms | img/sec: 2369.37
step 102067 | loss: 2.737832 | lr 2.0326e-04 | norm: 0.5088 | dt: 1724.05ms | img/sec: 2375.80
step 102068 | loss: 2.785809 | lr 2.0313e-04 | norm: 0.5126 | dt: 1672.36ms | img/sec: 2449.24
step 102069 | loss: 2.730515 | lr 2.0299e-04 | norm: 0.4890 | dt: 1737.47ms | img/sec: 2357.45
step 102070 | loss: 2.743242 | lr 2.0286e-04 | norm: 0.5065 | dt: 1765.35ms | img/sec: 2320.21
step 102071 | loss: 2.717050 | lr 2.0272e-04 | norm: 0.5369 | dt: 1661.62ms | img/sec: 2465.07
step 102072 | loss: 2.815132 | lr 2.0259e-04 | norm: 0.5247 | dt: 1700.82ms | img/sec: 2408.25
step 102073 | loss: 2.772335 | lr 2.0245e-04 | norm: 0.4973 | dt: 1662.26ms | img/sec: 2464.11
step 102074 | loss: 2.675622 | lr 2.0232e-04 | norm: 0.5020 | dt: 1810.82ms | img/sec: 2261.96
step 102075 | loss: 2.807597 | lr 2.0218e-04 | norm: 0.5297 | dt: 1662.67ms | img/sec: 2463.51
step 102076 | loss: 2.737737 | lr 2.0204e-04 | norm: 0.4937 | dt: 1660.99ms | img/sec: 2466.00
step 102077 | loss: 2.774945 | lr 2.0191e-04 | norm: 0.5074 | dt: 1754.76ms | img/sec: 2334.22
step 102078 | loss: 2.726876 | lr 2.0177e-04 | norm: 0.4944 | dt: 1722.34ms | img/sec: 2378.17
step 102079 | loss: 2.761431 | lr 2.0164e-04 | norm: 0.5136 | dt: 1716.12ms | img/sec: 2386.78
step 102080 | loss: 2.711437 | lr 2.0150e-04 | norm: 0.4993 | dt: 1714.85ms | img/sec: 2388.55
step 102081 | loss: 2.777286 | lr 2.0137e-04 | norm: 0.5035 | dt: 1660.82ms | img/sec: 2466.26
step 102082 | loss: 2.789954 | lr 2.0123e-04 | norm: 0.5150 | dt: 1657.13ms | img/sec: 2471.74
step 102083 | loss: 2.754875 | lr 2.0110e-04 | norm: 0.4985 | dt: 1700.15ms | img/sec: 2409.20
step 102084 | loss: 2.739945 | lr 2.0096e-04 | norm: 0.5140 | dt: 1655.64ms | img/sec: 2473.97
step 102085 | loss: 2.789367 | lr 2.0083e-04 | norm: 0.5111 | dt: 1663.37ms | img/sec: 2462.47
step 102086 | loss: 2.772196 | lr 2.0069e-04 | norm: 0.5124 | dt: 1718.51ms | img/sec: 2383.46
step 102087 | loss: 2.739217 | lr 2.0055e-04 | norm: 0.5414 | dt: 1762.48ms | img/sec: 2324.00
step 102088 | loss: 2.748884 | lr 2.0042e-04 | norm: 0.5194 | dt: 1659.61ms | img/sec: 2468.05
step 102089 | loss: 2.762268 | lr 2.0028e-04 | norm: 0.4878 | dt: 1654.16ms | img/sec: 2476.19
step 102090 | loss: 2.736695 | lr 2.0015e-04 | norm: 0.5068 | dt: 1676.48ms | img/sec: 2443.22
step 102091 | loss: 2.708922 | lr 2.0001e-04 | norm: 0.5297 | dt: 1657.86ms | img/sec: 2470.65
step 102092 | loss: 2.701301 | lr 1.9988e-04 | norm: 0.5009 | dt: 1692.72ms | img/sec: 2419.77
step 102093 | loss: 2.782790 | lr 1.9974e-04 | norm: 0.5003 | dt: 1731.14ms | img/sec: 2366.07
step 102094 | loss: 2.762100 | lr 1.9961e-04 | norm: 0.5056 | dt: 1657.83ms | img/sec: 2470.71
step 102095 | loss: 2.722103 | lr 1.9947e-04 | norm: 0.5104 | dt: 1659.31ms | img/sec: 2468.50
step 102096 | loss: 2.708531 | lr 1.9934e-04 | norm: 0.4953 | dt: 1659.85ms | img/sec: 2467.70
step 102097 | loss: 2.742115 | lr 1.9920e-04 | norm: 0.4931 | dt: 1666.88ms | img/sec: 2457.28
step 102098 | loss: 2.695307 | lr 1.9907e-04 | norm: 0.5128 | dt: 1662.79ms | img/sec: 2463.32
step 102099 | loss: 2.722793 | lr 1.9893e-04 | norm: 0.5148 | dt: 1707.95ms | img/sec: 2398.19
step 102100 | loss: 2.735260 | lr 1.9880e-04 | norm: 0.4949 | dt: 1718.38ms | img/sec: 2383.65
step 102101 | loss: 2.722945 | lr 1.9866e-04 | norm: 0.4831 | dt: 1693.41ms | img/sec: 2418.79
step 102102 | loss: 2.676703 | lr 1.9853e-04 | norm: 0.5150 | dt: 1654.00ms | img/sec: 2476.42
step 102103 | loss: 2.668655 | lr 1.9839e-04 | norm: 0.4922 | dt: 1711.68ms | img/sec: 2392.97
step 102104 | loss: 2.713852 | lr 1.9826e-04 | norm: 0.5228 | dt: 1712.16ms | img/sec: 2392.30
step 102105 | loss: 2.736643 | lr 1.9812e-04 | norm: 0.4933 | dt: 1661.85ms | img/sec: 2464.72
step 102106 | loss: 2.748164 | lr 1.9799e-04 | norm: 0.5090 | dt: 1707.22ms | img/sec: 2399.22
step 102107 | loss: 2.734003 | lr 1.9785e-04 | norm: 0.4932 | dt: 1658.54ms | img/sec: 2469.65
step 102108 | loss: 2.745327 | lr 1.9772e-04 | norm: 0.5171 | dt: 1655.72ms | img/sec: 2473.84
step 102109 | loss: 2.800546 | lr 1.9758e-04 | norm: 0.5181 | dt: 1655.71ms | img/sec: 2473.86
step 102110 | loss: 2.749988 | lr 1.9745e-04 | norm: 0.5072 | dt: 1669.69ms | img/sec: 2453.15
step 102111 | loss: 2.810003 | lr 1.9731e-04 | norm: 0.5210 | dt: 1656.72ms | img/sec: 2472.36
step 102112 | loss: 2.762250 | lr 1.9718e-04 | norm: 0.5245 | dt: 1664.80ms | img/sec: 2460.36
step 102113 | loss: 2.736265 | lr 1.9704e-04 | norm: 0.5197 | dt: 1667.47ms | img/sec: 2456.42
step 102114 | loss: 2.666595 | lr 1.9691e-04 | norm: 0.5158 | dt: 1729.71ms | img/sec: 2368.02
step 102115 | loss: 2.767365 | lr 1.9677e-04 | norm: 0.5231 | dt: 1657.56ms | img/sec: 2471.11
step 102116 | loss: 2.759581 | lr 1.9664e-04 | norm: 0.5184 | dt: 1664.71ms | img/sec: 2460.50
step 102117 | loss: 2.762654 | lr 1.9650e-04 | norm: 0.5137 | dt: 1820.90ms | img/sec: 2249.44
step 102118 | loss: 2.719585 | lr 1.9637e-04 | norm: 0.5063 | dt: 1690.04ms | img/sec: 2423.61
step 102119 | loss: 2.703496 | lr 1.9623e-04 | norm: 0.5243 | dt: 1754.87ms | img/sec: 2334.08
step 102120 | loss: 2.691860 | lr 1.9610e-04 | norm: 0.4905 | dt: 1666.26ms | img/sec: 2458.20
step 102121 | loss: 2.716138 | lr 1.9596e-04 | norm: 0.4927 | dt: 1653.42ms | img/sec: 2477.30
step 102122 | loss: 2.748795 | lr 1.9583e-04 | norm: 0.4980 | dt: 1709.18ms | img/sec: 2396.48
step 102123 | loss: 2.744292 | lr 1.9569e-04 | norm: 0.5062 | dt: 1669.06ms | img/sec: 2454.07
step 102124 | loss: 2.700790 | lr 1.9556e-04 | norm: 0.5304 | dt: 1705.73ms | img/sec: 2401.32
step 102125 | loss: 2.696792 | lr 1.9542e-04 | norm: 0.5541 | dt: 1713.15ms | img/sec: 2390.92
step 102126 | loss: 2.801394 | lr 1.9529e-04 | norm: 0.5353 | dt: 1725.32ms | img/sec: 2374.06
step 102127 | loss: 2.764379 | lr 1.9515e-04 | norm: 0.4978 | dt: 1658.18ms | img/sec: 2470.17
step 102128 | loss: 2.764766 | lr 1.9502e-04 | norm: 0.5036 | dt: 1704.72ms | img/sec: 2402.74
step 102129 | loss: 2.743204 | lr 1.9488e-04 | norm: 0.5090 | dt: 1704.59ms | img/sec: 2402.93
step 102130 | loss: 2.754126 | lr 1.9475e-04 | norm: 0.5416 | dt: 1703.49ms | img/sec: 2404.47
step 102131 | loss: 2.686608 | lr 1.9461e-04 | norm: 0.4970 | dt: 1657.34ms | img/sec: 2471.43
step 102132 | loss: 2.712060 | lr 1.9448e-04 | norm: 0.5233 | dt: 1714.89ms | img/sec: 2388.49
step 102133 | loss: 2.775885 | lr 1.9435e-04 | norm: 0.5181 | dt: 1657.38ms | img/sec: 2471.38
step 102134 | loss: 2.654011 | lr 1.9421e-04 | norm: 0.4997 | dt: 1681.94ms | img/sec: 2435.28
step 102135 | loss: 2.736777 | lr 1.9408e-04 | norm: 0.4971 | dt: 1723.78ms | img/sec: 2376.18
step 102136 | loss: 2.746088 | lr 1.9394e-04 | norm: 0.5042 | dt: 1665.31ms | img/sec: 2459.61
step 102137 | loss: 2.824545 | lr 1.9381e-04 | norm: 0.5128 | dt: 1681.65ms | img/sec: 2435.71
step 102138 | loss: 2.770393 | lr 1.9367e-04 | norm: 0.5067 | dt: 1694.33ms | img/sec: 2417.48
step 102139 | loss: 2.716431 | lr 1.9354e-04 | norm: 0.5035 | dt: 1665.48ms | img/sec: 2459.35
step 102140 | loss: 2.709011 | lr 1.9340e-04 | norm: 0.5157 | dt: 1712.56ms | img/sec: 2391.75
step 102141 | loss: 2.756917 | lr 1.9327e-04 | norm: 0.5051 | dt: 1717.41ms | img/sec: 2384.99
step 102142 | loss: 2.736113 | lr 1.9313e-04 | norm: 0.4986 | dt: 1653.55ms | img/sec: 2477.09
step 102143 | loss: 2.775623 | lr 1.9300e-04 | norm: 0.5199 | dt: 1689.89ms | img/sec: 2423.82
step 102144 | loss: 2.707822 | lr 1.9287e-04 | norm: 0.5027 | dt: 1662.74ms | img/sec: 2463.41
step 102145 | loss: 2.801478 | lr 1.9273e-04 | norm: 0.5214 | dt: 1660.55ms | img/sec: 2466.66
step 102146 | loss: 2.840675 | lr 1.9260e-04 | norm: 0.5245 | dt: 1693.65ms | img/sec: 2418.44
step 102147 | loss: 2.715201 | lr 1.9246e-04 | norm: 0.5081 | dt: 1666.00ms | img/sec: 2458.59
step 102148 | loss: 2.725024 | lr 1.9233e-04 | norm: 0.5031 | dt: 1659.98ms | img/sec: 2467.50
step 102149 | loss: 2.709636 | lr 1.9219e-04 | norm: 0.5128 | dt: 1653.05ms | img/sec: 2477.85
step 102150 | loss: 2.650527 | lr 1.9206e-04 | norm: 0.5127 | dt: 1664.65ms | img/sec: 2460.58
step 102151 | loss: 2.703737 | lr 1.9193e-04 | norm: 0.5105 | dt: 1655.33ms | img/sec: 2474.43
step 102152 | loss: 2.705516 | lr 1.9179e-04 | norm: 0.5000 | dt: 1713.36ms | img/sec: 2390.62
step 102153 | loss: 2.770094 | lr 1.9166e-04 | norm: 0.5306 | dt: 1662.55ms | img/sec: 2463.69
step 102154 | loss: 2.741413 | lr 1.9152e-04 | norm: 0.4929 | dt: 1654.37ms | img/sec: 2475.86
step 102155 | loss: 2.724628 | lr 1.9139e-04 | norm: 0.5149 | dt: 1703.99ms | img/sec: 2403.78
step 102156 | loss: 2.751823 | lr 1.9126e-04 | norm: 0.5222 | dt: 1670.98ms | img/sec: 2451.26
step 102157 | loss: 2.779408 | lr 1.9112e-04 | norm: 0.5015 | dt: 1763.73ms | img/sec: 2322.35
step 102158 | loss: 2.708276 | lr 1.9099e-04 | norm: 0.5007 | dt: 1722.64ms | img/sec: 2377.74
step 102159 | loss: 2.770640 | lr 1.9085e-04 | norm: 0.4904 | dt: 1714.70ms | img/sec: 2388.75
step 102160 | loss: 2.695979 | lr 1.9072e-04 | norm: 0.4994 | dt: 1662.16ms | img/sec: 2464.27
step 102161 | loss: 2.666830 | lr 1.9058e-04 | norm: 0.4955 | dt: 1657.86ms | img/sec: 2470.66
step 102162 | loss: 2.725121 | lr 1.9045e-04 | norm: 0.5070 | dt: 1700.87ms | img/sec: 2408.17
step 102163 | loss: 2.716346 | lr 1.9032e-04 | norm: 0.4986 | dt: 1680.63ms | img/sec: 2437.18
step 102164 | loss: 2.715212 | lr 1.9018e-04 | norm: 0.5064 | dt: 1671.64ms | img/sec: 2450.29
step 102165 | loss: 2.789640 | lr 1.9005e-04 | norm: 0.5027 | dt: 1711.31ms | img/sec: 2393.49
step 102166 | loss: 2.756027 | lr 1.8991e-04 | norm: 0.5203 | dt: 1684.49ms | img/sec: 2431.60
step 102167 | loss: 2.760236 | lr 1.8978e-04 | norm: 0.5055 | dt: 1727.33ms | img/sec: 2371.30
step 102168 | loss: 2.784773 | lr 1.8965e-04 | norm: 0.4898 | dt: 1702.04ms | img/sec: 2406.52
step 102169 | loss: 2.756223 | lr 1.8951e-04 | norm: 0.4932 | dt: 1657.37ms | img/sec: 2471.39
step 102170 | loss: 2.711667 | lr 1.8938e-04 | norm: 0.4909 | dt: 1676.91ms | img/sec: 2442.59
step 102171 | loss: 2.645154 | lr 1.8925e-04 | norm: 0.4836 | dt: 1656.71ms | img/sec: 2472.37
step 102172 | loss: 2.727667 | lr 1.8911e-04 | norm: 0.4786 | dt: 1653.72ms | img/sec: 2476.84
step 102173 | loss: 2.714808 | lr 1.8898e-04 | norm: 0.5048 | dt: 1656.12ms | img/sec: 2473.26
step 102174 | loss: 2.765913 | lr 1.8884e-04 | norm: 0.4854 | dt: 1658.46ms | img/sec: 2469.75
step 102175 | loss: 2.796493 | lr 1.8871e-04 | norm: 0.5128 | dt: 1730.13ms | img/sec: 2367.45
step 102176 | loss: 2.728526 | lr 1.8858e-04 | norm: 0.5101 | dt: 1658.88ms | img/sec: 2469.13
step 102177 | loss: 2.780766 | lr 1.8844e-04 | norm: 0.5276 | dt: 1665.84ms | img/sec: 2458.82
step 102178 | loss: 2.771986 | lr 1.8831e-04 | norm: 0.5326 | dt: 1713.53ms | img/sec: 2390.39
step 102179 | loss: 2.776165 | lr 1.8817e-04 | norm: 0.5114 | dt: 1683.37ms | img/sec: 2433.22
step 102180 | loss: 2.742205 | lr 1.8804e-04 | norm: 0.5099 | dt: 1813.06ms | img/sec: 2259.16
step 102181 | loss: 2.715483 | lr 1.8791e-04 | norm: 0.5147 | dt: 1650.91ms | img/sec: 2481.06
step 102182 | loss: 2.707177 | lr 1.8777e-04 | norm: 0.5034 | dt: 1684.72ms | img/sec: 2431.27
step 102183 | loss: 2.726466 | lr 1.8764e-04 | norm: 0.4978 | dt: 1652.27ms | img/sec: 2479.01
step 102184 | loss: 2.747110 | lr 1.8751e-04 | norm: 0.5069 | dt: 1719.19ms | img/sec: 2382.52
step 102185 | loss: 2.814676 | lr 1.8737e-04 | norm: 0.5147 | dt: 1656.21ms | img/sec: 2473.12
step 102186 | loss: 2.756145 | lr 1.8724e-04 | norm: 0.4964 | dt: 1673.16ms | img/sec: 2448.06
step 102187 | loss: 2.748226 | lr 1.8711e-04 | norm: 0.5166 | dt: 1665.21ms | img/sec: 2459.75
step 102188 | loss: 2.724161 | lr 1.8697e-04 | norm: 0.5041 | dt: 1653.10ms | img/sec: 2477.76
step 102189 | loss: 2.729527 | lr 1.8684e-04 | norm: 0.5139 | dt: 1653.82ms | img/sec: 2476.69
step 102190 | loss: 2.763644 | lr 1.8671e-04 | norm: 0.5135 | dt: 1704.58ms | img/sec: 2402.93
step 102191 | loss: 2.734629 | lr 1.8657e-04 | norm: 0.5067 | dt: 1659.43ms | img/sec: 2468.32
step 102192 | loss: 2.777635 | lr 1.8644e-04 | norm: 0.5072 | dt: 1656.83ms | img/sec: 2472.20
step 102193 | loss: 2.804445 | lr 1.8631e-04 | norm: 0.5392 | dt: 1661.77ms | img/sec: 2464.84
step 102194 | loss: 2.719920 | lr 1.8617e-04 | norm: 0.5066 | dt: 1657.45ms | img/sec: 2471.26
step 102195 | loss: 2.796084 | lr 1.8604e-04 | norm: 0.5158 | dt: 1650.87ms | img/sec: 2481.12
step 102196 | loss: 2.672189 | lr 1.8591e-04 | norm: 0.4937 | dt: 1691.91ms | img/sec: 2420.94
step 102197 | loss: 2.743381 | lr 1.8577e-04 | norm: 0.5093 | dt: 1678.71ms | img/sec: 2439.96
step 102198 | loss: 2.714602 | lr 1.8564e-04 | norm: 0.5107 | dt: 1659.05ms | img/sec: 2468.88
step 102199 | loss: 2.688841 | lr 1.8551e-04 | norm: 0.4850 | dt: 1660.83ms | img/sec: 2466.24
step 102200 | loss: 2.754268 | lr 1.8537e-04 | norm: 0.4952 | dt: 1665.89ms | img/sec: 2458.74
step 102201 | loss: 2.711052 | lr 1.8524e-04 | norm: 0.4877 | dt: 1658.62ms | img/sec: 2469.52
step 102202 | loss: 2.728981 | lr 1.8511e-04 | norm: 0.5149 | dt: 1743.03ms | img/sec: 2349.93
step 102203 | loss: 2.707409 | lr 1.8497e-04 | norm: 0.5222 | dt: 1661.87ms | img/sec: 2464.69
step 102204 | loss: 2.688961 | lr 1.8484e-04 | norm: 0.4901 | dt: 1742.70ms | img/sec: 2350.38
step 102205 | loss: 2.720006 | lr 1.8471e-04 | norm: 0.5531 | dt: 1666.29ms | img/sec: 2458.16
step 102206 | loss: 2.731332 | lr 1.8457e-04 | norm: 0.5183 | dt: 1701.19ms | img/sec: 2407.73
step 102207 | loss: 2.744765 | lr 1.8444e-04 | norm: 0.5291 | dt: 1659.54ms | img/sec: 2468.16
step 102208 | loss: 2.723358 | lr 1.8431e-04 | norm: 0.5086 | dt: 1651.66ms | img/sec: 2479.93
step 102209 | loss: 2.751236 | lr 1.8417e-04 | norm: 0.5271 | dt: 1657.67ms | img/sec: 2470.94
step 102210 | loss: 2.796745 | lr 1.8404e-04 | norm: 0.5294 | dt: 1654.93ms | img/sec: 2475.04
step 102211 | loss: 2.702721 | lr 1.8391e-04 | norm: 0.5384 | dt: 1676.74ms | img/sec: 2442.83
step 102212 | loss: 2.825157 | lr 1.8377e-04 | norm: 0.5009 | dt: 1715.98ms | img/sec: 2386.97
step 102213 | loss: 2.734349 | lr 1.8364e-04 | norm: 0.5075 | dt: 1651.15ms | img/sec: 2480.69
step 102214 | loss: 2.749800 | lr 1.8351e-04 | norm: 0.5074 | dt: 1732.50ms | img/sec: 2364.21
step 102215 | loss: 2.728600 | lr 1.8338e-04 | norm: 0.5249 | dt: 1653.12ms | img/sec: 2477.74
step 102216 | loss: 2.697575 | lr 1.8324e-04 | norm: 0.5296 | dt: 1664.56ms | img/sec: 2460.71
step 102217 | loss: 2.715861 | lr 1.8311e-04 | norm: 0.5498 | dt: 1662.84ms | img/sec: 2463.26
step 102218 | loss: 2.799128 | lr 1.8298e-04 | norm: 0.5096 | dt: 1657.56ms | img/sec: 2471.10
step 102219 | loss: 2.772612 | lr 1.8284e-04 | norm: 0.4990 | dt: 1683.41ms | img/sec: 2433.15
step 102220 | loss: 2.713648 | lr 1.8271e-04 | norm: 0.5335 | dt: 1714.23ms | img/sec: 2389.40
step 102221 | loss: 2.711031 | lr 1.8258e-04 | norm: 0.5270 | dt: 1653.42ms | img/sec: 2477.28
step 102222 | loss: 2.768878 | lr 1.8245e-04 | norm: 0.5202 | dt: 1698.77ms | img/sec: 2411.16
step 102223 | loss: 2.728559 | lr 1.8231e-04 | norm: 0.5164 | dt: 1797.64ms | img/sec: 2278.54
step 102224 | loss: 2.776455 | lr 1.8218e-04 | norm: 0.5214 | dt: 1731.06ms | img/sec: 2366.18
step 102225 | loss: 2.729054 | lr 1.8205e-04 | norm: 0.5178 | dt: 1655.29ms | img/sec: 2474.49
step 102226 | loss: 2.778479 | lr 1.8191e-04 | norm: 0.5236 | dt: 1656.67ms | img/sec: 2472.43
step 102227 | loss: 2.674097 | lr 1.8178e-04 | norm: 0.5044 | dt: 1688.95ms | img/sec: 2425.18
step 102228 | loss: 2.742130 | lr 1.8165e-04 | norm: 0.5127 | dt: 1708.90ms | img/sec: 2396.86
step 102229 | loss: 2.770727 | lr 1.8152e-04 | norm: 0.5214 | dt: 1693.17ms | img/sec: 2419.14
step 102230 | loss: 2.744535 | lr 1.8138e-04 | norm: 0.5157 | dt: 1705.38ms | img/sec: 2401.82
step 102231 | loss: 2.684735 | lr 1.8125e-04 | norm: 0.5073 | dt: 1691.95ms | img/sec: 2420.88
step 102232 | loss: 2.738237 | lr 1.8112e-04 | norm: 0.5083 | dt: 1705.56ms | img/sec: 2401.56
step 102233 | loss: 2.680819 | lr 1.8099e-04 | norm: 0.5184 | dt: 1660.45ms | img/sec: 2466.79
step 102234 | loss: 2.765390 | lr 1.8085e-04 | norm: 0.5226 | dt: 1768.76ms | img/sec: 2315.74
step 102235 | loss: 2.730103 | lr 1.8072e-04 | norm: 0.5069 | dt: 1682.14ms | img/sec: 2434.99
step 102236 | loss: 2.724096 | lr 1.8059e-04 | norm: 0.5038 | dt: 1752.09ms | img/sec: 2337.78
step 102237 | loss: 2.764961 | lr 1.8046e-04 | norm: 0.5120 | dt: 1693.92ms | img/sec: 2418.06
step 102238 | loss: 2.683421 | lr 1.8032e-04 | norm: 0.5234 | dt: 1693.76ms | img/sec: 2418.28
step 102239 | loss: 2.749699 | lr 1.8019e-04 | norm: 0.5118 | dt: 1699.31ms | img/sec: 2410.40
step 102240 | loss: 2.759578 | lr 1.8006e-04 | norm: 0.5073 | dt: 1719.93ms | img/sec: 2381.49
step 102241 | loss: 2.727809 | lr 1.7993e-04 | norm: 0.4923 | dt: 1673.16ms | img/sec: 2448.06
step 102242 | loss: 2.703640 | lr 1.7979e-04 | norm: 0.5038 | dt: 1666.70ms | img/sec: 2457.55
step 102243 | loss: 2.760176 | lr 1.7966e-04 | norm: 0.4954 | dt: 1658.13ms | img/sec: 2470.25
step 102244 | loss: 2.740606 | lr 1.7953e-04 | norm: 0.5205 | dt: 1708.43ms | img/sec: 2397.52
step 102245 | loss: 2.746873 | lr 1.7940e-04 | norm: 0.5030 | dt: 1696.85ms | img/sec: 2413.89
step 102246 | loss: 2.752610 | lr 1.7926e-04 | norm: 0.5126 | dt: 1702.90ms | img/sec: 2405.31
step 102247 | loss: 2.738280 | lr 1.7913e-04 | norm: 0.4898 | dt: 1663.64ms | img/sec: 2462.06
step 102248 | loss: 2.752623 | lr 1.7900e-04 | norm: 0.5114 | dt: 1711.25ms | img/sec: 2393.57
step 102249 | loss: 2.710998 | lr 1.7887e-04 | norm: 0.5014 | dt: 1676.09ms | img/sec: 2443.78
step 102250 | loss: 2.666482 | lr 1.7874e-04 | norm: 0.5262 | dt: 1670.69ms | img/sec: 2451.68
step 102251 | loss: 2.702836 | lr 1.7860e-04 | norm: 0.5033 | dt: 1680.64ms | img/sec: 2437.16
step 102252 | loss: 2.813709 | lr 1.7847e-04 | norm: 0.5520 | dt: 1653.22ms | img/sec: 2477.58
step 102253 | loss: 2.763634 | lr 1.7834e-04 | norm: 0.5083 | dt: 1657.75ms | img/sec: 2470.81
step 102254 | loss: 2.693384 | lr 1.7821e-04 | norm: 0.5032 | dt: 1666.79ms | img/sec: 2457.42
step 102255 | loss: 2.698251 | lr 1.7808e-04 | norm: 0.5107 | dt: 1727.18ms | img/sec: 2371.49
step 102256 | loss: 2.761643 | lr 1.7794e-04 | norm: 0.5083 | dt: 1696.74ms | img/sec: 2414.04
step 102257 | loss: 2.757705 | lr 1.7781e-04 | norm: 0.5142 | dt: 1663.63ms | img/sec: 2462.08
step 102258 | loss: 2.693274 | lr 1.7768e-04 | norm: 0.4972 | dt: 1676.26ms | img/sec: 2443.53
step 102259 | loss: 2.697376 | lr 1.7755e-04 | norm: 0.4928 | dt: 1695.58ms | img/sec: 2415.70
step 102260 | loss: 2.692074 | lr 1.7742e-04 | norm: 0.4804 | dt: 1698.78ms | img/sec: 2411.14
step 102261 | loss: 2.735165 | lr 1.7728e-04 | norm: 0.5069 | dt: 1711.59ms | img/sec: 2393.09
step 102262 | loss: 2.713238 | lr 1.7715e-04 | norm: 0.5432 | dt: 1658.48ms | img/sec: 2469.74
step 102263 | loss: 2.729909 | lr 1.7702e-04 | norm: 0.5023 | dt: 1661.18ms | img/sec: 2465.72
step 102264 | loss: 2.772083 | lr 1.7689e-04 | norm: 0.5203 | dt: 1660.66ms | img/sec: 2466.49
step 102265 | loss: 2.720490 | lr 1.7676e-04 | norm: 0.5041 | dt: 1759.23ms | img/sec: 2328.29
step 102266 | loss: 2.770274 | lr 1.7662e-04 | norm: 0.5374 | dt: 1661.34ms | img/sec: 2465.47
step 102267 | loss: 2.653642 | lr 1.7649e-04 | norm: 0.5161 | dt: 1662.86ms | img/sec: 2463.22
step 102268 | loss: 2.759033 | lr 1.7636e-04 | norm: 0.5146 | dt: 1709.84ms | img/sec: 2395.55
step 102269 | loss: 2.785352 | lr 1.7623e-04 | norm: 0.5270 | dt: 1659.38ms | img/sec: 2468.39
step 102270 | loss: 2.702791 | lr 1.7610e-04 | norm: 0.5164 | dt: 1710.16ms | img/sec: 2395.10
step 102271 | loss: 2.697628 | lr 1.7597e-04 | norm: 0.5072 | dt: 1688.12ms | img/sec: 2426.37
step 102272 | loss: 2.713761 | lr 1.7583e-04 | norm: 0.5128 | dt: 1757.44ms | img/sec: 2330.67
step 102273 | loss: 2.695451 | lr 1.7570e-04 | norm: 0.4877 | dt: 1673.69ms | img/sec: 2447.29
step 102274 | loss: 2.763908 | lr 1.7557e-04 | norm: 0.5187 | dt: 1664.81ms | img/sec: 2460.35
step 102275 | loss: 2.691664 | lr 1.7544e-04 | norm: 0.5233 | dt: 1724.19ms | img/sec: 2375.61
step 102276 | loss: 2.730405 | lr 1.7531e-04 | norm: 0.5214 | dt: 1712.03ms | img/sec: 2392.48
step 102277 | loss: 2.742483 | lr 1.7518e-04 | norm: 0.5318 | dt: 1719.46ms | img/sec: 2382.14
step 102278 | loss: 2.751653 | lr 1.7504e-04 | norm: 0.5133 | dt: 1662.35ms | img/sec: 2463.98
step 102279 | loss: 2.731551 | lr 1.7491e-04 | norm: 0.4933 | dt: 1654.95ms | img/sec: 2474.99
step 102280 | loss: 2.731374 | lr 1.7478e-04 | norm: 0.5126 | dt: 1700.32ms | img/sec: 2408.96
step 102281 | loss: 2.718885 | lr 1.7465e-04 | norm: 0.5014 | dt: 1683.30ms | img/sec: 2433.32
step 102282 | loss: 2.730296 | lr 1.7452e-04 | norm: 0.4875 | dt: 1703.13ms | img/sec: 2404.98
step 102283 | loss: 2.738651 | lr 1.7439e-04 | norm: 0.5045 | dt: 1674.66ms | img/sec: 2445.88
step 102284 | loss: 2.756725 | lr 1.7426e-04 | norm: 0.5086 | dt: 1683.56ms | img/sec: 2432.93
step 102285 | loss: 2.784340 | lr 1.7412e-04 | norm: 0.5008 | dt: 1666.98ms | img/sec: 2457.13
step 102286 | loss: 2.729627 | lr 1.7399e-04 | norm: 0.5006 | dt: 1717.99ms | img/sec: 2384.18
step 102287 | loss: 2.639021 | lr 1.7386e-04 | norm: 0.4844 | dt: 1692.50ms | img/sec: 2420.09
step 102288 | loss: 2.751314 | lr 1.7373e-04 | norm: 0.5023 | dt: 1667.19ms | img/sec: 2456.82
step 102289 | loss: 2.760836 | lr 1.7360e-04 | norm: 0.5127 | dt: 1685.95ms | img/sec: 2429.49
step 102290 | loss: 2.714247 | lr 1.7347e-04 | norm: 0.5051 | dt: 1656.73ms | img/sec: 2472.34
step 102291 | loss: 2.753370 | lr 1.7334e-04 | norm: 0.5008 | dt: 1667.81ms | img/sec: 2455.91
step 102292 | loss: 2.716417 | lr 1.7321e-04 | norm: 0.5138 | dt: 1658.22ms | img/sec: 2470.12
step 102293 | loss: 2.667357 | lr 1.7307e-04 | norm: 0.5195 | dt: 1694.31ms | img/sec: 2417.51
step 102294 | loss: 2.783290 | lr 1.7294e-04 | norm: 0.5188 | dt: 1759.56ms | img/sec: 2327.86
step 102295 | loss: 2.701375 | lr 1.7281e-04 | norm: 0.5010 | dt: 1661.62ms | img/sec: 2465.07
step 102296 | loss: 2.674732 | lr 1.7268e-04 | norm: 0.5308 | dt: 1708.89ms | img/sec: 2396.88
step 102297 | loss: 2.754118 | lr 1.7255e-04 | norm: 0.5186 | dt: 1701.32ms | img/sec: 2407.55
step 102298 | loss: 2.730445 | lr 1.7242e-04 | norm: 0.5091 | dt: 1765.67ms | img/sec: 2319.80
step 102299 | loss: 2.789680 | lr 1.7229e-04 | norm: 0.5119 | dt: 1661.31ms | img/sec: 2465.52
step 102300 | loss: 2.748254 | lr 1.7216e-04 | norm: 0.5030 | dt: 1663.47ms | img/sec: 2462.32
step 102301 | loss: 2.708045 | lr 1.7203e-04 | norm: 0.5085 | dt: 1758.19ms | img/sec: 2329.67
step 102302 | loss: 2.730532 | lr 1.7190e-04 | norm: 0.5066 | dt: 1762.62ms | img/sec: 2323.81
step 102303 | loss: 2.742855 | lr 1.7176e-04 | norm: 0.5183 | dt: 1654.53ms | img/sec: 2475.63
step 102304 | loss: 2.707392 | lr 1.7163e-04 | norm: 0.5051 | dt: 1690.25ms | img/sec: 2423.31
step 102305 | loss: 2.726781 | lr 1.7150e-04 | norm: 0.4922 | dt: 1651.86ms | img/sec: 2479.63
step 102306 | loss: 2.707101 | lr 1.7137e-04 | norm: 0.5155 | dt: 1752.50ms | img/sec: 2337.23
step 102307 | loss: 2.701623 | lr 1.7124e-04 | norm: 0.5196 | dt: 1661.31ms | img/sec: 2465.53
step 102308 | loss: 2.699102 | lr 1.7111e-04 | norm: 0.5057 | dt: 1661.12ms | img/sec: 2465.80
step 102309 | loss: 2.750070 | lr 1.7098e-04 | norm: 0.5127 | dt: 1659.12ms | img/sec: 2468.78
step 102310 | loss: 2.768603 | lr 1.7085e-04 | norm: 0.5073 | dt: 1722.56ms | img/sec: 2377.86
step 102311 | loss: 2.693064 | lr 1.7072e-04 | norm: 0.4941 | dt: 1660.98ms | img/sec: 2466.01
step 102312 | loss: 2.681597 | lr 1.7059e-04 | norm: 0.5086 | dt: 1656.18ms | img/sec: 2473.17
step 102313 | loss: 2.801782 | lr 1.7046e-04 | norm: 0.4958 | dt: 1659.06ms | img/sec: 2468.87
step 102314 | loss: 2.697402 | lr 1.7033e-04 | norm: 0.5137 | dt: 1701.05ms | img/sec: 2407.92
step 102315 | loss: 2.695930 | lr 1.7020e-04 | norm: 0.4779 | dt: 1734.62ms | img/sec: 2361.33
step 102316 | loss: 2.702483 | lr 1.7007e-04 | norm: 0.4867 | dt: 1670.88ms | img/sec: 2451.40
step 102317 | loss: 2.713451 | lr 1.6994e-04 | norm: 0.5040 | dt: 1659.56ms | img/sec: 2468.13
step 102318 | loss: 2.728127 | lr 1.6980e-04 | norm: 0.5156 | dt: 1674.49ms | img/sec: 2446.12
step 102319 | loss: 2.700642 | lr 1.6967e-04 | norm: 0.4993 | dt: 1652.23ms | img/sec: 2479.08
step 102320 | loss: 2.755923 | lr 1.6954e-04 | norm: 0.5066 | dt: 1668.74ms | img/sec: 2454.54
step 102321 | loss: 2.807646 | lr 1.6941e-04 | norm: 0.5075 | dt: 1730.10ms | img/sec: 2367.49
step 102322 | loss: 2.713198 | lr 1.6928e-04 | norm: 0.5131 | dt: 1696.78ms | img/sec: 2413.98
step 102323 | loss: 2.722711 | lr 1.6915e-04 | norm: 0.5210 | dt: 1657.10ms | img/sec: 2471.79
step 102324 | loss: 2.670304 | lr 1.6902e-04 | norm: 0.5207 | dt: 1661.36ms | img/sec: 2465.45
step 102325 | loss: 2.702476 | lr 1.6889e-04 | norm: 0.4987 | dt: 1722.50ms | img/sec: 2377.94
step 102326 | loss: 2.740755 | lr 1.6876e-04 | norm: 0.5337 | dt: 1658.15ms | img/sec: 2470.22
step 102327 | loss: 2.695851 | lr 1.6863e-04 | norm: 0.5177 | dt: 1711.04ms | img/sec: 2393.86
step 102328 | loss: 2.732199 | lr 1.6850e-04 | norm: 0.5250 | dt: 1662.77ms | img/sec: 2463.36
step 102329 | loss: 2.727965 | lr 1.6837e-04 | norm: 0.4980 | dt: 1715.05ms | img/sec: 2388.27
step 102330 | loss: 2.736337 | lr 1.6824e-04 | norm: 0.5081 | dt: 1746.21ms | img/sec: 2345.65
step 102331 | loss: 2.778727 | lr 1.6811e-04 | norm: 0.5050 | dt: 1664.44ms | img/sec: 2460.88
step 102332 | loss: 2.737900 | lr 1.6798e-04 | norm: 0.5253 | dt: 1737.21ms | img/sec: 2357.80
step 102333 | loss: 2.696894 | lr 1.6785e-04 | norm: 0.4889 | dt: 1655.46ms | img/sec: 2474.24
step 102334 | loss: 2.777075 | lr 1.6772e-04 | norm: 0.5105 | dt: 1700.07ms | img/sec: 2409.32
step 102335 | loss: 2.732949 | lr 1.6759e-04 | norm: 0.5046 | dt: 1662.70ms | img/sec: 2463.47
step 102336 | loss: 2.677269 | lr 1.6746e-04 | norm: 0.4896 | dt: 1739.31ms | img/sec: 2354.95
step 102337 | loss: 2.690542 | lr 1.6733e-04 | norm: 0.4913 | dt: 1652.60ms | img/sec: 2478.52
step 102338 | loss: 2.724735 | lr 1.6720e-04 | norm: 0.5142 | dt: 1658.24ms | img/sec: 2470.09
step 102339 | loss: 2.784160 | lr 1.6707e-04 | norm: 0.5241 | dt: 1724.30ms | img/sec: 2375.46
step 102340 | loss: 2.729745 | lr 1.6694e-04 | norm: 0.5094 | dt: 1665.53ms | img/sec: 2459.27
step 102341 | loss: 2.739412 | lr 1.6681e-04 | norm: 0.5208 | dt: 1719.12ms | img/sec: 2382.61
step 102342 | loss: 2.755375 | lr 1.6668e-04 | norm: 0.5101 | dt: 1656.58ms | img/sec: 2472.56
step 102343 | loss: 2.728698 | lr 1.6655e-04 | norm: 0.5165 | dt: 1652.17ms | img/sec: 2479.17
step 102344 | loss: 2.794333 | lr 1.6642e-04 | norm: 0.5140 | dt: 1720.39ms | img/sec: 2380.85
step 102345 | loss: 2.691490 | lr 1.6629e-04 | norm: 0.5187 | dt: 1700.85ms | img/sec: 2408.21
step 102346 | loss: 2.750953 | lr 1.6616e-04 | norm: 0.5175 | dt: 1657.71ms | img/sec: 2470.88
step 102347 | loss: 2.767661 | lr 1.6603e-04 | norm: 0.5023 | dt: 1748.53ms | img/sec: 2342.54
step 102348 | loss: 2.684262 | lr 1.6590e-04 | norm: 0.5206 | dt: 1732.39ms | img/sec: 2364.36
step 102349 | loss: 2.714425 | lr 1.6577e-04 | norm: 0.5082 | dt: 1665.26ms | img/sec: 2459.68
step 102350 | loss: 2.712793 | lr 1.6564e-04 | norm: 0.5066 | dt: 1656.16ms | img/sec: 2473.19
step 102351 | loss: 2.738514 | lr 1.6551e-04 | norm: 0.5022 | dt: 1660.15ms | img/sec: 2467.25
step 102352 | loss: 2.735692 | lr 1.6538e-04 | norm: 0.5091 | dt: 1718.25ms | img/sec: 2383.82
step 102353 | loss: 2.682374 | lr 1.6525e-04 | norm: 0.5189 | dt: 1683.37ms | img/sec: 2433.21
step 102354 | loss: 2.760497 | lr 1.6512e-04 | norm: 0.5305 | dt: 1731.55ms | img/sec: 2365.51
step 102355 | loss: 2.708715 | lr 1.6499e-04 | norm: 0.5059 | dt: 1702.94ms | img/sec: 2405.25
step 102356 | loss: 2.661031 | lr 1.6486e-04 | norm: 0.5183 | dt: 1730.07ms | img/sec: 2367.54
step 102357 | loss: 2.618529 | lr 1.6474e-04 | norm: 0.4917 | dt: 1654.84ms | img/sec: 2475.16
step 102358 | loss: 2.720822 | lr 1.6461e-04 | norm: 0.5118 | dt: 1718.50ms | img/sec: 2383.47
step 102359 | loss: 2.678668 | lr 1.6448e-04 | norm: 0.5438 | dt: 1678.19ms | img/sec: 2440.72
step 102360 | loss: 2.733636 | lr 1.6435e-04 | norm: 0.5457 | dt: 1660.67ms | img/sec: 2466.48
step 102361 | loss: 2.795273 | lr 1.6422e-04 | norm: 0.5206 | dt: 1663.51ms | img/sec: 2462.26
step 102362 | loss: 2.659163 | lr 1.6409e-04 | norm: 0.4878 | dt: 1710.92ms | img/sec: 2394.03
step 102363 | loss: 2.661429 | lr 1.6396e-04 | norm: 0.5087 | dt: 1659.80ms | img/sec: 2467.77
step 102364 | loss: 2.652853 | lr 1.6383e-04 | norm: 0.4777 | dt: 1656.20ms | img/sec: 2473.12
step 102365 | loss: 2.655550 | lr 1.6370e-04 | norm: 0.5124 | dt: 1663.11ms | img/sec: 2462.86
step 102366 | loss: 2.682864 | lr 1.6357e-04 | norm: 0.5170 | dt: 1710.10ms | img/sec: 2395.18
step 102367 | loss: 2.714425 | lr 1.6344e-04 | norm: 0.5251 | dt: 1661.04ms | img/sec: 2465.93
step 102368 | loss: 2.751626 | lr 1.6331e-04 | norm: 0.5011 | dt: 1683.67ms | img/sec: 2432.78
step 102369 | loss: 2.745748 | lr 1.6318e-04 | norm: 0.5016 | dt: 1664.69ms | img/sec: 2460.51
step 102370 | loss: 2.774782 | lr 1.6305e-04 | norm: 0.5106 | dt: 1654.31ms | img/sec: 2475.95
step 102371 | loss: 2.698620 | lr 1.6293e-04 | norm: 0.4992 | dt: 1722.38ms | img/sec: 2378.10
step 102372 | loss: 2.701869 | lr 1.6280e-04 | norm: 0.5259 | dt: 1712.51ms | img/sec: 2391.81
step 102373 | loss: 2.748242 | lr 1.6267e-04 | norm: 0.5380 | dt: 1658.92ms | img/sec: 2469.07
step 102374 | loss: 2.763197 | lr 1.6254e-04 | norm: 0.5182 | dt: 1699.12ms | img/sec: 2410.67
step 102375 | loss: 2.705039 | lr 1.6241e-04 | norm: 0.5325 | dt: 1672.32ms | img/sec: 2449.30
step 102376 | loss: 2.707055 | lr 1.6228e-04 | norm: 0.5211 | dt: 1718.84ms | img/sec: 2383.01
step 102377 | loss: 2.747679 | lr 1.6215e-04 | norm: 0.5217 | dt: 1655.81ms | img/sec: 2473.71
step 102378 | loss: 2.738467 | lr 1.6202e-04 | norm: 0.5225 | dt: 1752.61ms | img/sec: 2337.08
step 102379 | loss: 2.779459 | lr 1.6189e-04 | norm: 0.5242 | dt: 1654.29ms | img/sec: 2475.99
step 102380 | loss: 2.653028 | lr 1.6177e-04 | norm: 0.5016 | dt: 1757.25ms | img/sec: 2330.91
step 102381 | loss: 2.726985 | lr 1.6164e-04 | norm: 0.5316 | dt: 1697.36ms | img/sec: 2413.16
step 102382 | loss: 2.765136 | lr 1.6151e-04 | norm: 0.5222 | dt: 1666.00ms | img/sec: 2458.58
step 102383 | loss: 2.635253 | lr 1.6138e-04 | norm: 0.5005 | dt: 1683.94ms | img/sec: 2432.39
step 102384 | loss: 2.598858 | lr 1.6125e-04 | norm: 0.5027 | dt: 1727.22ms | img/sec: 2371.45
step 102385 | loss: 2.726988 | lr 1.6112e-04 | norm: 0.5125 | dt: 1666.48ms | img/sec: 2457.88
step 102386 | loss: 2.675738 | lr 1.6099e-04 | norm: 0.5090 | dt: 1662.90ms | img/sec: 2463.16
step 102387 | loss: 2.720584 | lr 1.6086e-04 | norm: 0.5116 | dt: 1695.26ms | img/sec: 2416.14
step 102388 | loss: 2.716428 | lr 1.6074e-04 | norm: 0.5288 | dt: 1665.03ms | img/sec: 2460.02
step 102389 | loss: 2.730570 | lr 1.6061e-04 | norm: 0.5015 | dt: 1666.44ms | img/sec: 2457.93
step 102390 | loss: 2.674664 | lr 1.6048e-04 | norm: 0.4935 | dt: 1763.36ms | img/sec: 2322.84
step 102391 | loss: 2.681641 | lr 1.6035e-04 | norm: 0.5175 | dt: 1670.54ms | img/sec: 2451.90
step 102392 | loss: 2.637516 | lr 1.6022e-04 | norm: 0.5085 | dt: 1662.84ms | img/sec: 2463.26
step 102393 | loss: 2.709462 | lr 1.6009e-04 | norm: 0.5029 | dt: 1661.35ms | img/sec: 2465.47
step 102394 | loss: 2.752901 | lr 1.5996e-04 | norm: 0.5158 | dt: 1688.36ms | img/sec: 2426.02
step 102395 | loss: 2.654808 | lr 1.5984e-04 | norm: 0.5324 | dt: 1716.25ms | img/sec: 2386.60
step 102396 | loss: 2.748154 | lr 1.5971e-04 | norm: 0.5084 | dt: 1668.34ms | img/sec: 2455.13
step 102397 | loss: 2.722332 | lr 1.5958e-04 | norm: 0.5263 | dt: 1654.34ms | img/sec: 2475.91
step 102398 | loss: 2.777605 | lr 1.5945e-04 | norm: 0.5200 | dt: 1657.51ms | img/sec: 2471.17
step 102399 | loss: 2.715830 | lr 1.5932e-04 | norm: 0.4978 | dt: 1731.06ms | img/sec: 2366.19
step 102400 | loss: 2.708451 | lr 1.5919e-04 | norm: 0.5128 | dt: 1673.74ms | img/sec: 2447.21
step 102401 | loss: 2.758363 | lr 1.5907e-04 | norm: 0.5228 | dt: 1721.68ms | img/sec: 2379.07
step 102402 | loss: 2.723650 | lr 1.5894e-04 | norm: 0.5231 | dt: 1667.88ms | img/sec: 2455.81
step 102403 | loss: 2.677088 | lr 1.5881e-04 | norm: 0.5123 | dt: 1741.65ms | img/sec: 2351.79
step 102404 | loss: 2.732867 | lr 1.5868e-04 | norm: 0.5134 | dt: 1651.03ms | img/sec: 2480.87
step 102405 | loss: 2.779608 | lr 1.5855e-04 | norm: 0.5182 | dt: 1679.25ms | img/sec: 2439.19
step 102406 | loss: 2.703160 | lr 1.5843e-04 | norm: 0.5173 | dt: 1668.10ms | img/sec: 2455.49
step 102407 | loss: 2.716462 | lr 1.5830e-04 | norm: 0.4936 | dt: 1758.40ms | img/sec: 2329.39
step 102408 | loss: 2.699604 | lr 1.5817e-04 | norm: 0.5106 | dt: 1660.50ms | img/sec: 2466.72
step 102409 | loss: 2.724248 | lr 1.5804e-04 | norm: 0.5184 | dt: 1667.33ms | img/sec: 2456.62
step 102410 | loss: 2.735688 | lr 1.5791e-04 | norm: 0.5193 | dt: 1664.42ms | img/sec: 2460.91
step 102411 | loss: 2.632318 | lr 1.5779e-04 | norm: 0.4999 | dt: 1653.50ms | img/sec: 2477.16
step 102412 | loss: 2.805062 | lr 1.5766e-04 | norm: 0.5092 | dt: 1674.62ms | img/sec: 2445.93
step 102413 | loss: 2.674100 | lr 1.5753e-04 | norm: 0.4960 | dt: 1658.46ms | img/sec: 2469.76
step 102414 | loss: 2.717153 | lr 1.5740e-04 | norm: 0.5117 | dt: 1698.19ms | img/sec: 2411.98
step 102415 | loss: 2.680423 | lr 1.5727e-04 | norm: 0.5062 | dt: 1697.07ms | img/sec: 2413.57
step 102416 | loss: 2.752518 | lr 1.5715e-04 | norm: 0.5034 | dt: 1688.54ms | img/sec: 2425.76
step 102417 | loss: 2.678143 | lr 1.5702e-04 | norm: 0.5141 | dt: 1683.39ms | img/sec: 2433.18
step 102418 | loss: 2.830339 | lr 1.5689e-04 | norm: 0.5486 | dt: 1654.43ms | img/sec: 2475.77
step 102419 | loss: 2.754334 | lr 1.5676e-04 | norm: 0.5012 | dt: 1706.45ms | img/sec: 2400.31
step 102420 | loss: 2.775148 | lr 1.5664e-04 | norm: 0.5404 | dt: 1759.30ms | img/sec: 2328.20
step 102421 | loss: 2.798744 | lr 1.5651e-04 | norm: 0.5159 | dt: 1706.53ms | img/sec: 2400.19
step 102422 | loss: 2.800166 | lr 1.5638e-04 | norm: 0.5417 | dt: 1677.41ms | img/sec: 2441.86
step 102423 | loss: 2.666662 | lr 1.5625e-04 | norm: 0.5034 | dt: 1720.83ms | img/sec: 2380.25
step 102424 | loss: 2.742136 | lr 1.5613e-04 | norm: 0.5121 | dt: 1676.22ms | img/sec: 2443.59
step 102425 | loss: 2.750015 | lr 1.5600e-04 | norm: 0.5036 | dt: 1680.95ms | img/sec: 2436.72
step 102426 | loss: 2.681532 | lr 1.5587e-04 | norm: 0.4980 | dt: 1657.69ms | img/sec: 2470.90
step 102427 | loss: 2.718960 | lr 1.5574e-04 | norm: 0.4876 | dt: 1655.15ms | img/sec: 2474.71
step 102428 | loss: 2.740540 | lr 1.5562e-04 | norm: 0.5023 | dt: 1770.85ms | img/sec: 2313.01
step 102429 | loss: 2.751310 | lr 1.5549e-04 | norm: 0.5004 | dt: 1712.55ms | img/sec: 2391.75
step 102430 | loss: 2.710033 | lr 1.5536e-04 | norm: 0.5107 | dt: 1665.86ms | img/sec: 2458.78
step 102431 | loss: 2.687587 | lr 1.5523e-04 | norm: 0.4919 | dt: 1688.70ms | img/sec: 2425.53
step 102432 | loss: 2.746532 | lr 1.5511e-04 | norm: 0.5036 | dt: 1655.20ms | img/sec: 2474.63
step 102433 | loss: 2.699495 | lr 1.5498e-04 | norm: 0.4834 | dt: 1718.05ms | img/sec: 2384.10
step 102434 | loss: 2.651460 | lr 1.5485e-04 | norm: 0.4888 | dt: 1703.88ms | img/sec: 2403.93
step 102435 | loss: 2.696956 | lr 1.5472e-04 | norm: 0.5152 | dt: 1663.07ms | img/sec: 2462.92
step 102436 | loss: 2.726335 | lr 1.5460e-04 | norm: 0.5178 | dt: 1696.85ms | img/sec: 2413.89
step 102437 | loss: 2.672799 | lr 1.5447e-04 | norm: 0.5094 | dt: 1659.21ms | img/sec: 2468.65
step 102438 | loss: 2.667236 | lr 1.5434e-04 | norm: 0.4990 | dt: 1648.63ms | img/sec: 2484.48
step 102439 | loss: 2.719858 | lr 1.5422e-04 | norm: 0.5156 | dt: 1707.08ms | img/sec: 2399.42
step 102440 | loss: 2.742300 | lr 1.5409e-04 | norm: 0.5027 | dt: 1722.79ms | img/sec: 2377.53
step 102441 | loss: 2.740047 | lr 1.5396e-04 | norm: 0.4977 | dt: 1702.14ms | img/sec: 2406.38
step 102442 | loss: 2.759003 | lr 1.5383e-04 | norm: 0.5159 | dt: 1664.03ms | img/sec: 2461.50
step 102443 | loss: 2.724079 | lr 1.5371e-04 | norm: 0.5042 | dt: 1665.78ms | img/sec: 2458.90
step 102444 | loss: 2.745940 | lr 1.5358e-04 | norm: 0.5347 | dt: 1724.44ms | img/sec: 2375.26
step 102445 | loss: 2.663201 | lr 1.5345e-04 | norm: 0.5006 | dt: 1653.49ms | img/sec: 2477.18
step 102446 | loss: 2.704909 | lr 1.5333e-04 | norm: 0.5058 | dt: 1699.92ms | img/sec: 2409.52
step 102447 | loss: 2.716314 | lr 1.5320e-04 | norm: 0.4947 | dt: 1663.27ms | img/sec: 2462.61
step 102448 | loss: 2.739270 | lr 1.5307e-04 | norm: 0.5050 | dt: 1658.88ms | img/sec: 2469.13
step 102449 | loss: 2.717005 | lr 1.5295e-04 | norm: 0.5493 | dt: 1664.49ms | img/sec: 2460.81
step 102450 | loss: 2.752696 | lr 1.5282e-04 | norm: 0.5136 | dt: 1699.90ms | img/sec: 2409.55
step 102451 | loss: 2.716409 | lr 1.5269e-04 | norm: 0.5085 | dt: 1661.26ms | img/sec: 2465.60
step 102452 | loss: 2.666498 | lr 1.5257e-04 | norm: 0.5004 | dt: 1683.56ms | img/sec: 2432.94
step 102453 | loss: 2.691687 | lr 1.5244e-04 | norm: 0.5115 | dt: 1729.64ms | img/sec: 2368.13
step 102454 | loss: 2.841754 | lr 1.5231e-04 | norm: 0.5304 | dt: 1707.76ms | img/sec: 2398.46
step 102455 | loss: 2.723356 | lr 1.5219e-04 | norm: 0.4974 | dt: 1665.99ms | img/sec: 2458.60
step 102456 | loss: 2.738440 | lr 1.5206e-04 | norm: 0.5165 | dt: 1695.52ms | img/sec: 2415.77
step 102457 | loss: 2.705096 | lr 1.5193e-04 | norm: 0.4956 | dt: 1674.50ms | img/sec: 2446.11
step 102458 | loss: 2.697054 | lr 1.5181e-04 | norm: 0.5037 | dt: 1667.54ms | img/sec: 2456.32
step 102459 | loss: 2.722741 | lr 1.5168e-04 | norm: 0.5209 | dt: 1688.45ms | img/sec: 2425.89
step 102460 | loss: 2.788916 | lr 1.5155e-04 | norm: 0.5129 | dt: 1660.12ms | img/sec: 2467.29
step 102461 | loss: 2.687795 | lr 1.5143e-04 | norm: 0.5006 | dt: 1662.42ms | img/sec: 2463.88
step 102462 | loss: 2.689990 | lr 1.5130e-04 | norm: 0.5085 | dt: 1651.90ms | img/sec: 2479.57
step 102463 | loss: 2.752569 | lr 1.5118e-04 | norm: 0.5181 | dt: 1663.52ms | img/sec: 2462.25
step 102464 | loss: 2.722112 | lr 1.5105e-04 | norm: 0.5381 | dt: 1730.23ms | img/sec: 2367.32
step 102465 | loss: 2.693021 | lr 1.5092e-04 | norm: 0.4968 | dt: 1710.29ms | img/sec: 2394.91
step 102466 | loss: 2.748266 | lr 1.5080e-04 | norm: 0.5008 | dt: 1659.53ms | img/sec: 2468.17
step 102467 | loss: 2.690304 | lr 1.5067e-04 | norm: 0.4991 | dt: 1679.15ms | img/sec: 2439.33
step 102468 | loss: 2.720857 | lr 1.5054e-04 | norm: 0.4959 | dt: 1677.63ms | img/sec: 2441.54
step 102469 | loss: 2.661277 | lr 1.5042e-04 | norm: 0.5100 | dt: 1701.50ms | img/sec: 2407.29
step 102470 | loss: 2.772795 | lr 1.5029e-04 | norm: 0.5065 | dt: 1666.67ms | img/sec: 2457.60
step 102471 | loss: 2.657307 | lr 1.5017e-04 | norm: 0.5091 | dt: 1664.27ms | img/sec: 2461.14
step 102472 | loss: 2.772708 | lr 1.5004e-04 | norm: 0.5273 | dt: 1666.08ms | img/sec: 2458.47
step 102473 | loss: 2.785702 | lr 1.4991e-04 | norm: 0.5374 | dt: 1660.78ms | img/sec: 2466.31
step 102474 | loss: 2.767755 | lr 1.4979e-04 | norm: 0.5271 | dt: 1667.78ms | img/sec: 2455.95
step 102475 | loss: 2.665525 | lr 1.4966e-04 | norm: 0.5015 | dt: 1695.68ms | img/sec: 2415.55
step 102476 | loss: 2.711013 | lr 1.4954e-04 | norm: 0.5004 | dt: 1660.42ms | img/sec: 2466.85
step 102477 | loss: 2.737764 | lr 1.4941e-04 | norm: 0.4876 | dt: 1668.67ms | img/sec: 2454.65
step 102478 | loss: 2.717109 | lr 1.4928e-04 | norm: 0.5171 | dt: 1658.66ms | img/sec: 2469.46
step 102479 | loss: 2.675348 | lr 1.4916e-04 | norm: 0.4930 | dt: 1698.80ms | img/sec: 2411.11
step 102480 | loss: 2.757860 | lr 1.4903e-04 | norm: 0.5060 | dt: 1695.47ms | img/sec: 2415.84
step 102481 | loss: 2.665314 | lr 1.4891e-04 | norm: 0.4873 | dt: 1668.52ms | img/sec: 2454.87
step 102482 | loss: 2.662581 | lr 1.4878e-04 | norm: 0.4939 | dt: 1661.57ms | img/sec: 2465.13
step 102483 | loss: 2.693617 | lr 1.4866e-04 | norm: 0.5007 | dt: 1659.32ms | img/sec: 2468.49
step 102484 | loss: 2.707745 | lr 1.4853e-04 | norm: 0.5023 | dt: 1666.30ms | img/sec: 2458.14
step 102485 | loss: 2.738918 | lr 1.4840e-04 | norm: 0.5175 | dt: 1660.16ms | img/sec: 2467.23
step 102486 | loss: 2.705386 | lr 1.4828e-04 | norm: 0.5189 | dt: 1661.25ms | img/sec: 2465.62
step 102487 | loss: 2.714443 | lr 1.4815e-04 | norm: 0.5218 | dt: 1723.49ms | img/sec: 2376.57
step 102488 | loss: 2.679265 | lr 1.4803e-04 | norm: 0.5135 | dt: 1691.55ms | img/sec: 2421.44
step 102489 | loss: 2.664491 | lr 1.4790e-04 | norm: 0.5112 | dt: 1657.12ms | img/sec: 2471.75
step 102490 | loss: 2.732880 | lr 1.4778e-04 | norm: 0.4993 | dt: 1697.79ms | img/sec: 2412.55
step 102491 | loss: 2.633315 | lr 1.4765e-04 | norm: 0.5032 | dt: 1662.88ms | img/sec: 2463.19
step 102492 | loss: 2.683958 | lr 1.4753e-04 | norm: 0.5007 | dt: 1688.42ms | img/sec: 2425.93
step 102493 | loss: 2.633008 | lr 1.4740e-04 | norm: 0.5014 | dt: 1698.96ms | img/sec: 2410.88
step 102494 | loss: 2.691020 | lr 1.4727e-04 | norm: 0.4990 | dt: 1778.96ms | img/sec: 2302.47
step 102495 | loss: 2.749154 | lr 1.4715e-04 | norm: 0.5007 | dt: 1719.11ms | img/sec: 2382.63
step 102496 | loss: 2.679504 | lr 1.4702e-04 | norm: 0.4943 | dt: 1670.89ms | img/sec: 2451.39
step 102497 | loss: 2.669787 | lr 1.4690e-04 | norm: 0.4944 | dt: 1668.80ms | img/sec: 2454.46
step 102498 | loss: 2.707610 | lr 1.4677e-04 | norm: 0.5064 | dt: 1737.54ms | img/sec: 2357.36
step 102499 | loss: 2.739446 | lr 1.4665e-04 | norm: 0.5181 | dt: 1698.85ms | img/sec: 2411.05
step 102500 | val_loss 1.5946 | val_acc 63.19%
step 102500 | loss: 2.714366 | lr 1.4652e-04 | norm: 0.5183 | dt: 4070.92ms | img/sec: 1006.16
step 102501 | loss: 2.696853 | lr 1.4640e-04 | norm: 0.5046 | dt: 1661.07ms | img/sec: 2465.88
step 102502 | loss: 2.723255 | lr 1.4627e-04 | norm: 0.5267 | dt: 1656.20ms | img/sec: 2473.13
step 102503 | loss: 2.692724 | lr 1.4615e-04 | norm: 0.5130 | dt: 1717.59ms | img/sec: 2384.74
step 102504 | loss: 2.680021 | lr 1.4602e-04 | norm: 0.5136 | dt: 1693.41ms | img/sec: 2418.78
step 102505 | loss: 2.712340 | lr 1.4590e-04 | norm: 0.5271 | dt: 1652.21ms | img/sec: 2479.10
step 102506 | loss: 2.716601 | lr 1.4577e-04 | norm: 0.5441 | dt: 1717.54ms | img/sec: 2384.81
step 102507 | loss: 2.684571 | lr 1.4565e-04 | norm: 0.5310 | dt: 1693.82ms | img/sec: 2418.21
step 102508 | loss: 2.693064 | lr 1.4552e-04 | norm: 0.5215 | dt: 1666.56ms | img/sec: 2457.75
step 102509 | loss: 2.757035 | lr 1.4540e-04 | norm: 0.5114 | dt: 1708.19ms | img/sec: 2397.86
step 102510 | loss: 2.704727 | lr 1.4527e-04 | norm: 0.5163 | dt: 1734.96ms | img/sec: 2360.87
step 102511 | loss: 2.741617 | lr 1.4515e-04 | norm: 0.5350 | dt: 1664.23ms | img/sec: 2461.19
step 102512 | loss: 2.711077 | lr 1.4502e-04 | norm: 0.5232 | dt: 1683.37ms | img/sec: 2433.22
step 102513 | loss: 2.634316 | lr 1.4490e-04 | norm: 0.5255 | dt: 1658.80ms | img/sec: 2469.26
step 102514 | loss: 2.717952 | lr 1.4478e-04 | norm: 0.5176 | dt: 1661.79ms | img/sec: 2464.81
step 102515 | loss: 2.731133 | lr 1.4465e-04 | norm: 0.5482 | dt: 1681.44ms | img/sec: 2436.01
step 102516 | loss: 2.696911 | lr 1.4453e-04 | norm: 0.5022 | dt: 1663.29ms | img/sec: 2462.59
step 102517 | loss: 2.713261 | lr 1.4440e-04 | norm: 0.5347 | dt: 1693.73ms | img/sec: 2418.34
step 102518 | loss: 2.706826 | lr 1.4428e-04 | norm: 0.5265 | dt: 1665.00ms | img/sec: 2460.06
step 102519 | loss: 2.711429 | lr 1.4415e-04 | norm: 0.5255 | dt: 1651.60ms | img/sec: 2480.02
step 102520 | loss: 2.631682 | lr 1.4403e-04 | norm: 0.4962 | dt: 1771.56ms | img/sec: 2312.08
step 102521 | loss: 2.694502 | lr 1.4390e-04 | norm: 0.5237 | dt: 1701.94ms | img/sec: 2406.67
step 102522 | loss: 2.696955 | lr 1.4378e-04 | norm: 0.5036 | dt: 1755.21ms | img/sec: 2333.63
step 102523 | loss: 2.768328 | lr 1.4365e-04 | norm: 0.5332 | dt: 1706.13ms | img/sec: 2400.76
step 102524 | loss: 2.661916 | lr 1.4353e-04 | norm: 0.5122 | dt: 1763.40ms | img/sec: 2322.78
step 102525 | loss: 2.714054 | lr 1.4341e-04 | norm: 0.5225 | dt: 1718.62ms | img/sec: 2383.30
step 102526 | loss: 2.725962 | lr 1.4328e-04 | norm: 0.5268 | dt: 1653.12ms | img/sec: 2477.73
step 102527 | loss: 2.737670 | lr 1.4316e-04 | norm: 0.5288 | dt: 1701.11ms | img/sec: 2407.85
step 102528 | loss: 2.730495 | lr 1.4303e-04 | norm: 0.5139 | dt: 1665.29ms | img/sec: 2459.64
step 102529 | loss: 2.791757 | lr 1.4291e-04 | norm: 0.5617 | dt: 1657.46ms | img/sec: 2471.24
step 102530 | loss: 2.740042 | lr 1.4279e-04 | norm: 0.5137 | dt: 1664.86ms | img/sec: 2460.27
step 102531 | loss: 2.670330 | lr 1.4266e-04 | norm: 0.5168 | dt: 1782.29ms | img/sec: 2298.17
step 102532 | loss: 2.676109 | lr 1.4254e-04 | norm: 0.5045 | dt: 1667.41ms | img/sec: 2456.51
step 102533 | loss: 2.713071 | lr 1.4241e-04 | norm: 0.5215 | dt: 1698.90ms | img/sec: 2410.98
step 102534 | loss: 2.716590 | lr 1.4229e-04 | norm: 0.5125 | dt: 1665.17ms | img/sec: 2459.81
step 102535 | loss: 2.739777 | lr 1.4217e-04 | norm: 0.5376 | dt: 1768.68ms | img/sec: 2315.85
step 102536 | loss: 2.725075 | lr 1.4204e-04 | norm: 0.5264 | dt: 1709.09ms | img/sec: 2396.60
step 102537 | loss: 2.773069 | lr 1.4192e-04 | norm: 0.5174 | dt: 1743.60ms | img/sec: 2349.16
step 102538 | loss: 2.686624 | lr 1.4179e-04 | norm: 0.5284 | dt: 1678.64ms | img/sec: 2440.07
step 102539 | loss: 2.789498 | lr 1.4167e-04 | norm: 0.5270 | dt: 1658.72ms | img/sec: 2469.37
step 102540 | loss: 2.617591 | lr 1.4155e-04 | norm: 0.5059 | dt: 1662.25ms | img/sec: 2464.13
step 102541 | loss: 2.722429 | lr 1.4142e-04 | norm: 0.5220 | dt: 1707.83ms | img/sec: 2398.37
step 102542 | loss: 2.701748 | lr 1.4130e-04 | norm: 0.5085 | dt: 1659.71ms | img/sec: 2467.90
step 102543 | loss: 2.702849 | lr 1.4117e-04 | norm: 0.5105 | dt: 1735.78ms | img/sec: 2359.75
step 102544 | loss: 2.734654 | lr 1.4105e-04 | norm: 0.5145 | dt: 1687.76ms | img/sec: 2426.89
step 102545 | loss: 2.728064 | lr 1.4093e-04 | norm: 0.5121 | dt: 1693.23ms | img/sec: 2419.04
step 102546 | loss: 2.712573 | lr 1.4080e-04 | norm: 0.5100 | dt: 1657.89ms | img/sec: 2470.61
step 102547 | loss: 2.713353 | lr 1.4068e-04 | norm: 0.5311 | dt: 1661.71ms | img/sec: 2464.92
step 102548 | loss: 2.773804 | lr 1.4056e-04 | norm: 0.5290 | dt: 1697.80ms | img/sec: 2412.53
step 102549 | loss: 2.721030 | lr 1.4043e-04 | norm: 0.5037 | dt: 1701.82ms | img/sec: 2406.83
step 102550 | loss: 2.671365 | lr 1.4031e-04 | norm: 0.5049 | dt: 1689.62ms | img/sec: 2424.22
step 102551 | loss: 2.748331 | lr 1.4019e-04 | norm: 0.5209 | dt: 1666.12ms | img/sec: 2458.41
step 102552 | loss: 2.726454 | lr 1.4006e-04 | norm: 0.5206 | dt: 1662.02ms | img/sec: 2464.46
step 102553 | loss: 2.653145 | lr 1.3994e-04 | norm: 0.5062 | dt: 1684.87ms | img/sec: 2431.04
step 102554 | loss: 2.765211 | lr 1.3982e-04 | norm: 0.5263 | dt: 1698.99ms | img/sec: 2410.84
step 102555 | loss: 2.630327 | lr 1.3969e-04 | norm: 0.4962 | dt: 1664.82ms | img/sec: 2460.33
step 102556 | loss: 2.745793 | lr 1.3957e-04 | norm: 0.5186 | dt: 1657.33ms | img/sec: 2471.44
step 102557 | loss: 2.665668 | lr 1.3945e-04 | norm: 0.5084 | dt: 1701.41ms | img/sec: 2407.41
step 102558 | loss: 2.684346 | lr 1.3932e-04 | norm: 0.5195 | dt: 1672.34ms | img/sec: 2449.26
step 102559 | loss: 2.691749 | lr 1.3920e-04 | norm: 0.5303 | dt: 1773.81ms | img/sec: 2309.15
step 102560 | loss: 2.729440 | lr 1.3908e-04 | norm: 0.5033 | dt: 1684.76ms | img/sec: 2431.21
step 102561 | loss: 2.669074 | lr 1.3895e-04 | norm: 0.5174 | dt: 1734.22ms | img/sec: 2361.87
step 102562 | loss: 2.714848 | lr 1.3883e-04 | norm: 0.5033 | dt: 1671.28ms | img/sec: 2450.82
step 102563 | loss: 2.629869 | lr 1.3871e-04 | norm: 0.5312 | dt: 1693.44ms | img/sec: 2418.75
step 102564 | loss: 2.673506 | lr 1.3859e-04 | norm: 0.5207 | dt: 1666.87ms | img/sec: 2457.31
step 102565 | loss: 2.701169 | lr 1.3846e-04 | norm: 0.5145 | dt: 1662.59ms | img/sec: 2463.63
step 102566 | loss: 2.724257 | lr 1.3834e-04 | norm: 0.5292 | dt: 1657.52ms | img/sec: 2471.16
step 102567 | loss: 2.659728 | lr 1.3822e-04 | norm: 0.5145 | dt: 1708.35ms | img/sec: 2397.63
step 102568 | loss: 2.728029 | lr 1.3809e-04 | norm: 0.5075 | dt: 1700.67ms | img/sec: 2408.46
step 102569 | loss: 2.664913 | lr 1.3797e-04 | norm: 0.5306 | dt: 1666.03ms | img/sec: 2458.55
step 102570 | loss: 2.671839 | lr 1.3785e-04 | norm: 0.5304 | dt: 1663.67ms | img/sec: 2462.03
step 102571 | loss: 2.663914 | lr 1.3773e-04 | norm: 0.5304 | dt: 1753.31ms | img/sec: 2336.15
step 102572 | loss: 2.734612 | lr 1.3760e-04 | norm: 0.5586 | dt: 1764.23ms | img/sec: 2321.69
step 102573 | loss: 2.711212 | lr 1.3748e-04 | norm: 0.5176 | dt: 1659.76ms | img/sec: 2467.83
step 102574 | loss: 2.709823 | lr 1.3736e-04 | norm: 0.5191 | dt: 1735.04ms | img/sec: 2360.76
step 102575 | loss: 2.693738 | lr 1.3724e-04 | norm: 0.5489 | dt: 1668.58ms | img/sec: 2454.78
step 102576 | loss: 2.681901 | lr 1.3711e-04 | norm: 0.5163 | dt: 1682.31ms | img/sec: 2434.74
step 102577 | loss: 2.661388 | lr 1.3699e-04 | norm: 0.5223 | dt: 1686.48ms | img/sec: 2428.73
step 102578 | loss: 2.750780 | lr 1.3687e-04 | norm: 0.5141 | dt: 1722.65ms | img/sec: 2377.73
step 102579 | loss: 2.736376 | lr 1.3675e-04 | norm: 0.5156 | dt: 1657.14ms | img/sec: 2471.74
step 102580 | loss: 2.700651 | lr 1.3662e-04 | norm: 0.5066 | dt: 1665.01ms | img/sec: 2460.05
step 102581 | loss: 2.660611 | lr 1.3650e-04 | norm: 0.5108 | dt: 1707.73ms | img/sec: 2398.50
step 102582 | loss: 2.677720 | lr 1.3638e-04 | norm: 0.5105 | dt: 1667.50ms | img/sec: 2456.37
step 102583 | loss: 2.617312 | lr 1.3626e-04 | norm: 0.4816 | dt: 1657.62ms | img/sec: 2471.01
step 102584 | loss: 2.723584 | lr 1.3613e-04 | norm: 0.5065 | dt: 1664.42ms | img/sec: 2460.92
step 102585 | loss: 2.760026 | lr 1.3601e-04 | norm: 0.5477 | dt: 1701.35ms | img/sec: 2407.50
step 102586 | loss: 2.682167 | lr 1.3589e-04 | norm: 0.5076 | dt: 1753.24ms | img/sec: 2336.25
step 102587 | loss: 2.654657 | lr 1.3577e-04 | norm: 0.5111 | dt: 1660.19ms | img/sec: 2467.19
step 102588 | loss: 2.715799 | lr 1.3565e-04 | norm: 0.4954 | dt: 1721.67ms | img/sec: 2379.09
step 102589 | loss: 2.649423 | lr 1.3552e-04 | norm: 0.5169 | dt: 1667.73ms | img/sec: 2456.03
step 102590 | loss: 2.607628 | lr 1.3540e-04 | norm: 0.5073 | dt: 1697.83ms | img/sec: 2412.50
step 102591 | loss: 2.712433 | lr 1.3528e-04 | norm: 0.5087 | dt: 1679.81ms | img/sec: 2438.37
step 102592 | loss: 2.688441 | lr 1.3516e-04 | norm: 0.4915 | dt: 1691.33ms | img/sec: 2421.77
step 102593 | loss: 2.747400 | lr 1.3504e-04 | norm: 0.5193 | dt: 1698.69ms | img/sec: 2411.27
step 102594 | loss: 2.664770 | lr 1.3491e-04 | norm: 0.4933 | dt: 1691.00ms | img/sec: 2422.24
step 102595 | loss: 2.690539 | lr 1.3479e-04 | norm: 0.5088 | dt: 1671.60ms | img/sec: 2450.35
step 102596 | loss: 2.639313 | lr 1.3467e-04 | norm: 0.5047 | dt: 1697.96ms | img/sec: 2412.31
step 102597 | loss: 2.757872 | lr 1.3455e-04 | norm: 0.5193 | dt: 1706.41ms | img/sec: 2400.36
step 102598 | loss: 2.703147 | lr 1.3443e-04 | norm: 0.4948 | dt: 1672.71ms | img/sec: 2448.73
step 102599 | loss: 2.746340 | lr 1.3431e-04 | norm: 0.5013 | dt: 1662.28ms | img/sec: 2464.08
step 102600 | loss: 2.691536 | lr 1.3418e-04 | norm: 0.4958 | dt: 1692.29ms | img/sec: 2420.39
step 102601 | loss: 2.659636 | lr 1.3406e-04 | norm: 0.5050 | dt: 1725.63ms | img/sec: 2373.62
step 102602 | loss: 2.757928 | lr 1.3394e-04 | norm: 0.5271 | dt: 1668.00ms | img/sec: 2455.63
step 102603 | loss: 2.724359 | lr 1.3382e-04 | norm: 0.4949 | dt: 1661.32ms | img/sec: 2465.52
step 102604 | loss: 2.670148 | lr 1.3370e-04 | norm: 0.5086 | dt: 1663.83ms | img/sec: 2461.79
step 102605 | loss: 2.718311 | lr 1.3358e-04 | norm: 0.5083 | dt: 1667.93ms | img/sec: 2455.73
step 102606 | loss: 2.682050 | lr 1.3346e-04 | norm: 0.5063 | dt: 1665.17ms | img/sec: 2459.80
step 102607 | loss: 2.733666 | lr 1.3333e-04 | norm: 0.5180 | dt: 1664.02ms | img/sec: 2461.51
step 102608 | loss: 2.722508 | lr 1.3321e-04 | norm: 0.4918 | dt: 1669.04ms | img/sec: 2454.10
step 102609 | loss: 2.690614 | lr 1.3309e-04 | norm: 0.4963 | dt: 1728.27ms | img/sec: 2370.00
step 102610 | loss: 2.659887 | lr 1.3297e-04 | norm: 0.5147 | dt: 1662.76ms | img/sec: 2463.37
step 102611 | loss: 2.728744 | lr 1.3285e-04 | norm: 0.5070 | dt: 1666.73ms | img/sec: 2457.51
step 102612 | loss: 2.712707 | lr 1.3273e-04 | norm: 0.5092 | dt: 1659.73ms | img/sec: 2467.87
step 102613 | loss: 2.689168 | lr 1.3261e-04 | norm: 0.5075 | dt: 1702.73ms | img/sec: 2405.55
step 102614 | loss: 2.765926 | lr 1.3249e-04 | norm: 0.5092 | dt: 1719.02ms | img/sec: 2382.76
step 102615 | loss: 2.672766 | lr 1.3236e-04 | norm: 0.5053 | dt: 1663.17ms | img/sec: 2462.76
step 102616 | loss: 2.698174 | lr 1.3224e-04 | norm: 0.5063 | dt: 1669.70ms | img/sec: 2453.14
step 102617 | loss: 2.700919 | lr 1.3212e-04 | norm: 0.5047 | dt: 1672.34ms | img/sec: 2449.26
step 102618 | loss: 2.690642 | lr 1.3200e-04 | norm: 0.5055 | dt: 1720.55ms | img/sec: 2380.63
step 102619 | loss: 2.736955 | lr 1.3188e-04 | norm: 0.5141 | dt: 1672.67ms | img/sec: 2448.78
step 102620 | loss: 2.695106 | lr 1.3176e-04 | norm: 0.5014 | dt: 1666.81ms | img/sec: 2457.39
step 102621 | loss: 2.746230 | lr 1.3164e-04 | norm: 0.5187 | dt: 1778.43ms | img/sec: 2303.15
step 102622 | loss: 2.696750 | lr 1.3152e-04 | norm: 0.5018 | dt: 1674.96ms | img/sec: 2445.44
step 102623 | loss: 2.711040 | lr 1.3140e-04 | norm: 0.5108 | dt: 1669.26ms | img/sec: 2453.78
step 102624 | loss: 2.720232 | lr 1.3128e-04 | norm: 0.4978 | dt: 1674.03ms | img/sec: 2446.79
step 102625 | loss: 2.715686 | lr 1.3116e-04 | norm: 0.5004 | dt: 1676.87ms | img/sec: 2442.64
step 102626 | loss: 2.725913 | lr 1.3104e-04 | norm: 0.4978 | dt: 1688.73ms | img/sec: 2425.50
step 102627 | loss: 2.640346 | lr 1.3091e-04 | norm: 0.4851 | dt: 1662.76ms | img/sec: 2463.38
step 102628 | loss: 2.659943 | lr 1.3079e-04 | norm: 0.5153 | dt: 1668.44ms | img/sec: 2454.99
step 102629 | loss: 2.678272 | lr 1.3067e-04 | norm: 0.4977 | dt: 1668.86ms | img/sec: 2454.38
step 102630 | loss: 2.716498 | lr 1.3055e-04 | norm: 0.5098 | dt: 1684.80ms | img/sec: 2431.14
step 102631 | loss: 2.631896 | lr 1.3043e-04 | norm: 0.5318 | dt: 1681.14ms | img/sec: 2436.44
step 102632 | loss: 2.764166 | lr 1.3031e-04 | norm: 0.5085 | dt: 1661.81ms | img/sec: 2464.78
step 102633 | loss: 2.711885 | lr 1.3019e-04 | norm: 0.5041 | dt: 1653.86ms | img/sec: 2476.63
step 102634 | loss: 2.689002 | lr 1.3007e-04 | norm: 0.5137 | dt: 1665.40ms | img/sec: 2459.47
step 102635 | loss: 2.689804 | lr 1.2995e-04 | norm: 0.5170 | dt: 1662.72ms | img/sec: 2463.43
step 102636 | loss: 2.711581 | lr 1.2983e-04 | norm: 0.5287 | dt: 1673.23ms | img/sec: 2447.97
step 102637 | loss: 2.707342 | lr 1.2971e-04 | norm: 0.4963 | dt: 1661.33ms | img/sec: 2465.50
step 102638 | loss: 2.675697 | lr 1.2959e-04 | norm: 0.5043 | dt: 1660.91ms | img/sec: 2466.12
step 102639 | loss: 2.715337 | lr 1.2947e-04 | norm: 0.5233 | dt: 1658.47ms | img/sec: 2469.74
step 102640 | loss: 2.720182 | lr 1.2935e-04 | norm: 0.5238 | dt: 1654.65ms | img/sec: 2475.45
step 102641 | loss: 2.688194 | lr 1.2923e-04 | norm: 0.5311 | dt: 1655.97ms | img/sec: 2473.47
step 102642 | loss: 2.713474 | lr 1.2911e-04 | norm: 0.5100 | dt: 1663.93ms | img/sec: 2461.64
step 102643 | loss: 2.735375 | lr 1.2899e-04 | norm: 0.5201 | dt: 1665.65ms | img/sec: 2459.10
step 102644 | loss: 2.746877 | lr 1.2887e-04 | norm: 0.5125 | dt: 1656.00ms | img/sec: 2473.42
step 102645 | loss: 2.653559 | lr 1.2875e-04 | norm: 0.4906 | dt: 5333.30ms | img/sec: 768.00
step 102646 | loss: 2.629098 | lr 1.2863e-04 | norm: 0.5050 | dt: 1715.21ms | img/sec: 2388.04
step 102647 | loss: 2.734127 | lr 1.2851e-04 | norm: 0.5058 | dt: 1732.66ms | img/sec: 2364.00
step 102648 | loss: 2.733234 | lr 1.2839e-04 | norm: 0.5096 | dt: 1661.28ms | img/sec: 2465.57
step 102649 | loss: 2.671691 | lr 1.2827e-04 | norm: 0.4946 | dt: 1703.26ms | img/sec: 2404.80
step 102650 | loss: 2.684197 | lr 1.2815e-04 | norm: 0.5105 | dt: 1691.98ms | img/sec: 2420.83
step 102651 | loss: 2.690129 | lr 1.2803e-04 | norm: 0.5070 | dt: 1656.95ms | img/sec: 2472.01
step 102652 | loss: 2.718521 | lr 1.2791e-04 | norm: 0.5265 | dt: 1699.74ms | img/sec: 2409.78
step 102653 | loss: 2.697457 | lr 1.2779e-04 | norm: 0.5269 | dt: 1663.61ms | img/sec: 2462.12
step 102654 | loss: 2.647755 | lr 1.2767e-04 | norm: 0.5032 | dt: 1716.85ms | img/sec: 2385.76
step 102655 | loss: 2.675893 | lr 1.2755e-04 | norm: 0.4973 | dt: 1713.84ms | img/sec: 2389.95
step 102656 | loss: 2.591802 | lr 1.2743e-04 | norm: 0.4866 | dt: 1664.88ms | img/sec: 2460.24
step 102657 | loss: 2.711373 | lr 1.2731e-04 | norm: 0.4996 | dt: 1684.67ms | img/sec: 2431.34
step 102658 | loss: 2.656085 | lr 1.2719e-04 | norm: 0.5212 | dt: 1701.66ms | img/sec: 2407.06
step 102659 | loss: 2.680362 | lr 1.2708e-04 | norm: 0.5092 | dt: 1739.56ms | img/sec: 2354.61
step 102660 | loss: 2.642979 | lr 1.2696e-04 | norm: 0.5326 | dt: 1669.82ms | img/sec: 2452.96
step 102661 | loss: 2.705768 | lr 1.2684e-04 | norm: 0.5030 | dt: 1686.67ms | img/sec: 2428.45
step 102662 | loss: 2.677242 | lr 1.2672e-04 | norm: 0.5193 | dt: 1661.84ms | img/sec: 2464.73
step 102663 | loss: 2.697245 | lr 1.2660e-04 | norm: 0.5193 | dt: 1669.06ms | img/sec: 2454.08
step 102664 | loss: 2.706772 | lr 1.2648e-04 | norm: 0.5144 | dt: 1654.58ms | img/sec: 2475.55
step 102665 | loss: 2.680373 | lr 1.2636e-04 | norm: 0.5009 | dt: 1658.20ms | img/sec: 2470.15
step 102666 | loss: 2.715063 | lr 1.2624e-04 | norm: 0.5296 | dt: 1668.38ms | img/sec: 2455.08
step 102667 | loss: 2.681391 | lr 1.2612e-04 | norm: 0.5298 | dt: 1659.34ms | img/sec: 2468.45
step 102668 | loss: 2.712362 | lr 1.2600e-04 | norm: 0.5146 | dt: 1662.94ms | img/sec: 2463.10
step 102669 | loss: 2.679624 | lr 1.2588e-04 | norm: 0.4996 | dt: 1670.62ms | img/sec: 2451.78
step 102670 | loss: 2.662274 | lr 1.2576e-04 | norm: 0.5176 | dt: 1662.10ms | img/sec: 2464.35
step 102671 | loss: 2.674106 | lr 1.2565e-04 | norm: 0.5198 | dt: 1706.37ms | img/sec: 2400.42
step 102672 | loss: 2.641823 | lr 1.2553e-04 | norm: 0.4912 | dt: 1652.29ms | img/sec: 2478.99
step 102673 | loss: 2.739383 | lr 1.2541e-04 | norm: 0.5221 | dt: 1691.84ms | img/sec: 2421.03
step 102674 | loss: 2.648583 | lr 1.2529e-04 | norm: 0.5044 | dt: 1710.20ms | img/sec: 2395.04
step 102675 | loss: 2.691103 | lr 1.2517e-04 | norm: 0.5092 | dt: 1666.34ms | img/sec: 2458.08
step 102676 | loss: 2.651474 | lr 1.2505e-04 | norm: 0.5029 | dt: 1658.26ms | img/sec: 2470.05
step 102677 | loss: 2.674131 | lr 1.2493e-04 | norm: 0.5077 | dt: 1694.27ms | img/sec: 2417.56
step 102678 | loss: 2.728951 | lr 1.2481e-04 | norm: 0.5158 | dt: 1712.34ms | img/sec: 2392.04
step 102679 | loss: 2.718880 | lr 1.2470e-04 | norm: 0.5407 | dt: 1663.12ms | img/sec: 2462.83
step 102680 | loss: 2.711910 | lr 1.2458e-04 | norm: 0.5080 | dt: 1745.95ms | img/sec: 2346.00
step 102681 | loss: 2.730949 | lr 1.2446e-04 | norm: 0.5201 | dt: 1665.95ms | img/sec: 2458.66
step 102682 | loss: 2.680317 | lr 1.2434e-04 | norm: 0.5069 | dt: 1661.92ms | img/sec: 2464.62
step 102683 | loss: 2.668049 | lr 1.2422e-04 | norm: 0.5177 | dt: 1656.61ms | img/sec: 2472.52
step 102684 | loss: 2.651028 | lr 1.2410e-04 | norm: 0.5094 | dt: 1734.71ms | img/sec: 2361.20
step 102685 | loss: 2.682058 | lr 1.2399e-04 | norm: 0.5202 | dt: 1737.71ms | img/sec: 2357.13
step 102686 | loss: 2.721792 | lr 1.2387e-04 | norm: 0.5337 | dt: 1693.13ms | img/sec: 2419.19
step 102687 | loss: 2.706540 | lr 1.2375e-04 | norm: 0.5134 | dt: 1662.26ms | img/sec: 2464.12
step 102688 | loss: 2.677296 | lr 1.2363e-04 | norm: 0.5133 | dt: 1728.28ms | img/sec: 2369.99
step 102689 | loss: 2.704246 | lr 1.2351e-04 | norm: 0.5037 | dt: 1665.06ms | img/sec: 2459.97
step 102690 | loss: 2.655376 | lr 1.2339e-04 | norm: 0.5073 | dt: 1698.90ms | img/sec: 2410.97
step 102691 | loss: 2.659207 | lr 1.2328e-04 | norm: 0.5005 | dt: 1738.36ms | img/sec: 2356.25
step 102692 | loss: 2.720325 | lr 1.2316e-04 | norm: 0.4985 | dt: 1652.02ms | img/sec: 2479.39
step 102693 | loss: 2.638947 | lr 1.2304e-04 | norm: 0.5074 | dt: 1744.87ms | img/sec: 2347.45
step 102694 | loss: 2.703527 | lr 1.2292e-04 | norm: 0.5115 | dt: 1691.16ms | img/sec: 2422.01
step 102695 | loss: 2.625336 | lr 1.2280e-04 | norm: 0.5128 | dt: 1666.19ms | img/sec: 2458.30
step 102696 | loss: 2.697916 | lr 1.2269e-04 | norm: 0.5102 | dt: 1707.25ms | img/sec: 2399.18
step 102697 | loss: 2.671837 | lr 1.2257e-04 | norm: 0.4900 | dt: 1653.60ms | img/sec: 2477.02
step 102698 | loss: 2.669358 | lr 1.2245e-04 | norm: 0.5059 | dt: 1743.92ms | img/sec: 2348.74
step 102699 | loss: 2.657651 | lr 1.2233e-04 | norm: 0.5145 | dt: 1774.12ms | img/sec: 2308.75
step 102700 | loss: 2.681649 | lr 1.2221e-04 | norm: 0.5070 | dt: 1689.26ms | img/sec: 2424.73
step 102701 | loss: 2.665988 | lr 1.2210e-04 | norm: 0.5231 | dt: 1677.88ms | img/sec: 2441.17
step 102702 | loss: 2.719515 | lr 1.2198e-04 | norm: 0.5212 | dt: 1729.77ms | img/sec: 2367.94
step 102703 | loss: 2.681769 | lr 1.2186e-04 | norm: 0.5080 | dt: 1672.94ms | img/sec: 2448.39
step 102704 | loss: 2.728873 | lr 1.2174e-04 | norm: 0.5342 | dt: 1699.07ms | img/sec: 2410.74
step 102705 | loss: 2.717336 | lr 1.2163e-04 | norm: 0.5254 | dt: 1661.61ms | img/sec: 2465.09
step 102706 | loss: 2.741035 | lr 1.2151e-04 | norm: 0.5123 | dt: 1702.01ms | img/sec: 2406.57
step 102707 | loss: 2.678366 | lr 1.2139e-04 | norm: 0.5072 | dt: 1666.96ms | img/sec: 2457.17
step 102708 | loss: 2.680550 | lr 1.2127e-04 | norm: 0.5149 | dt: 1728.14ms | img/sec: 2370.17
step 102709 | loss: 2.651035 | lr 1.2116e-04 | norm: 0.4807 | dt: 1685.91ms | img/sec: 2429.55
step 102710 | loss: 2.694257 | lr 1.2104e-04 | norm: 0.4975 | dt: 1718.21ms | img/sec: 2383.88
step 102711 | loss: 2.692811 | lr 1.2092e-04 | norm: 0.5225 | dt: 1656.40ms | img/sec: 2472.83
step 102712 | loss: 2.653543 | lr 1.2081e-04 | norm: 0.5088 | dt: 1719.93ms | img/sec: 2381.50
step 102713 | loss: 2.689085 | lr 1.2069e-04 | norm: 0.5270 | dt: 1655.73ms | img/sec: 2473.84
step 102714 | loss: 2.674421 | lr 1.2057e-04 | norm: 0.5456 | dt: 1673.28ms | img/sec: 2447.89
step 102715 | loss: 2.626569 | lr 1.2045e-04 | norm: 0.4967 | dt: 1663.87ms | img/sec: 2461.73
step 102716 | loss: 2.709966 | lr 1.2034e-04 | norm: 0.5102 | dt: 1666.57ms | img/sec: 2457.75
step 102717 | loss: 2.723175 | lr 1.2022e-04 | norm: 0.5013 | dt: 1663.23ms | img/sec: 2462.67
step 102718 | loss: 2.727460 | lr 1.2010e-04 | norm: 0.5040 | dt: 1694.44ms | img/sec: 2417.32
step 102719 | loss: 2.638722 | lr 1.1999e-04 | norm: 0.4939 | dt: 1715.66ms | img/sec: 2387.41
step 102720 | loss: 2.641875 | lr 1.1987e-04 | norm: 0.5222 | dt: 1719.27ms | img/sec: 2382.41
step 102721 | loss: 2.687216 | lr 1.1975e-04 | norm: 0.5068 | dt: 1659.60ms | img/sec: 2468.07
step 102722 | loss: 2.719944 | lr 1.1964e-04 | norm: 0.5222 | dt: 1682.93ms | img/sec: 2433.85
step 102723 | loss: 2.743901 | lr 1.1952e-04 | norm: 0.5247 | dt: 1697.34ms | img/sec: 2413.19
step 102724 | loss: 2.630774 | lr 1.1940e-04 | norm: 0.5081 | dt: 1736.98ms | img/sec: 2358.11
step 102725 | loss: 2.641806 | lr 1.1928e-04 | norm: 0.5139 | dt: 1683.13ms | img/sec: 2433.56
step 102726 | loss: 2.646953 | lr 1.1917e-04 | norm: 0.5125 | dt: 1699.09ms | img/sec: 2410.70
step 102727 | loss: 2.693950 | lr 1.1905e-04 | norm: 0.5184 | dt: 1662.06ms | img/sec: 2464.41
step 102728 | loss: 2.667512 | lr 1.1894e-04 | norm: 0.5175 | dt: 1661.55ms | img/sec: 2465.17
step 102729 | loss: 2.718200 | lr 1.1882e-04 | norm: 0.5045 | dt: 1654.46ms | img/sec: 2475.73
step 102730 | loss: 2.582917 | lr 1.1870e-04 | norm: 0.4880 | dt: 1684.54ms | img/sec: 2431.52
step 102731 | loss: 2.671048 | lr 1.1859e-04 | norm: 0.5098 | dt: 1673.56ms | img/sec: 2447.48
step 102732 | loss: 2.712464 | lr 1.1847e-04 | norm: 0.5072 | dt: 1662.54ms | img/sec: 2463.70
step 102733 | loss: 2.684554 | lr 1.1835e-04 | norm: 0.5045 | dt: 1659.32ms | img/sec: 2468.48
step 102734 | loss: 2.669377 | lr 1.1824e-04 | norm: 0.5056 | dt: 1719.10ms | img/sec: 2382.64
step 102735 | loss: 2.695498 | lr 1.1812e-04 | norm: 0.5000 | dt: 1662.95ms | img/sec: 2463.09
step 102736 | loss: 2.665175 | lr 1.1800e-04 | norm: 0.5097 | dt: 1724.96ms | img/sec: 2374.55
step 102737 | loss: 2.639378 | lr 1.1789e-04 | norm: 0.5026 | dt: 1704.87ms | img/sec: 2402.53
step 102738 | loss: 2.663976 | lr 1.1777e-04 | norm: 0.5116 | dt: 1655.16ms | img/sec: 2474.69
step 102739 | loss: 2.579965 | lr 1.1766e-04 | norm: 0.4910 | dt: 1678.33ms | img/sec: 2440.52
step 102740 | loss: 2.730019 | lr 1.1754e-04 | norm: 0.5211 | dt: 1662.63ms | img/sec: 2463.57
step 102741 | loss: 2.749158 | lr 1.1742e-04 | norm: 0.5324 | dt: 1724.92ms | img/sec: 2374.60
step 102742 | loss: 2.730207 | lr 1.1731e-04 | norm: 0.5268 | dt: 1656.60ms | img/sec: 2472.54
step 102743 | loss: 2.681393 | lr 1.1719e-04 | norm: 0.5152 | dt: 1708.88ms | img/sec: 2396.90
step 102744 | loss: 2.697254 | lr 1.1708e-04 | norm: 0.5078 | dt: 1709.15ms | img/sec: 2396.51
step 102745 | loss: 2.610425 | lr 1.1696e-04 | norm: 0.5039 | dt: 1700.43ms | img/sec: 2408.80
step 102746 | loss: 2.657833 | lr 1.1684e-04 | norm: 0.5018 | dt: 1653.49ms | img/sec: 2477.18
step 102747 | loss: 2.606768 | lr 1.1673e-04 | norm: 0.4848 | dt: 1722.16ms | img/sec: 2378.40
step 102748 | loss: 2.676554 | lr 1.1661e-04 | norm: 0.5052 | dt: 1682.22ms | img/sec: 2434.88
step 102749 | loss: 2.749507 | lr 1.1650e-04 | norm: 0.5018 | dt: 1658.51ms | img/sec: 2469.69
step 102750 | loss: 2.683772 | lr 1.1638e-04 | norm: 0.4918 | dt: 1731.23ms | img/sec: 2365.94
step 102751 | loss: 2.643772 | lr 1.1627e-04 | norm: 0.4987 | dt: 1790.51ms | img/sec: 2287.62
step 102752 | loss: 2.656822 | lr 1.1615e-04 | norm: 0.4927 | dt: 1659.08ms | img/sec: 2468.83
step 102753 | loss: 2.631853 | lr 1.1603e-04 | norm: 0.4962 | dt: 1740.20ms | img/sec: 2353.75
step 102754 | loss: 2.650665 | lr 1.1592e-04 | norm: 0.4993 | dt: 1719.84ms | img/sec: 2381.62
step 102755 | loss: 2.683471 | lr 1.1580e-04 | norm: 0.5000 | dt: 1700.06ms | img/sec: 2409.33
step 102756 | loss: 2.656610 | lr 1.1569e-04 | norm: 0.5059 | dt: 1669.68ms | img/sec: 2453.16
step 102757 | loss: 2.711847 | lr 1.1557e-04 | norm: 0.5030 | dt: 1749.86ms | img/sec: 2340.75
step 102758 | loss: 2.661638 | lr 1.1546e-04 | norm: 0.5017 | dt: 1658.96ms | img/sec: 2469.02
step 102759 | loss: 2.671139 | lr 1.1534e-04 | norm: 0.4995 | dt: 1687.26ms | img/sec: 2427.60
step 102760 | loss: 2.672205 | lr 1.1523e-04 | norm: 0.5193 | dt: 1702.37ms | img/sec: 2406.05
step 102761 | loss: 2.650592 | lr 1.1511e-04 | norm: 0.5101 | dt: 1657.87ms | img/sec: 2470.64
step 102762 | loss: 2.682904 | lr 1.1500e-04 | norm: 0.5113 | dt: 1682.40ms | img/sec: 2434.62
step 102763 | loss: 2.726209 | lr 1.1488e-04 | norm: 0.5213 | dt: 1660.79ms | img/sec: 2466.29
step 102764 | loss: 2.716638 | lr 1.1477e-04 | norm: 0.5228 | dt: 1655.49ms | img/sec: 2474.19
step 102765 | loss: 2.666230 | lr 1.1465e-04 | norm: 0.5004 | dt: 1717.88ms | img/sec: 2384.33
step 102766 | loss: 2.684669 | lr 1.1454e-04 | norm: 0.5078 | dt: 1702.91ms | img/sec: 2405.29
step 102767 | loss: 2.712122 | lr 1.1442e-04 | norm: 0.5284 | dt: 1689.43ms | img/sec: 2424.49
step 102768 | loss: 2.659642 | lr 1.1431e-04 | norm: 0.5070 | dt: 1655.46ms | img/sec: 2474.24
step 102769 | loss: 2.690222 | lr 1.1419e-04 | norm: 0.5245 | dt: 1697.78ms | img/sec: 2412.57
step 102770 | loss: 2.660270 | lr 1.1408e-04 | norm: 0.5065 | dt: 1661.44ms | img/sec: 2465.34
step 102771 | loss: 2.689824 | lr 1.1396e-04 | norm: 0.5405 | dt: 1650.28ms | img/sec: 2482.00
step 102772 | loss: 2.630406 | lr 1.1385e-04 | norm: 0.4942 | dt: 1720.19ms | img/sec: 2381.13
step 102773 | loss: 2.689007 | lr 1.1373e-04 | norm: 0.5137 | dt: 1655.27ms | img/sec: 2474.52
step 102774 | loss: 2.653770 | lr 1.1362e-04 | norm: 0.5066 | dt: 1774.70ms | img/sec: 2308.00
step 102775 | loss: 2.627314 | lr 1.1350e-04 | norm: 0.5123 | dt: 1660.27ms | img/sec: 2467.07
step 102776 | loss: 2.670200 | lr 1.1339e-04 | norm: 0.5121 | dt: 1735.88ms | img/sec: 2359.61
step 102777 | loss: 2.628673 | lr 1.1327e-04 | norm: 0.5062 | dt: 1711.35ms | img/sec: 2393.43
step 102778 | loss: 2.688026 | lr 1.1316e-04 | norm: 0.5037 | dt: 1692.55ms | img/sec: 2420.02
step 102779 | loss: 2.596924 | lr 1.1305e-04 | norm: 0.5030 | dt: 1652.83ms | img/sec: 2478.17
step 102780 | loss: 2.641103 | lr 1.1293e-04 | norm: 0.4996 | dt: 1664.42ms | img/sec: 2460.91
step 102781 | loss: 2.665277 | lr 1.1282e-04 | norm: 0.5167 | dt: 1660.91ms | img/sec: 2466.12
step 102782 | loss: 2.652505 | lr 1.1270e-04 | norm: 0.5147 | dt: 1827.57ms | img/sec: 2241.23
step 102783 | loss: 2.684450 | lr 1.1259e-04 | norm: 0.5199 | dt: 1761.55ms | img/sec: 2325.23
step 102784 | loss: 2.672515 | lr 1.1247e-04 | norm: 0.5208 | dt: 1715.95ms | img/sec: 2387.02
step 102785 | loss: 2.721698 | lr 1.1236e-04 | norm: 0.5108 | dt: 1656.13ms | img/sec: 2473.24
step 102786 | loss: 2.638454 | lr 1.1225e-04 | norm: 0.5039 | dt: 1696.44ms | img/sec: 2414.47
step 102787 | loss: 2.673267 | lr 1.1213e-04 | norm: 0.5092 | dt: 1688.56ms | img/sec: 2425.74
step 102788 | loss: 2.671296 | lr 1.1202e-04 | norm: 0.5075 | dt: 1733.66ms | img/sec: 2362.63
step 102789 | loss: 2.706806 | lr 1.1190e-04 | norm: 0.5221 | dt: 1659.46ms | img/sec: 2468.27
step 102790 | loss: 2.634999 | lr 1.1179e-04 | norm: 0.4958 | dt: 1664.07ms | img/sec: 2461.44
step 102791 | loss: 2.686573 | lr 1.1168e-04 | norm: 0.5106 | dt: 1671.45ms | img/sec: 2450.56
step 102792 | loss: 2.747257 | lr 1.1156e-04 | norm: 0.5266 | dt: 1685.01ms | img/sec: 2430.84
step 102793 | loss: 2.599786 | lr 1.1145e-04 | norm: 0.4802 | dt: 1654.30ms | img/sec: 2475.97
step 102794 | loss: 2.676841 | lr 1.1133e-04 | norm: 0.5105 | dt: 1708.06ms | img/sec: 2398.05
step 102795 | loss: 2.593141 | lr 1.1122e-04 | norm: 0.4903 | dt: 1654.85ms | img/sec: 2475.16
step 102796 | loss: 2.684209 | lr 1.1111e-04 | norm: 0.5234 | dt: 1655.87ms | img/sec: 2473.62
step 102797 | loss: 2.688426 | lr 1.1099e-04 | norm: 0.5058 | dt: 1655.27ms | img/sec: 2474.52
step 102798 | loss: 2.709302 | lr 1.1088e-04 | norm: 0.5123 | dt: 1748.19ms | img/sec: 2343.00
step 102799 | loss: 2.571924 | lr 1.1077e-04 | norm: 0.4870 | dt: 1648.66ms | img/sec: 2484.44
step 102800 | loss: 2.638345 | lr 1.1065e-04 | norm: 0.4874 | dt: 1656.28ms | img/sec: 2473.01
step 102801 | loss: 2.730541 | lr 1.1054e-04 | norm: 0.5116 | dt: 1659.11ms | img/sec: 2468.79
step 102802 | loss: 2.653069 | lr 1.1043e-04 | norm: 0.5149 | dt: 1663.73ms | img/sec: 2461.94
step 102803 | loss: 2.667870 | lr 1.1031e-04 | norm: 0.4964 | dt: 1668.60ms | img/sec: 2454.75
step 102804 | loss: 2.677669 | lr 1.1020e-04 | norm: 0.4887 | dt: 1673.66ms | img/sec: 2447.33
step 102805 | loss: 2.754680 | lr 1.1009e-04 | norm: 0.5248 | dt: 1706.42ms | img/sec: 2400.34
step 102806 | loss: 2.612281 | lr 1.0997e-04 | norm: 0.5142 | dt: 1695.44ms | img/sec: 2415.89
step 102807 | loss: 2.672237 | lr 1.0986e-04 | norm: 0.5152 | dt: 1687.39ms | img/sec: 2427.42
step 102808 | loss: 2.726539 | lr 1.0975e-04 | norm: 0.5071 | dt: 1662.10ms | img/sec: 2464.35
step 102809 | loss: 2.648746 | lr 1.0963e-04 | norm: 0.4911 | dt: 1675.37ms | img/sec: 2444.83
step 102810 | loss: 2.693401 | lr 1.0952e-04 | norm: 0.5136 | dt: 1727.88ms | img/sec: 2370.53
step 102811 | loss: 2.642042 | lr 1.0941e-04 | norm: 0.4975 | dt: 1653.37ms | img/sec: 2477.37
step 102812 | loss: 2.740241 | lr 1.0929e-04 | norm: 0.5090 | dt: 1714.03ms | img/sec: 2389.69
step 102813 | loss: 2.646436 | lr 1.0918e-04 | norm: 0.5119 | dt: 1654.70ms | img/sec: 2475.37
step 102814 | loss: 2.666378 | lr 1.0907e-04 | norm: 0.5186 | dt: 1655.02ms | img/sec: 2474.89
step 102815 | loss: 2.630537 | lr 1.0896e-04 | norm: 0.5111 | dt: 1672.66ms | img/sec: 2448.80
step 102816 | loss: 2.566296 | lr 1.0884e-04 | norm: 0.4986 | dt: 1767.50ms | img/sec: 2317.39
step 102817 | loss: 2.633476 | lr 1.0873e-04 | norm: 0.4975 | dt: 1671.63ms | img/sec: 2450.30
step 102818 | loss: 2.679928 | lr 1.0862e-04 | norm: 0.4984 | dt: 1655.01ms | img/sec: 2474.92
step 102819 | loss: 2.628499 | lr 1.0851e-04 | norm: 0.5241 | dt: 1654.87ms | img/sec: 2475.12
step 102820 | loss: 2.651785 | lr 1.0839e-04 | norm: 0.5084 | dt: 1827.96ms | img/sec: 2240.75
step 102821 | loss: 2.734391 | lr 1.0828e-04 | norm: 0.5311 | dt: 1655.32ms | img/sec: 2474.45
step 102822 | loss: 2.740605 | lr 1.0817e-04 | norm: 0.5294 | dt: 1723.13ms | img/sec: 2377.07
step 102823 | loss: 2.685148 | lr 1.0806e-04 | norm: 0.5198 | dt: 1678.71ms | img/sec: 2439.97
step 102824 | loss: 2.686378 | lr 1.0794e-04 | norm: 0.5169 | dt: 1650.89ms | img/sec: 2481.08
step 102825 | loss: 2.668217 | lr 1.0783e-04 | norm: 0.5005 | dt: 1654.39ms | img/sec: 2475.84
step 102826 | loss: 2.692042 | lr 1.0772e-04 | norm: 0.5005 | dt: 1669.35ms | img/sec: 2453.64
step 102827 | loss: 2.640427 | lr 1.0761e-04 | norm: 0.5083 | dt: 1705.22ms | img/sec: 2402.04
step 102828 | loss: 2.645750 | lr 1.0749e-04 | norm: 0.4968 | dt: 1655.09ms | img/sec: 2474.79
step 102829 | loss: 2.707438 | lr 1.0738e-04 | norm: 0.5003 | dt: 1664.28ms | img/sec: 2461.12
step 102830 | loss: 2.697551 | lr 1.0727e-04 | norm: 0.5049 | dt: 1725.91ms | img/sec: 2373.24
step 102831 | loss: 2.651559 | lr 1.0716e-04 | norm: 0.5084 | dt: 1672.90ms | img/sec: 2448.45
step 102832 | loss: 2.664768 | lr 1.0705e-04 | norm: 0.4962 | dt: 1736.70ms | img/sec: 2358.50
step 102833 | loss: 2.672952 | lr 1.0693e-04 | norm: 0.5066 | dt: 1670.90ms | img/sec: 2451.37
step 102834 | loss: 2.682161 | lr 1.0682e-04 | norm: 0.5150 | dt: 1692.44ms | img/sec: 2420.17
step 102835 | loss: 2.647230 | lr 1.0671e-04 | norm: 0.4987 | dt: 1713.81ms | img/sec: 2389.99
step 102836 | loss: 2.678206 | lr 1.0660e-04 | norm: 0.4965 | dt: 1659.47ms | img/sec: 2468.26
step 102837 | loss: 2.710051 | lr 1.0649e-04 | norm: 0.5134 | dt: 1708.61ms | img/sec: 2397.27
step 102838 | loss: 2.682350 | lr 1.0637e-04 | norm: 0.4996 | dt: 1653.19ms | img/sec: 2477.63
step 102839 | loss: 2.671762 | lr 1.0626e-04 | norm: 0.5170 | dt: 1712.36ms | img/sec: 2392.03
step 102840 | loss: 2.640910 | lr 1.0615e-04 | norm: 0.5147 | dt: 1709.43ms | img/sec: 2396.12
step 102841 | loss: 2.703199 | lr 1.0604e-04 | norm: 0.5119 | dt: 1677.50ms | img/sec: 2441.73
step 102842 | loss: 2.617324 | lr 1.0593e-04 | norm: 0.5013 | dt: 1807.00ms | img/sec: 2266.75
step 102843 | loss: 2.705909 | lr 1.0582e-04 | norm: 0.5162 | dt: 1658.22ms | img/sec: 2470.12
step 102844 | loss: 2.687395 | lr 1.0570e-04 | norm: 0.5184 | dt: 1789.51ms | img/sec: 2288.90
step 102845 | loss: 2.801365 | lr 1.0559e-04 | norm: 0.5289 | dt: 1651.63ms | img/sec: 2479.97
step 102846 | loss: 2.618246 | lr 1.0548e-04 | norm: 0.5182 | dt: 1686.92ms | img/sec: 2428.09
step 102847 | loss: 2.694180 | lr 1.0537e-04 | norm: 0.5086 | dt: 1751.02ms | img/sec: 2339.20
step 102848 | loss: 2.680254 | lr 1.0526e-04 | norm: 0.5059 | dt: 1656.51ms | img/sec: 2472.68
step 102849 | loss: 2.712341 | lr 1.0515e-04 | norm: 0.5384 | dt: 1653.49ms | img/sec: 2477.18
step 102850 | loss: 2.716252 | lr 1.0504e-04 | norm: 0.5109 | dt: 1708.60ms | img/sec: 2397.29
step 102851 | loss: 2.700932 | lr 1.0493e-04 | norm: 0.5099 | dt: 1721.47ms | img/sec: 2379.36
step 102852 | loss: 2.750796 | lr 1.0481e-04 | norm: 0.5047 | dt: 1652.73ms | img/sec: 2478.32
step 102853 | loss: 2.694091 | lr 1.0470e-04 | norm: 0.5172 | dt: 1653.71ms | img/sec: 2476.85
step 102854 | loss: 2.676171 | lr 1.0459e-04 | norm: 0.5080 | dt: 1663.05ms | img/sec: 2462.94
step 102855 | loss: 2.694214 | lr 1.0448e-04 | norm: 0.5103 | dt: 1653.80ms | img/sec: 2476.72
step 102856 | loss: 2.719899 | lr 1.0437e-04 | norm: 0.5139 | dt: 1648.51ms | img/sec: 2484.67
step 102857 | loss: 2.648548 | lr 1.0426e-04 | norm: 0.4988 | dt: 1713.05ms | img/sec: 2391.06
step 102858 | loss: 2.682793 | lr 1.0415e-04 | norm: 0.5142 | dt: 1654.89ms | img/sec: 2475.08
step 102859 | loss: 2.709008 | lr 1.0404e-04 | norm: 0.5082 | dt: 1665.87ms | img/sec: 2458.77
step 102860 | loss: 2.653623 | lr 1.0393e-04 | norm: 0.5144 | dt: 1670.09ms | img/sec: 2452.56
step 102861 | loss: 2.629142 | lr 1.0382e-04 | norm: 0.5040 | dt: 1757.33ms | img/sec: 2330.81
step 102862 | loss: 2.689234 | lr 1.0371e-04 | norm: 0.5158 | dt: 1681.83ms | img/sec: 2435.44
step 102863 | loss: 2.749625 | lr 1.0360e-04 | norm: 0.5193 | dt: 1725.82ms | img/sec: 2373.37
step 102864 | loss: 2.734139 | lr 1.0348e-04 | norm: 0.5107 | dt: 1649.84ms | img/sec: 2482.67
step 102865 | loss: 2.678936 | lr 1.0337e-04 | norm: 0.4993 | dt: 1723.02ms | img/sec: 2377.22
