Global Batch Size: 4096
Micro Batch Size (B): 1024
Number of GPUs: 1
Gradient Accumulation Steps: 4
/venv/main/lib/python3.12/site-packages/webdataset/compat.py:381: UserWarning: set WebDataset(shardshuffle=...) to a positive integer or 0 or False
  warnings.warn("set WebDataset(shardshuffle=...) to a positive integer or 0 or False")
Decay params: 52 tensors, 86,444,544 elements
Non-decay params: 100 tensors, 123,112 elements
Using fused AdamW: True
SOTA SPRINT: Weights successfully mapped (File -> Model).
Resuming from step 93599. Total tensors loaded: 152
step 93599 | loss: 1.998575 | lr 4.8077e-06 | norm: 1.5973 | dt: 4841.07ms | img/sec: 846.09
step 93600 | loss: 1.930928 | lr 9.6154e-06 | norm: 1.5985 | dt: 1647.65ms | img/sec: 2485.96
step 93601 | loss: 1.967216 | lr 1.4423e-05 | norm: 1.5606 | dt: 1647.66ms | img/sec: 2485.95
step 93602 | loss: 1.904409 | lr 1.9231e-05 | norm: 1.5488 | dt: 1641.71ms | img/sec: 2494.96
step 93603 | loss: 1.909174 | lr 2.4038e-05 | norm: 1.5127 | dt: 1684.62ms | img/sec: 2431.41
step 93604 | loss: 1.943032 | lr 2.8846e-05 | norm: 1.5268 | dt: 1639.69ms | img/sec: 2498.04
step 93605 | loss: 1.944492 | lr 3.3654e-05 | norm: 1.5214 | dt: 1673.62ms | img/sec: 2447.38
step 93606 | loss: 2.024166 | lr 3.8462e-05 | norm: 1.7219 | dt: 1637.84ms | img/sec: 2500.85
step 93607 | loss: 1.962395 | lr 4.3269e-05 | norm: 1.6799 | dt: 1691.48ms | img/sec: 2421.54
step 93608 | loss: 1.936078 | lr 4.8077e-05 | norm: 1.7035 | dt: 1645.54ms | img/sec: 2489.15
step 93609 | loss: 1.907206 | lr 5.2885e-05 | norm: 1.6679 | dt: 1645.11ms | img/sec: 2489.80
step 93610 | loss: 1.998206 | lr 5.7692e-05 | norm: 1.7128 | dt: 1687.96ms | img/sec: 2426.60
step 93611 | loss: 2.040339 | lr 6.2500e-05 | norm: 1.6794 | dt: 1641.95ms | img/sec: 2494.59
step 93612 | loss: 1.939131 | lr 6.7308e-05 | norm: 1.6985 | dt: 1651.44ms | img/sec: 2480.26
step 93613 | loss: 1.926106 | lr 7.2115e-05 | norm: 1.7761 | dt: 1661.57ms | img/sec: 2465.14
step 93614 | loss: 1.954603 | lr 7.6923e-05 | norm: 1.9920 | dt: 1649.69ms | img/sec: 2482.88
step 93615 | loss: 1.975968 | lr 8.1731e-05 | norm: 1.6016 | dt: 1711.89ms | img/sec: 2392.68
step 93616 | loss: 1.999490 | lr 8.6538e-05 | norm: 1.6644 | dt: 1652.26ms | img/sec: 2479.02
step 93617 | loss: 1.942444 | lr 9.1346e-05 | norm: 1.8002 | dt: 1656.58ms | img/sec: 2472.57
step 93618 | loss: 1.964183 | lr 9.6154e-05 | norm: 1.7258 | dt: 1735.56ms | img/sec: 2360.05
step 93619 | loss: 1.972518 | lr 1.0096e-04 | norm: 1.6783 | dt: 1651.49ms | img/sec: 2480.19
step 93620 | loss: 2.039555 | lr 1.0577e-04 | norm: 1.7032 | dt: 1649.23ms | img/sec: 2483.58
step 93621 | loss: 1.960140 | lr 1.1058e-04 | norm: 1.7073 | dt: 1659.18ms | img/sec: 2468.68
step 93622 | loss: 2.022996 | lr 1.1538e-04 | norm: 1.8361 | dt: 1646.78ms | img/sec: 2487.27
step 93623 | loss: 2.105071 | lr 1.2019e-04 | norm: 1.7982 | dt: 1643.28ms | img/sec: 2492.57
step 93624 | loss: 1.949040 | lr 1.2500e-04 | norm: 1.7909 | dt: 1648.40ms | img/sec: 2484.83
step 93625 | loss: 1.970139 | lr 1.2981e-04 | norm: 1.8493 | dt: 1641.19ms | img/sec: 2495.75
step 93626 | loss: 1.995050 | lr 1.3462e-04 | norm: 1.8704 | dt: 1712.26ms | img/sec: 2392.16
step 93627 | loss: 2.052984 | lr 1.3942e-04 | norm: 1.7963 | dt: 1652.98ms | img/sec: 2477.94
step 93628 | loss: 2.083637 | lr 1.4423e-04 | norm: 1.7751 | dt: 1652.70ms | img/sec: 2478.37
step 93629 | loss: 2.041765 | lr 1.4904e-04 | norm: 1.6304 | dt: 1646.60ms | img/sec: 2487.55
step 93630 | loss: 2.002990 | lr 1.5385e-04 | norm: 1.9005 | dt: 1646.74ms | img/sec: 2487.35
step 93631 | loss: 2.026094 | lr 1.5865e-04 | norm: 1.9324 | dt: 1642.94ms | img/sec: 2493.10
step 93632 | loss: 2.060916 | lr 1.6346e-04 | norm: 1.9088 | dt: 1655.91ms | img/sec: 2473.56
step 93633 | loss: 2.059504 | lr 1.6827e-04 | norm: 2.1149 | dt: 1666.95ms | img/sec: 2457.18
step 93634 | loss: 1.973693 | lr 1.7308e-04 | norm: 1.8601 | dt: 1654.90ms | img/sec: 2475.08
step 93635 | loss: 2.158260 | lr 1.7788e-04 | norm: 1.8695 | dt: 1698.00ms | img/sec: 2412.25
step 93636 | loss: 2.111932 | lr 1.8269e-04 | norm: 2.4562 | dt: 1644.40ms | img/sec: 2490.89
step 93637 | loss: 2.109772 | lr 1.8750e-04 | norm: 2.3654 | dt: 1648.73ms | img/sec: 2484.34
step 93638 | loss: 2.095832 | lr 1.9231e-04 | norm: 1.7372 | dt: 1652.06ms | img/sec: 2479.33
step 93639 | loss: 2.008946 | lr 1.9712e-04 | norm: 1.8110 | dt: 1652.78ms | img/sec: 2478.24
step 93640 | loss: 2.071822 | lr 2.0192e-04 | norm: 1.6671 | dt: 1654.98ms | img/sec: 2474.95
step 93641 | loss: 2.098510 | lr 2.0673e-04 | norm: 1.9560 | dt: 1714.90ms | img/sec: 2388.47
step 93642 | loss: 2.089462 | lr 2.1154e-04 | norm: 1.8656 | dt: 1651.11ms | img/sec: 2480.76
step 93643 | loss: 2.067472 | lr 2.1635e-04 | norm: 1.9705 | dt: 1656.74ms | img/sec: 2472.32
step 93644 | loss: 2.126857 | lr 2.2115e-04 | norm: 1.9638 | dt: 1647.94ms | img/sec: 2485.53
step 93645 | loss: 2.153277 | lr 2.2596e-04 | norm: 2.0312 | dt: 1794.29ms | img/sec: 2282.80
step 93646 | loss: 2.111172 | lr 2.3077e-04 | norm: 1.9539 | dt: 1720.06ms | img/sec: 2381.31
step 93647 | loss: 2.121840 | lr 2.3558e-04 | norm: 2.0265 | dt: 1650.54ms | img/sec: 2481.61
step 93648 | loss: 2.125144 | lr 2.4038e-04 | norm: 1.9181 | dt: 1661.92ms | img/sec: 2464.62
step 93649 | loss: 2.170333 | lr 2.4519e-04 | norm: 1.8653 | dt: 1669.84ms | img/sec: 2452.92
step 93650 | loss: 2.096878 | lr 2.5000e-04 | norm: 1.6984 | dt: 1644.46ms | img/sec: 2490.79
step 93651 | loss: 2.037671 | lr 2.5481e-04 | norm: 1.8327 | dt: 1646.67ms | img/sec: 2487.44
step 93652 | loss: 2.135079 | lr 2.5962e-04 | norm: 2.0029 | dt: 1646.38ms | img/sec: 2487.89
step 93653 | loss: 2.224768 | lr 2.6442e-04 | norm: 1.7939 | dt: 1691.25ms | img/sec: 2421.88
step 93654 | loss: 2.028342 | lr 2.6923e-04 | norm: 2.1260 | dt: 1664.08ms | img/sec: 2461.42
step 93655 | loss: 2.170757 | lr 2.7404e-04 | norm: 1.8142 | dt: 1649.78ms | img/sec: 2482.75
step 93656 | loss: 2.103964 | lr 2.7885e-04 | norm: 2.0690 | dt: 1720.08ms | img/sec: 2381.29
step 93657 | loss: 2.170868 | lr 2.8365e-04 | norm: 1.7725 | dt: 1692.23ms | img/sec: 2420.47
step 93658 | loss: 2.209463 | lr 2.8846e-04 | norm: 1.9620 | dt: 1643.71ms | img/sec: 2491.93
step 93659 | loss: 2.171364 | lr 2.9327e-04 | norm: 1.7691 | dt: 1651.52ms | img/sec: 2480.14
step 93660 | loss: 2.162855 | lr 2.9808e-04 | norm: 1.8672 | dt: 1710.59ms | img/sec: 2394.50
step 93661 | loss: 2.226661 | lr 3.0288e-04 | norm: 2.0919 | dt: 1653.79ms | img/sec: 2476.74
step 93662 | loss: 2.186321 | lr 3.0769e-04 | norm: 1.9218 | dt: 1657.51ms | img/sec: 2471.18
step 93663 | loss: 2.169159 | lr 3.1250e-04 | norm: 2.4816 | dt: 1676.25ms | img/sec: 2443.55
step 93664 | loss: 2.209572 | lr 3.1731e-04 | norm: 2.2923 | dt: 1731.34ms | img/sec: 2365.80
step 93665 | loss: 2.227865 | lr 3.2212e-04 | norm: 1.9230 | dt: 1748.49ms | img/sec: 2342.59
step 93666 | loss: 2.159550 | lr 3.2692e-04 | norm: 1.9768 | dt: 1647.73ms | img/sec: 2485.84
step 93667 | loss: 2.202405 | lr 3.3173e-04 | norm: 1.7406 | dt: 1660.58ms | img/sec: 2466.60
step 93668 | loss: 2.161880 | lr 3.3654e-04 | norm: 2.2173 | dt: 1735.86ms | img/sec: 2359.63
step 93669 | loss: 2.212128 | lr 3.4135e-04 | norm: 1.8624 | dt: 1697.61ms | img/sec: 2412.80
step 93670 | loss: 2.260876 | lr 3.4615e-04 | norm: 1.7740 | dt: 1651.44ms | img/sec: 2480.26
step 93671 | loss: 2.173221 | lr 3.5096e-04 | norm: 2.4431 | dt: 1656.14ms | img/sec: 2473.23
step 93672 | loss: 2.178287 | lr 3.5577e-04 | norm: 1.8648 | dt: 1739.56ms | img/sec: 2354.62
step 93673 | loss: 2.160186 | lr 3.6058e-04 | norm: 1.7684 | dt: 1669.92ms | img/sec: 2452.81
step 93674 | loss: 2.282259 | lr 3.6538e-04 | norm: 2.0764 | dt: 1673.65ms | img/sec: 2447.35
step 93675 | loss: 2.297237 | lr 3.7019e-04 | norm: 2.2699 | dt: 1693.03ms | img/sec: 2419.33
step 93676 | loss: 2.258665 | lr 3.7500e-04 | norm: 2.1696 | dt: 1669.36ms | img/sec: 2453.63
step 93677 | loss: 2.202493 | lr 3.7981e-04 | norm: 1.8671 | dt: 1676.47ms | img/sec: 2443.22
step 93678 | loss: 2.223829 | lr 3.8462e-04 | norm: 1.7682 | dt: 1655.01ms | img/sec: 2474.92
step 93679 | loss: 2.194538 | lr 3.8942e-04 | norm: 1.8659 | dt: 1649.07ms | img/sec: 2483.82
step 93680 | loss: 2.264968 | lr 3.9423e-04 | norm: 1.9772 | dt: 1656.69ms | img/sec: 2472.40
step 93681 | loss: 2.303337 | lr 3.9904e-04 | norm: 1.9589 | dt: 1651.86ms | img/sec: 2479.63
step 93682 | loss: 2.199291 | lr 4.0385e-04 | norm: 1.7282 | dt: 1666.37ms | img/sec: 2458.04
step 93683 | loss: 2.178230 | lr 4.0865e-04 | norm: 1.8890 | dt: 1693.59ms | img/sec: 2418.53
step 93684 | loss: 2.188851 | lr 4.1346e-04 | norm: 1.6335 | dt: 1676.62ms | img/sec: 2443.01
step 93685 | loss: 2.251985 | lr 4.1827e-04 | norm: 1.9176 | dt: 1655.91ms | img/sec: 2473.56
step 93686 | loss: 2.269275 | lr 4.2308e-04 | norm: 1.9889 | dt: 1753.21ms | img/sec: 2336.29
step 93687 | loss: 2.275383 | lr 4.2788e-04 | norm: 1.7077 | dt: 1654.30ms | img/sec: 2475.98
step 93688 | loss: 2.282235 | lr 4.3269e-04 | norm: 2.0866 | dt: 1650.04ms | img/sec: 2482.37
step 93689 | loss: 2.346468 | lr 4.3750e-04 | norm: 1.7758 | dt: 1707.67ms | img/sec: 2398.59
step 93690 | loss: 2.348421 | lr 4.4231e-04 | norm: 1.8372 | dt: 1657.03ms | img/sec: 2471.89
step 93691 | loss: 2.374201 | lr 4.4712e-04 | norm: 2.0363 | dt: 1653.11ms | img/sec: 2477.75
step 93692 | loss: 2.218157 | lr 4.5192e-04 | norm: 1.9173 | dt: 1651.79ms | img/sec: 2479.73
step 93693 | loss: 2.232697 | lr 4.5673e-04 | norm: 1.6602 | dt: 1717.64ms | img/sec: 2384.67
step 93694 | loss: 2.365172 | lr 4.6154e-04 | norm: 1.7897 | dt: 1656.07ms | img/sec: 2473.33
step 93695 | loss: 2.375192 | lr 4.6635e-04 | norm: 2.2300 | dt: 1649.50ms | img/sec: 2483.18
step 93696 | loss: 2.385498 | lr 4.7115e-04 | norm: 2.1742 | dt: 1738.58ms | img/sec: 2355.95
step 93697 | loss: 2.315660 | lr 4.7596e-04 | norm: 2.2754 | dt: 1659.91ms | img/sec: 2467.60
step 93698 | loss: 2.257256 | lr 4.8077e-04 | norm: 2.1905 | dt: 1677.61ms | img/sec: 2441.57
step 93699 | loss: 2.375967 | lr 4.8558e-04 | norm: 2.1692 | dt: 1661.30ms | img/sec: 2465.53
step 93700 | loss: 2.214031 | lr 4.9038e-04 | norm: 1.9617 | dt: 1658.66ms | img/sec: 2469.46
step 93701 | loss: 2.260877 | lr 4.9519e-04 | norm: 2.0214 | dt: 1656.24ms | img/sec: 2473.07
step 93702 | loss: 2.335308 | lr 5.0000e-04 | norm: 1.7786 | dt: 1652.98ms | img/sec: 2477.95
step 93703 | loss: 2.399691 | lr 5.0481e-04 | norm: 1.7084 | dt: 1698.51ms | img/sec: 2411.53
step 93704 | loss: 2.388905 | lr 5.0962e-04 | norm: 2.1528 | dt: 1648.40ms | img/sec: 2484.83
step 93705 | loss: 2.341476 | lr 5.1442e-04 | norm: 1.9115 | dt: 1653.91ms | img/sec: 2476.56
step 93706 | loss: 2.348732 | lr 5.1923e-04 | norm: 1.7955 | dt: 1647.27ms | img/sec: 2486.54
step 93707 | loss: 2.361690 | lr 5.2404e-04 | norm: 2.0320 | dt: 1651.43ms | img/sec: 2480.28
step 93708 | loss: 2.368287 | lr 5.2885e-04 | norm: 2.1789 | dt: 1722.94ms | img/sec: 2377.33
step 93709 | loss: 2.320374 | lr 5.3365e-04 | norm: 1.7369 | dt: 1655.91ms | img/sec: 2473.56
step 93710 | loss: 2.398177 | lr 5.3846e-04 | norm: 1.7599 | dt: 1715.55ms | img/sec: 2387.58
step 93711 | loss: 2.317646 | lr 5.4327e-04 | norm: 1.7961 | dt: 1655.41ms | img/sec: 2474.32
step 93712 | loss: 2.351926 | lr 5.4808e-04 | norm: 2.1113 | dt: 1651.34ms | img/sec: 2480.41
step 93713 | loss: 2.290759 | lr 5.5288e-04 | norm: 1.7926 | dt: 1655.98ms | img/sec: 2473.46
step 93714 | loss: 2.386418 | lr 5.5769e-04 | norm: 1.8705 | dt: 1812.36ms | img/sec: 2260.04
step 93715 | loss: 2.435610 | lr 5.6250e-04 | norm: 2.2015 | dt: 1683.79ms | img/sec: 2432.61
step 93716 | loss: 2.396101 | lr 5.6731e-04 | norm: 2.0340 | dt: 1737.39ms | img/sec: 2357.56
step 93717 | loss: 2.416100 | lr 5.7212e-04 | norm: 2.2165 | dt: 1699.94ms | img/sec: 2409.50
step 93718 | loss: 2.392558 | lr 5.7692e-04 | norm: 1.9827 | dt: 1651.26ms | img/sec: 2480.53
step 93719 | loss: 2.308084 | lr 5.8173e-04 | norm: 1.7702 | dt: 1686.04ms | img/sec: 2429.36
step 93720 | loss: 2.398901 | lr 5.8654e-04 | norm: 1.9574 | dt: 1682.66ms | img/sec: 2434.24
step 93721 | loss: 2.527370 | lr 5.9135e-04 | norm: 2.1895 | dt: 1706.54ms | img/sec: 2400.17
step 93722 | loss: 2.393852 | lr 5.9615e-04 | norm: 1.7611 | dt: 1717.20ms | img/sec: 2385.28
step 93723 | loss: 2.424898 | lr 6.0096e-04 | norm: 1.7895 | dt: 1679.51ms | img/sec: 2438.81
step 93724 | loss: 2.402933 | lr 6.0577e-04 | norm: 1.8281 | dt: 1651.78ms | img/sec: 2479.75
step 93725 | loss: 2.431803 | lr 6.1058e-04 | norm: 3.2229 | dt: 1770.57ms | img/sec: 2313.37
step 93726 | loss: 2.499451 | lr 6.1538e-04 | norm: 2.1203 | dt: 1655.26ms | img/sec: 2474.54
step 93727 | loss: 2.562872 | lr 6.2019e-04 | norm: 3.1326 | dt: 1656.45ms | img/sec: 2472.76
step 93728 | loss: 2.402114 | lr 6.2500e-04 | norm: 1.9375 | dt: 1755.45ms | img/sec: 2333.30
step 93729 | loss: 2.524795 | lr 6.2981e-04 | norm: 2.2144 | dt: 1708.96ms | img/sec: 2396.78
step 93730 | loss: 2.460895 | lr 6.3462e-04 | norm: 2.3616 | dt: 1665.83ms | img/sec: 2458.84
step 93731 | loss: 2.528990 | lr 6.3942e-04 | norm: 2.6102 | dt: 1659.24ms | img/sec: 2468.60
step 93732 | loss: 2.437311 | lr 6.4423e-04 | norm: 1.8745 | dt: 1669.09ms | img/sec: 2454.03
step 93733 | loss: 2.484207 | lr 6.4904e-04 | norm: 3.0279 | dt: 1749.15ms | img/sec: 2341.72
step 93734 | loss: 2.536701 | lr 6.5385e-04 | norm: 2.2395 | dt: 1696.16ms | img/sec: 2414.87
step 93735 | loss: 2.545865 | lr 6.5865e-04 | norm: 1.9860 | dt: 1704.57ms | img/sec: 2402.95
step 93736 | loss: 2.515177 | lr 6.6346e-04 | norm: 1.7314 | dt: 1705.38ms | img/sec: 2401.81
step 93737 | loss: 2.378389 | lr 6.6827e-04 | norm: 1.7136 | dt: 1649.19ms | img/sec: 2483.64
step 93738 | loss: 2.510357 | lr 6.7308e-04 | norm: 1.9148 | dt: 1731.35ms | img/sec: 2365.79
step 93739 | loss: 2.429243 | lr 6.7788e-04 | norm: 1.7520 | dt: 1660.71ms | img/sec: 2466.41
step 93740 | loss: 2.474398 | lr 6.8269e-04 | norm: 1.7729 | dt: 1674.13ms | img/sec: 2446.65
step 93741 | loss: 2.387553 | lr 6.8750e-04 | norm: 2.0790 | dt: 1650.55ms | img/sec: 2481.59
step 93742 | loss: 2.515358 | lr 6.9231e-04 | norm: 1.9735 | dt: 1651.52ms | img/sec: 2480.15
step 93743 | loss: 2.569682 | lr 6.9712e-04 | norm: 2.0843 | dt: 1670.27ms | img/sec: 2452.29
step 93744 | loss: 2.519414 | lr 7.0192e-04 | norm: 1.9446 | dt: 1647.61ms | img/sec: 2486.02
step 93745 | loss: 2.598156 | lr 7.0673e-04 | norm: 2.1593 | dt: 1751.40ms | img/sec: 2338.70
step 93746 | loss: 2.532778 | lr 7.1154e-04 | norm: 2.0252 | dt: 1657.44ms | img/sec: 2471.29
step 93747 | loss: 2.489709 | lr 7.1635e-04 | norm: 1.7006 | dt: 1649.24ms | img/sec: 2483.57
step 93748 | loss: 2.463438 | lr 7.2115e-04 | norm: 1.8889 | dt: 1701.66ms | img/sec: 2407.06
step 93749 | loss: 2.471072 | lr 7.2596e-04 | norm: 1.7300 | dt: 1663.31ms | img/sec: 2462.57
step 93750 | loss: 2.542383 | lr 7.3077e-04 | norm: 2.1391 | dt: 1658.99ms | img/sec: 2468.97
step 93751 | loss: 2.496643 | lr 7.3558e-04 | norm: 1.9954 | dt: 1761.42ms | img/sec: 2325.40
step 93752 | loss: 2.590239 | lr 7.4038e-04 | norm: 2.0114 | dt: 1692.76ms | img/sec: 2419.72
step 93753 | loss: 2.522697 | lr 7.4519e-04 | norm: 1.8334 | dt: 1659.04ms | img/sec: 2468.90
step 93754 | loss: 2.514083 | lr 7.5000e-04 | norm: 2.1727 | dt: 1652.72ms | img/sec: 2478.34
step 93755 | loss: 2.575465 | lr 7.5481e-04 | norm: 2.1721 | dt: 1665.95ms | img/sec: 2458.66
step 93756 | loss: 2.579712 | lr 7.5962e-04 | norm: 2.2686 | dt: 1713.57ms | img/sec: 2390.33
step 93757 | loss: 2.602864 | lr 7.6442e-04 | norm: 2.0292 | dt: 1715.26ms | img/sec: 2387.98
step 93758 | loss: 2.568921 | lr 7.6923e-04 | norm: 1.6478 | dt: 1695.39ms | img/sec: 2415.97
step 93759 | loss: 2.510295 | lr 7.7404e-04 | norm: 1.9807 | dt: 1732.72ms | img/sec: 2363.92
step 93760 | loss: 2.649370 | lr 7.7885e-04 | norm: 2.0647 | dt: 1660.30ms | img/sec: 2467.03
step 93761 | loss: 2.610903 | lr 7.8365e-04 | norm: 1.7082 | dt: 1692.60ms | img/sec: 2419.95
step 93762 | loss: 2.469141 | lr 7.8846e-04 | norm: 1.8468 | dt: 1659.33ms | img/sec: 2468.46
step 93763 | loss: 2.560430 | lr 7.9327e-04 | norm: 2.2826 | dt: 1656.61ms | img/sec: 2472.52
step 93764 | loss: 2.485647 | lr 7.9808e-04 | norm: 2.2193 | dt: 1651.11ms | img/sec: 2480.76
step 93765 | loss: 2.568606 | lr 8.0288e-04 | norm: 1.8512 | dt: 1681.02ms | img/sec: 2436.61
step 93766 | loss: 2.562964 | lr 8.0769e-04 | norm: 1.8994 | dt: 1761.69ms | img/sec: 2325.04
step 93767 | loss: 2.481790 | lr 8.1250e-04 | norm: 1.8235 | dt: 1656.17ms | img/sec: 2473.18
step 93768 | loss: 2.670131 | lr 8.1731e-04 | norm: 2.0319 | dt: 1649.09ms | img/sec: 2483.79
step 93769 | loss: 2.556860 | lr 8.2212e-04 | norm: 2.0749 | dt: 1662.20ms | img/sec: 2464.20
step 93770 | loss: 2.588771 | lr 8.2692e-04 | norm: 1.9349 | dt: 1657.35ms | img/sec: 2471.41
step 93771 | loss: 2.577873 | lr 8.3173e-04 | norm: 2.0253 | dt: 1745.11ms | img/sec: 2347.13
step 93772 | loss: 2.662657 | lr 8.3654e-04 | norm: 1.9478 | dt: 1696.62ms | img/sec: 2414.21
step 93773 | loss: 2.644817 | lr 8.4135e-04 | norm: 2.0153 | dt: 1671.14ms | img/sec: 2451.03
step 93774 | loss: 2.559237 | lr 8.4615e-04 | norm: 1.7100 | dt: 1718.49ms | img/sec: 2383.49
step 93775 | loss: 2.647250 | lr 8.5096e-04 | norm: 1.8162 | dt: 1704.65ms | img/sec: 2402.83
step 93776 | loss: 2.564051 | lr 8.5577e-04 | norm: 2.1784 | dt: 1682.38ms | img/sec: 2434.65
step 93777 | loss: 2.606532 | lr 8.6058e-04 | norm: 1.8718 | dt: 1666.11ms | img/sec: 2458.42
step 93778 | loss: 2.621800 | lr 8.6538e-04 | norm: 1.8925 | dt: 1654.52ms | img/sec: 2475.64
step 93779 | loss: 2.607064 | lr 8.7019e-04 | norm: 2.3030 | dt: 1652.04ms | img/sec: 2479.35
step 93780 | loss: 2.667778 | lr 8.7500e-04 | norm: 1.9779 | dt: 1707.38ms | img/sec: 2399.00
step 93781 | loss: 2.690183 | lr 8.7981e-04 | norm: 1.5390 | dt: 1695.28ms | img/sec: 2416.12
step 93782 | loss: 2.726508 | lr 8.8462e-04 | norm: 2.4909 | dt: 1655.45ms | img/sec: 2474.25
step 93783 | loss: 2.666126 | lr 8.8942e-04 | norm: 1.9222 | dt: 1706.06ms | img/sec: 2400.85
step 93784 | loss: 2.666814 | lr 8.9423e-04 | norm: 1.9381 | dt: 1651.29ms | img/sec: 2480.48
step 93785 | loss: 2.609730 | lr 8.9904e-04 | norm: 1.6560 | dt: 1740.82ms | img/sec: 2352.92
step 93786 | loss: 2.671231 | lr 9.0385e-04 | norm: 1.8020 | dt: 1652.92ms | img/sec: 2478.03
step 93787 | loss: 2.662497 | lr 9.0865e-04 | norm: 1.8919 | dt: 1663.75ms | img/sec: 2461.91
step 93788 | loss: 2.609834 | lr 9.1346e-04 | norm: 1.9567 | dt: 1724.44ms | img/sec: 2375.27
step 93789 | loss: 2.623057 | lr 9.1827e-04 | norm: 1.6434 | dt: 1701.17ms | img/sec: 2407.75
step 93790 | loss: 2.886768 | lr 9.2308e-04 | norm: 2.3763 | dt: 1764.67ms | img/sec: 2321.12
step 93791 | loss: 2.733559 | lr 9.2788e-04 | norm: 2.2278 | dt: 1740.65ms | img/sec: 2353.14
step 93792 | loss: 2.683472 | lr 9.3269e-04 | norm: 1.6977 | dt: 1710.47ms | img/sec: 2394.66
step 93793 | loss: 2.681908 | lr 9.3750e-04 | norm: 1.7775 | dt: 1646.38ms | img/sec: 2487.89
step 93794 | loss: 2.701814 | lr 9.4231e-04 | norm: 2.1681 | dt: 1659.45ms | img/sec: 2468.29
step 93795 | loss: 2.700365 | lr 9.4712e-04 | norm: 2.0538 | dt: 1644.90ms | img/sec: 2490.12
step 93796 | loss: 2.661983 | lr 9.5192e-04 | norm: 1.8545 | dt: 1720.85ms | img/sec: 2380.21
step 93797 | loss: 2.743909 | lr 9.5673e-04 | norm: 2.2789 | dt: 1701.66ms | img/sec: 2407.06
step 93798 | loss: 2.823569 | lr 9.6154e-04 | norm: 1.8954 | dt: 1650.06ms | img/sec: 2482.33
step 93799 | loss: 2.713756 | lr 9.6635e-04 | norm: 2.0021 | dt: 1688.96ms | img/sec: 2425.17
step 93800 | loss: 2.690023 | lr 9.7115e-04 | norm: 1.5621 | dt: 1664.93ms | img/sec: 2460.16
step 93801 | loss: 2.695033 | lr 9.7596e-04 | norm: 1.5317 | dt: 1706.12ms | img/sec: 2400.78
step 93802 | loss: 2.846011 | lr 9.8077e-04 | norm: 2.1894 | dt: 1694.01ms | img/sec: 2417.93
step 93803 | loss: 2.731219 | lr 9.8558e-04 | norm: 1.9902 | dt: 1651.35ms | img/sec: 2480.40
step 93804 | loss: 2.645990 | lr 9.9038e-04 | norm: 1.8615 | dt: 1693.21ms | img/sec: 2419.07
step 93805 | loss: 2.670459 | lr 9.9519e-04 | norm: 1.6633 | dt: 1657.97ms | img/sec: 2470.50
step 93806 | loss: 2.693023 | lr 1.0000e-03 | norm: 1.8803 | dt: 1672.65ms | img/sec: 2448.81
step 93807 | loss: 2.828771 | lr 1.0048e-03 | norm: 1.7367 | dt: 1757.76ms | img/sec: 2330.24
step 93808 | loss: 2.765798 | lr 1.0096e-03 | norm: 1.8352 | dt: 1729.86ms | img/sec: 2367.83
step 93809 | loss: 2.700808 | lr 1.0144e-03 | norm: 1.6938 | dt: 1694.90ms | img/sec: 2416.67
step 93810 | loss: 2.714994 | lr 1.0192e-03 | norm: 1.8199 | dt: 1646.87ms | img/sec: 2487.15
step 93811 | loss: 2.693258 | lr 1.0240e-03 | norm: 1.8155 | dt: 1816.58ms | img/sec: 2254.78
step 93812 | loss: 2.729374 | lr 1.0288e-03 | norm: 1.8189 | dt: 1756.47ms | img/sec: 2331.94
step 93813 | loss: 2.776364 | lr 1.0337e-03 | norm: 1.7615 | dt: 1656.33ms | img/sec: 2472.94
step 93814 | loss: 2.775630 | lr 1.0385e-03 | norm: 1.7774 | dt: 1669.77ms | img/sec: 2453.03
step 93815 | loss: 2.712814 | lr 1.0433e-03 | norm: 1.5938 | dt: 1652.83ms | img/sec: 2478.18
step 93816 | loss: 2.730861 | lr 1.0481e-03 | norm: 2.2299 | dt: 1657.32ms | img/sec: 2471.46
step 93817 | loss: 2.724263 | lr 1.0529e-03 | norm: 1.7275 | dt: 1656.87ms | img/sec: 2472.14
step 93818 | loss: 2.763554 | lr 1.0577e-03 | norm: 1.7667 | dt: 1656.58ms | img/sec: 2472.57
step 93819 | loss: 2.780019 | lr 1.0625e-03 | norm: 2.0867 | dt: 1695.85ms | img/sec: 2415.31
step 93820 | loss: 2.763831 | lr 1.0673e-03 | norm: 2.1307 | dt: 1653.75ms | img/sec: 2476.80
step 93821 | loss: 2.731977 | lr 1.0721e-03 | norm: 1.6567 | dt: 1693.76ms | img/sec: 2418.28
step 93822 | loss: 2.765751 | lr 1.0769e-03 | norm: 2.4366 | dt: 1714.20ms | img/sec: 2389.46
step 93823 | loss: 2.788802 | lr 1.0817e-03 | norm: 1.8381 | dt: 1654.32ms | img/sec: 2475.94
step 93824 | loss: 2.837573 | lr 1.0865e-03 | norm: 1.6207 | dt: 1703.76ms | img/sec: 2404.09
step 93825 | loss: 2.730870 | lr 1.0913e-03 | norm: 1.6105 | dt: 1645.14ms | img/sec: 2489.76
step 93826 | loss: 2.713026 | lr 1.0962e-03 | norm: 1.6168 | dt: 1658.49ms | img/sec: 2469.72
step 93827 | loss: 2.760713 | lr 1.1010e-03 | norm: 1.9732 | dt: 1681.63ms | img/sec: 2435.74
step 93828 | loss: 2.801970 | lr 1.1058e-03 | norm: 2.2980 | dt: 1645.66ms | img/sec: 2488.97
step 93829 | loss: 2.660761 | lr 1.1106e-03 | norm: 1.9703 | dt: 1663.95ms | img/sec: 2461.61
step 93830 | loss: 2.821881 | lr 1.1154e-03 | norm: 2.0544 | dt: 1654.11ms | img/sec: 2476.25
step 93831 | loss: 2.919670 | lr 1.1202e-03 | norm: 2.2298 | dt: 1827.54ms | img/sec: 2241.27
step 93832 | loss: 2.873468 | lr 1.1250e-03 | norm: 1.9380 | dt: 1789.54ms | img/sec: 2288.85
step 93833 | loss: 2.903884 | lr 1.1298e-03 | norm: 2.5067 | dt: 1663.82ms | img/sec: 2461.81
step 93834 | loss: 2.855347 | lr 1.1346e-03 | norm: 1.6044 | dt: 1733.37ms | img/sec: 2363.02
step 93835 | loss: 2.942285 | lr 1.1394e-03 | norm: 2.4478 | dt: 1645.65ms | img/sec: 2488.98
step 93836 | loss: 2.963977 | lr 1.1442e-03 | norm: 1.9256 | dt: 1734.64ms | img/sec: 2361.30
step 93837 | loss: 2.728237 | lr 1.1490e-03 | norm: 1.5090 | dt: 1645.49ms | img/sec: 2489.23
step 93838 | loss: 2.791354 | lr 1.1538e-03 | norm: 1.5988 | dt: 1694.09ms | img/sec: 2417.82
step 93839 | loss: 2.885306 | lr 1.1587e-03 | norm: 2.0819 | dt: 1694.76ms | img/sec: 2416.86
step 93840 | loss: 2.848299 | lr 1.1635e-03 | norm: 1.7788 | dt: 1658.28ms | img/sec: 2470.03
step 93841 | loss: 2.784136 | lr 1.1683e-03 | norm: 1.7412 | dt: 1699.99ms | img/sec: 2409.42
step 93842 | loss: 2.938821 | lr 1.1731e-03 | norm: 2.1520 | dt: 1645.70ms | img/sec: 2488.91
step 93843 | loss: 2.816516 | lr 1.1779e-03 | norm: 1.8125 | dt: 1678.21ms | img/sec: 2440.70
step 93844 | loss: 2.837198 | lr 1.1827e-03 | norm: 2.2467 | dt: 1670.56ms | img/sec: 2451.87
step 93845 | loss: 2.808653 | lr 1.1875e-03 | norm: 1.7109 | dt: 1657.57ms | img/sec: 2471.09
step 93846 | loss: 2.835966 | lr 1.1923e-03 | norm: 1.6385 | dt: 1646.17ms | img/sec: 2488.20
step 93847 | loss: 2.851247 | lr 1.1971e-03 | norm: 2.0938 | dt: 1728.00ms | img/sec: 2370.37
step 93848 | loss: 2.992301 | lr 1.2019e-03 | norm: 1.9928 | dt: 1678.15ms | img/sec: 2440.78
step 93849 | loss: 2.897610 | lr 1.2067e-03 | norm: 1.7770 | dt: 1710.50ms | img/sec: 2394.63
step 93850 | loss: 2.948340 | lr 1.2115e-03 | norm: 1.5586 | dt: 1690.64ms | img/sec: 2422.75
step 93851 | loss: 2.908319 | lr 1.2163e-03 | norm: 2.2598 | dt: 1659.16ms | img/sec: 2468.71
step 93852 | loss: 2.908588 | lr 1.2212e-03 | norm: 1.8802 | dt: 1697.74ms | img/sec: 2412.63
step 93853 | loss: 3.101185 | lr 1.2260e-03 | norm: 3.2496 | dt: 1650.44ms | img/sec: 2481.76
step 93854 | loss: 2.934029 | lr 1.2308e-03 | norm: 1.9054 | dt: 1658.80ms | img/sec: 2469.25
step 93855 | loss: 2.903207 | lr 1.2356e-03 | norm: 2.0584 | dt: 1653.20ms | img/sec: 2477.61
step 93856 | loss: 3.029293 | lr 1.2404e-03 | norm: 1.6625 | dt: 1730.40ms | img/sec: 2367.08
step 93857 | loss: 2.953443 | lr 1.2452e-03 | norm: 1.8229 | dt: 1708.24ms | img/sec: 2397.79
step 93858 | loss: 3.005376 | lr 1.2500e-03 | norm: 2.2006 | dt: 1653.70ms | img/sec: 2476.87
step 93859 | loss: 2.939494 | lr 1.2548e-03 | norm: 1.7018 | dt: 1717.73ms | img/sec: 2384.54
step 93860 | loss: 2.961030 | lr 1.2596e-03 | norm: 1.6938 | dt: 1744.68ms | img/sec: 2347.70
step 93861 | loss: 3.044096 | lr 1.2644e-03 | norm: 2.3787 | dt: 1657.32ms | img/sec: 2471.47
step 93862 | loss: 2.841923 | lr 1.2692e-03 | norm: 1.7519 | dt: 1662.00ms | img/sec: 2464.50
step 93863 | loss: 3.007807 | lr 1.2740e-03 | norm: 1.8262 | dt: 1708.19ms | img/sec: 2397.85
step 93864 | loss: 2.922300 | lr 1.2788e-03 | norm: 2.1756 | dt: 1694.24ms | img/sec: 2417.60
step 93865 | loss: 2.956582 | lr 1.2837e-03 | norm: 1.9803 | dt: 1647.67ms | img/sec: 2485.94
step 93866 | loss: 3.005107 | lr 1.2885e-03 | norm: 1.7931 | dt: 1668.09ms | img/sec: 2455.50
step 93867 | loss: 2.994073 | lr 1.2933e-03 | norm: 1.9037 | dt: 1675.17ms | img/sec: 2445.12
step 93868 | loss: 2.917314 | lr 1.2981e-03 | norm: 1.6668 | dt: 1669.35ms | img/sec: 2453.66
step 93869 | loss: 2.757219 | lr 1.3029e-03 | norm: 1.9232 | dt: 1678.08ms | img/sec: 2440.89
step 93870 | loss: 2.912893 | lr 1.3077e-03 | norm: 1.8668 | dt: 1648.71ms | img/sec: 2484.36
step 93871 | loss: 2.813037 | lr 1.3125e-03 | norm: 1.5161 | dt: 1709.69ms | img/sec: 2395.76
step 93872 | loss: 2.978528 | lr 1.3173e-03 | norm: 2.1278 | dt: 1701.94ms | img/sec: 2406.67
step 93873 | loss: 2.883388 | lr 1.3221e-03 | norm: 1.7451 | dt: 1652.18ms | img/sec: 2479.14
step 93874 | loss: 2.952235 | lr 1.3269e-03 | norm: 1.4949 | dt: 1651.84ms | img/sec: 2479.66
step 93875 | loss: 2.889695 | lr 1.3317e-03 | norm: 2.1023 | dt: 1692.99ms | img/sec: 2419.39
step 93876 | loss: 3.016760 | lr 1.3365e-03 | norm: 1.9184 | dt: 1662.30ms | img/sec: 2464.05
step 93877 | loss: 2.863992 | lr 1.3413e-03 | norm: 1.7874 | dt: 1653.03ms | img/sec: 2477.87
step 93878 | loss: 2.911734 | lr 1.3462e-03 | norm: 1.5844 | dt: 1651.25ms | img/sec: 2480.55
step 93879 | loss: 2.899513 | lr 1.3510e-03 | norm: 1.8678 | dt: 1713.93ms | img/sec: 2389.82
step 93880 | loss: 3.028917 | lr 1.3558e-03 | norm: 2.1394 | dt: 1658.24ms | img/sec: 2470.10
step 93881 | loss: 3.030299 | lr 1.3606e-03 | norm: 2.1542 | dt: 1650.22ms | img/sec: 2482.10
step 93882 | loss: 3.064175 | lr 1.3654e-03 | norm: 2.0397 | dt: 1782.67ms | img/sec: 2297.68
step 93883 | loss: 2.911968 | lr 1.3702e-03 | norm: 1.4192 | dt: 1650.00ms | img/sec: 2482.42
step 93884 | loss: 2.950565 | lr 1.3750e-03 | norm: 1.7217 | dt: 1730.79ms | img/sec: 2366.54
step 93885 | loss: 2.907904 | lr 1.3798e-03 | norm: 1.8334 | dt: 1741.16ms | img/sec: 2352.45
step 93886 | loss: 2.856858 | lr 1.3846e-03 | norm: 1.4393 | dt: 1771.90ms | img/sec: 2311.64
step 93887 | loss: 2.948348 | lr 1.3894e-03 | norm: 2.1535 | dt: 1708.26ms | img/sec: 2397.76
step 93888 | loss: 2.919351 | lr 1.3942e-03 | norm: 1.5568 | dt: 1737.56ms | img/sec: 2357.33
step 93889 | loss: 2.949966 | lr 1.3990e-03 | norm: 1.8438 | dt: 1747.70ms | img/sec: 2343.65
step 93890 | loss: 2.910838 | lr 1.4038e-03 | norm: 1.7362 | dt: 1675.44ms | img/sec: 2444.73
step 93891 | loss: 2.971878 | lr 1.4087e-03 | norm: 1.4954 | dt: 1652.98ms | img/sec: 2477.95
step 93892 | loss: 2.983732 | lr 1.4135e-03 | norm: 1.4558 | dt: 1715.46ms | img/sec: 2387.69
step 93893 | loss: 3.028968 | lr 1.4183e-03 | norm: 1.6860 | dt: 1664.15ms | img/sec: 2461.32
step 93894 | loss: 2.991951 | lr 1.4231e-03 | norm: 2.0778 | dt: 1668.17ms | img/sec: 2455.39
step 93895 | loss: 3.026999 | lr 1.4279e-03 | norm: 2.0541 | dt: 1714.81ms | img/sec: 2388.60
step 93896 | loss: 3.039983 | lr 1.4327e-03 | norm: 1.5809 | dt: 1703.12ms | img/sec: 2404.99
step 93897 | loss: 3.052648 | lr 1.4375e-03 | norm: 2.0489 | dt: 1671.11ms | img/sec: 2451.06
step 93898 | loss: 3.074879 | lr 1.4423e-03 | norm: 1.7047 | dt: 1653.58ms | img/sec: 2477.04
step 93899 | loss: 2.925712 | lr 1.4471e-03 | norm: 1.6293 | dt: 1676.75ms | img/sec: 2442.82
step 93900 | loss: 3.010311 | lr 1.4519e-03 | norm: 1.5924 | dt: 1654.91ms | img/sec: 2475.06
step 93901 | loss: 2.954739 | lr 1.4567e-03 | norm: 1.8041 | dt: 1695.53ms | img/sec: 2415.77
step 93902 | loss: 3.129735 | lr 1.4615e-03 | norm: 1.9263 | dt: 1650.63ms | img/sec: 2481.47
step 93903 | loss: 3.045319 | lr 1.4663e-03 | norm: 1.7553 | dt: 1658.03ms | img/sec: 2470.41
step 93904 | loss: 3.018142 | lr 1.4712e-03 | norm: 1.8036 | dt: 1841.62ms | img/sec: 2224.13
step 93905 | loss: 3.133062 | lr 1.4760e-03 | norm: 1.9562 | dt: 1651.20ms | img/sec: 2480.63
step 93906 | loss: 3.185295 | lr 1.4808e-03 | norm: 1.9109 | dt: 1653.96ms | img/sec: 2476.48
step 93907 | loss: 3.145584 | lr 1.4856e-03 | norm: 3.2113 | dt: 1738.91ms | img/sec: 2355.50
step 93908 | loss: 3.084815 | lr 1.4904e-03 | norm: 1.6237 | dt: 1655.54ms | img/sec: 2474.12
step 93909 | loss: 3.099266 | lr 1.4952e-03 | norm: 2.1681 | dt: 1667.96ms | img/sec: 2455.70
step 93910 | loss: 3.085117 | lr 1.5000e-03 | norm: 1.7006 | dt: 1661.66ms | img/sec: 2465.01
step 93911 | loss: 3.053113 | lr 1.5048e-03 | norm: 1.5997 | dt: 1714.64ms | img/sec: 2388.85
step 93912 | loss: 3.104850 | lr 1.5096e-03 | norm: 1.6229 | dt: 1649.25ms | img/sec: 2483.56
step 93913 | loss: 3.087008 | lr 1.5144e-03 | norm: 1.6422 | dt: 1656.25ms | img/sec: 2473.05
step 93914 | loss: 3.015419 | lr 1.5192e-03 | norm: 1.7685 | dt: 1660.76ms | img/sec: 2466.34
step 93915 | loss: 3.045444 | lr 1.5240e-03 | norm: 1.6511 | dt: 1647.62ms | img/sec: 2486.01
step 93916 | loss: 3.056626 | lr 1.5288e-03 | norm: 1.8832 | dt: 1662.80ms | img/sec: 2463.32
step 93917 | loss: 2.987115 | lr 1.5337e-03 | norm: 2.0779 | dt: 1653.26ms | img/sec: 2477.53
step 93918 | loss: 3.057492 | lr 1.5385e-03 | norm: 1.9875 | dt: 1653.97ms | img/sec: 2476.46
step 93919 | loss: 3.195795 | lr 1.5433e-03 | norm: 1.8419 | dt: 1717.02ms | img/sec: 2385.53
step 93920 | loss: 3.146067 | lr 1.5481e-03 | norm: 1.8935 | dt: 1670.47ms | img/sec: 2452.01
step 93921 | loss: 2.913384 | lr 1.5529e-03 | norm: 1.3956 | dt: 1648.23ms | img/sec: 2485.10
step 93922 | loss: 3.096390 | lr 1.5577e-03 | norm: 1.7125 | dt: 1651.78ms | img/sec: 2479.75
step 93923 | loss: 3.237032 | lr 1.5625e-03 | norm: 1.9757 | dt: 1659.32ms | img/sec: 2468.49
step 93924 | loss: 3.097831 | lr 1.5673e-03 | norm: 1.7990 | dt: 1647.60ms | img/sec: 2486.04
step 93925 | loss: 3.057061 | lr 1.5721e-03 | norm: 1.7986 | dt: 1666.77ms | img/sec: 2457.45
step 93926 | loss: 3.108230 | lr 1.5769e-03 | norm: 1.9578 | dt: 1667.57ms | img/sec: 2456.26
step 93927 | loss: 3.081664 | lr 1.5817e-03 | norm: 1.6769 | dt: 1653.78ms | img/sec: 2476.76
step 93928 | loss: 3.157790 | lr 1.5865e-03 | norm: 1.9205 | dt: 1701.28ms | img/sec: 2407.59
step 93929 | loss: 3.122095 | lr 1.5913e-03 | norm: 1.7052 | dt: 1717.31ms | img/sec: 2385.13
step 93930 | loss: 3.158301 | lr 1.5962e-03 | norm: 1.5711 | dt: 1654.41ms | img/sec: 2475.81
step 93931 | loss: 3.128624 | lr 1.6010e-03 | norm: 1.5768 | dt: 1703.91ms | img/sec: 2403.88
step 93932 | loss: 3.215040 | lr 1.6058e-03 | norm: 1.8465 | dt: 1705.85ms | img/sec: 2401.15
step 93933 | loss: 3.068675 | lr 1.6106e-03 | norm: 1.7049 | dt: 1652.52ms | img/sec: 2478.64
step 93934 | loss: 3.093452 | lr 1.6154e-03 | norm: 1.8760 | dt: 1647.66ms | img/sec: 2485.94
step 93935 | loss: 3.137646 | lr 1.6202e-03 | norm: 1.7484 | dt: 1649.95ms | img/sec: 2482.49
step 93936 | loss: 3.097104 | lr 1.6250e-03 | norm: 1.8759 | dt: 1716.46ms | img/sec: 2386.31
step 93937 | loss: 2.996498 | lr 1.6298e-03 | norm: 1.4702 | dt: 1680.09ms | img/sec: 2437.97
step 93938 | loss: 2.962654 | lr 1.6346e-03 | norm: 1.6305 | dt: 1725.53ms | img/sec: 2373.76
step 93939 | loss: 3.083513 | lr 1.6394e-03 | norm: 2.4375 | dt: 1667.71ms | img/sec: 2456.07
step 93940 | loss: 3.214141 | lr 1.6442e-03 | norm: 2.0828 | dt: 1663.51ms | img/sec: 2462.27
step 93941 | loss: 3.167149 | lr 1.6490e-03 | norm: 1.5586 | dt: 1673.44ms | img/sec: 2447.65
step 93942 | loss: 3.185601 | lr 1.6538e-03 | norm: 1.9112 | dt: 1645.94ms | img/sec: 2488.55
step 93943 | loss: 3.159331 | lr 1.6587e-03 | norm: 1.5246 | dt: 1722.15ms | img/sec: 2378.43
step 93944 | loss: 3.082238 | lr 1.6635e-03 | norm: 1.4901 | dt: 1748.18ms | img/sec: 2343.00
step 93945 | loss: 3.030874 | lr 1.6683e-03 | norm: 1.6091 | dt: 1712.38ms | img/sec: 2392.00
step 93946 | loss: 3.042935 | lr 1.6731e-03 | norm: 1.5376 | dt: 1660.99ms | img/sec: 2465.99
step 93947 | loss: 3.129960 | lr 1.6779e-03 | norm: 1.7836 | dt: 1691.85ms | img/sec: 2421.02
step 93948 | loss: 3.163787 | lr 1.6827e-03 | norm: 1.4566 | dt: 1647.51ms | img/sec: 2486.18
step 93949 | loss: 3.119828 | lr 1.6875e-03 | norm: 1.4856 | dt: 1706.93ms | img/sec: 2399.62
step 93950 | loss: 3.158785 | lr 1.6923e-03 | norm: 1.8237 | dt: 1725.61ms | img/sec: 2373.65
step 93951 | loss: 3.200799 | lr 1.6971e-03 | norm: 1.7919 | dt: 1725.88ms | img/sec: 2373.28
step 93952 | loss: 3.242217 | lr 1.7019e-03 | norm: 2.0537 | dt: 1651.27ms | img/sec: 2480.52
step 93953 | loss: 3.281436 | lr 1.7067e-03 | norm: 1.7298 | dt: 1669.19ms | img/sec: 2453.88
step 93954 | loss: 3.240278 | lr 1.7115e-03 | norm: 2.2620 | dt: 1681.84ms | img/sec: 2435.42
step 93955 | loss: 3.205851 | lr 1.7163e-03 | norm: 1.4420 | dt: 1647.34ms | img/sec: 2486.44
step 93956 | loss: 3.230580 | lr 1.7212e-03 | norm: 1.6187 | dt: 1762.35ms | img/sec: 2324.17
step 93957 | loss: 3.238530 | lr 1.7260e-03 | norm: 1.6739 | dt: 1767.02ms | img/sec: 2318.03
step 93958 | loss: 3.018937 | lr 1.7308e-03 | norm: 1.1460 | dt: 1651.57ms | img/sec: 2480.06
step 93959 | loss: 3.163022 | lr 1.7356e-03 | norm: 1.4464 | dt: 1673.48ms | img/sec: 2447.59
step 93960 | loss: 3.210745 | lr 1.7404e-03 | norm: 1.3756 | dt: 1692.46ms | img/sec: 2420.15
step 93961 | loss: 3.305365 | lr 1.7452e-03 | norm: 2.0209 | dt: 1691.06ms | img/sec: 2422.15
step 93962 | loss: 3.158859 | lr 1.7500e-03 | norm: 1.4684 | dt: 1645.86ms | img/sec: 2488.67
step 93963 | loss: 3.071399 | lr 1.7548e-03 | norm: 1.6239 | dt: 1650.58ms | img/sec: 2481.56
step 93964 | loss: 3.166905 | lr 1.7596e-03 | norm: 1.9133 | dt: 1651.93ms | img/sec: 2479.52
step 93965 | loss: 3.191191 | lr 1.7644e-03 | norm: 1.8186 | dt: 1648.15ms | img/sec: 2485.20
step 93966 | loss: 3.152253 | lr 1.7692e-03 | norm: 1.3902 | dt: 1658.65ms | img/sec: 2469.48
step 93967 | loss: 3.289986 | lr 1.7740e-03 | norm: 2.2137 | dt: 1651.59ms | img/sec: 2480.03
step 93968 | loss: 3.267318 | lr 1.7788e-03 | norm: 1.5113 | dt: 1653.14ms | img/sec: 2477.71
step 93969 | loss: 3.220321 | lr 1.7837e-03 | norm: 1.7329 | dt: 1724.43ms | img/sec: 2375.27
step 93970 | loss: 3.183937 | lr 1.7885e-03 | norm: 1.7690 | dt: 1650.03ms | img/sec: 2482.38
step 93971 | loss: 3.302145 | lr 1.7933e-03 | norm: 1.8166 | dt: 1672.34ms | img/sec: 2449.26
step 93972 | loss: 3.370879 | lr 1.7981e-03 | norm: 2.2437 | dt: 1650.39ms | img/sec: 2481.84
step 93973 | loss: 3.245138 | lr 1.8029e-03 | norm: 1.6600 | dt: 1651.78ms | img/sec: 2479.75
step 93974 | loss: 3.365567 | lr 1.8077e-03 | norm: 1.6078 | dt: 1658.41ms | img/sec: 2469.84
step 93975 | loss: 3.176241 | lr 1.8125e-03 | norm: 1.6025 | dt: 1651.99ms | img/sec: 2479.43
step 93976 | loss: 3.217083 | lr 1.8173e-03 | norm: 1.8431 | dt: 1653.40ms | img/sec: 2477.32
step 93977 | loss: 3.257872 | lr 1.8221e-03 | norm: 1.9877 | dt: 1657.57ms | img/sec: 2471.09
step 93978 | loss: 3.313362 | lr 1.8269e-03 | norm: 1.6479 | dt: 1646.71ms | img/sec: 2487.38
step 93979 | loss: 3.191872 | lr 1.8317e-03 | norm: 1.3401 | dt: 1655.95ms | img/sec: 2473.50
step 93980 | loss: 3.175075 | lr 1.8365e-03 | norm: 1.6429 | dt: 1744.62ms | img/sec: 2347.79
step 93981 | loss: 3.250661 | lr 1.8413e-03 | norm: 1.8214 | dt: 1737.70ms | img/sec: 2357.14
step 93982 | loss: 3.215925 | lr 1.8462e-03 | norm: 1.2248 | dt: 1646.83ms | img/sec: 2487.21
step 93983 | loss: 3.310552 | lr 1.8510e-03 | norm: 1.9198 | dt: 1654.38ms | img/sec: 2475.86
step 93984 | loss: 3.312828 | lr 1.8558e-03 | norm: 1.6965 | dt: 1697.81ms | img/sec: 2412.52
step 93985 | loss: 3.279337 | lr 1.8606e-03 | norm: 1.5251 | dt: 1690.50ms | img/sec: 2422.95
step 93986 | loss: 3.238414 | lr 1.8654e-03 | norm: 1.5498 | dt: 1684.23ms | img/sec: 2431.98
step 93987 | loss: 3.162273 | lr 1.8702e-03 | norm: 1.6722 | dt: 1651.12ms | img/sec: 2480.74
step 93988 | loss: 3.241761 | lr 1.8750e-03 | norm: 1.4615 | dt: 1752.00ms | img/sec: 2337.91
step 93989 | loss: 3.215052 | lr 1.8798e-03 | norm: 1.6632 | dt: 1646.49ms | img/sec: 2487.71
step 93990 | loss: 3.261723 | lr 1.8846e-03 | norm: 1.9823 | dt: 1683.56ms | img/sec: 2432.94
step 93991 | loss: 3.205226 | lr 1.8894e-03 | norm: 1.5320 | dt: 1674.55ms | img/sec: 2446.03
step 93992 | loss: 3.305843 | lr 1.8942e-03 | norm: 1.5171 | dt: 1646.12ms | img/sec: 2488.27
step 93993 | loss: 3.394949 | lr 1.8990e-03 | norm: 2.1641 | dt: 1676.84ms | img/sec: 2442.68
step 93994 | loss: 3.360501 | lr 1.9038e-03 | norm: 1.6412 | dt: 1707.06ms | img/sec: 2399.45
step 93995 | loss: 3.248420 | lr 1.9087e-03 | norm: 1.5280 | dt: 1742.11ms | img/sec: 2351.17
step 93996 | loss: 3.284561 | lr 1.9135e-03 | norm: 2.0937 | dt: 1707.76ms | img/sec: 2398.46
step 93997 | loss: 3.284394 | lr 1.9183e-03 | norm: 1.4401 | dt: 1709.46ms | img/sec: 2396.07
step 93998 | loss: 3.365190 | lr 1.9231e-03 | norm: 2.1351 | dt: 1689.53ms | img/sec: 2424.34
step 93999 | loss: 3.248378 | lr 1.9279e-03 | norm: 1.2894 | dt: 1650.68ms | img/sec: 2481.40
step 94000 | val_loss 2.8684 | val_acc 37.87%
step 94000 | loss: 3.195714 | lr 1.9327e-03 | norm: 1.4808 | dt: 14777.86ms | img/sec: 277.17
step 94001 | loss: 3.289364 | lr 1.9375e-03 | norm: 1.6932 | dt: 1675.52ms | img/sec: 2444.61
step 94002 | loss: 3.189500 | lr 1.9423e-03 | norm: 1.6454 | dt: 1657.70ms | img/sec: 2470.89
step 94003 | loss: 3.237752 | lr 1.9471e-03 | norm: 1.6089 | dt: 1732.17ms | img/sec: 2364.66
step 94004 | loss: 3.254281 | lr 1.9519e-03 | norm: 1.6288 | dt: 1678.33ms | img/sec: 2440.53
step 94005 | loss: 3.290614 | lr 1.9567e-03 | norm: 1.9023 | dt: 1686.28ms | img/sec: 2429.01
step 94006 | loss: 3.267502 | lr 1.9615e-03 | norm: 1.5519 | dt: 1737.33ms | img/sec: 2357.64
step 94007 | loss: 3.215600 | lr 1.9663e-03 | norm: 1.4491 | dt: 1653.96ms | img/sec: 2476.47
step 94008 | loss: 3.430091 | lr 1.9712e-03 | norm: 1.7928 | dt: 1699.71ms | img/sec: 2409.82
step 94009 | loss: 3.337150 | lr 1.9760e-03 | norm: 1.4480 | dt: 1654.44ms | img/sec: 2475.76
step 94010 | loss: 3.217546 | lr 1.9808e-03 | norm: 1.7294 | dt: 1641.00ms | img/sec: 2496.04
step 94011 | loss: 3.363387 | lr 1.9856e-03 | norm: 1.5438 | dt: 1700.91ms | img/sec: 2408.12
step 94012 | loss: 3.284073 | lr 1.9904e-03 | norm: 1.6293 | dt: 1667.24ms | img/sec: 2456.75
step 94013 | loss: 3.212589 | lr 1.9952e-03 | norm: 1.5401 | dt: 1672.41ms | img/sec: 2449.16
step 94014 | loss: 3.384684 | lr 2.0000e-03 | norm: 1.8567 | dt: 1718.68ms | img/sec: 2383.23
step 94015 | loss: 3.326005 | lr 2.0048e-03 | norm: 1.7502 | dt: 1720.35ms | img/sec: 2380.91
step 94016 | loss: 3.233674 | lr 2.0096e-03 | norm: 1.2881 | dt: 1686.65ms | img/sec: 2428.49
step 94017 | loss: 3.297921 | lr 2.0144e-03 | norm: 1.5864 | dt: 1644.34ms | img/sec: 2490.97
step 94018 | loss: 3.247337 | lr 2.0192e-03 | norm: 1.2573 | dt: 1700.06ms | img/sec: 2409.32
step 94019 | loss: 3.332827 | lr 2.0240e-03 | norm: 1.5504 | dt: 1659.88ms | img/sec: 2467.65
step 94020 | loss: 3.284389 | lr 2.0288e-03 | norm: 1.6891 | dt: 1731.06ms | img/sec: 2366.18
step 94021 | loss: 3.293935 | lr 2.0337e-03 | norm: 1.4273 | dt: 1696.19ms | img/sec: 2414.82
step 94022 | loss: 3.259812 | lr 2.0385e-03 | norm: 1.4930 | dt: 1655.23ms | img/sec: 2474.58
step 94023 | loss: 3.331966 | lr 2.0433e-03 | norm: 1.8484 | dt: 1766.76ms | img/sec: 2318.37
step 94024 | loss: 3.328746 | lr 2.0481e-03 | norm: 1.2990 | dt: 1643.37ms | img/sec: 2492.44
step 94025 | loss: 3.479449 | lr 2.0529e-03 | norm: 2.1673 | dt: 1689.13ms | img/sec: 2424.92
step 94026 | loss: 3.238911 | lr 2.0577e-03 | norm: 1.3946 | dt: 1666.65ms | img/sec: 2457.63
step 94027 | loss: 3.383631 | lr 2.0625e-03 | norm: 1.9232 | dt: 1747.28ms | img/sec: 2344.21
step 94028 | loss: 3.365177 | lr 2.0673e-03 | norm: 1.6563 | dt: 1736.39ms | img/sec: 2358.91
step 94029 | loss: 3.375065 | lr 2.0721e-03 | norm: 1.4551 | dt: 1664.36ms | img/sec: 2461.01
step 94030 | loss: 3.324233 | lr 2.0769e-03 | norm: 1.5899 | dt: 1659.20ms | img/sec: 2468.65
step 94031 | loss: 3.416283 | lr 2.0817e-03 | norm: 1.7248 | dt: 1696.46ms | img/sec: 2414.44
step 94032 | loss: 3.329638 | lr 2.0865e-03 | norm: 1.5427 | dt: 1647.19ms | img/sec: 2486.66
step 94033 | loss: 3.313871 | lr 2.0913e-03 | norm: 1.3514 | dt: 1690.12ms | img/sec: 2423.50
step 94034 | loss: 3.292427 | lr 2.0962e-03 | norm: 1.4978 | dt: 1659.98ms | img/sec: 2467.49
step 94035 | loss: 3.236420 | lr 2.1010e-03 | norm: 1.2005 | dt: 1692.95ms | img/sec: 2419.45
step 94036 | loss: 3.265554 | lr 2.1058e-03 | norm: 1.3964 | dt: 1666.27ms | img/sec: 2458.19
step 94037 | loss: 3.348122 | lr 2.1106e-03 | norm: 1.7231 | dt: 1678.85ms | img/sec: 2439.76
step 94038 | loss: 3.537549 | lr 2.1154e-03 | norm: 2.0832 | dt: 1653.77ms | img/sec: 2476.76
step 94039 | loss: 3.334564 | lr 2.1202e-03 | norm: 1.3542 | dt: 1644.91ms | img/sec: 2490.10
step 94040 | loss: 3.389557 | lr 2.1250e-03 | norm: 1.4384 | dt: 1656.60ms | img/sec: 2472.54
step 94041 | loss: 3.268864 | lr 2.1298e-03 | norm: 1.4255 | dt: 1652.74ms | img/sec: 2478.31
step 94042 | loss: 3.373257 | lr 2.1346e-03 | norm: 1.6645 | dt: 1707.41ms | img/sec: 2398.95
step 94043 | loss: 3.483411 | lr 2.1394e-03 | norm: 1.6222 | dt: 1692.47ms | img/sec: 2420.13
step 94044 | loss: 3.429440 | lr 2.1442e-03 | norm: 1.8644 | dt: 1711.04ms | img/sec: 2393.87
step 94045 | loss: 3.440580 | lr 2.1490e-03 | norm: 1.7692 | dt: 1646.32ms | img/sec: 2487.98
step 94046 | loss: 3.361921 | lr 2.1538e-03 | norm: 1.3123 | dt: 1646.47ms | img/sec: 2487.75
step 94047 | loss: 3.248760 | lr 2.1587e-03 | norm: 1.1950 | dt: 1673.79ms | img/sec: 2447.14
step 94048 | loss: 3.261063 | lr 2.1635e-03 | norm: 1.3162 | dt: 1655.05ms | img/sec: 2474.85
step 94049 | loss: 3.487029 | lr 2.1683e-03 | norm: 1.4909 | dt: 1648.15ms | img/sec: 2485.21
step 94050 | loss: 3.346118 | lr 2.1731e-03 | norm: 1.4938 | dt: 1661.06ms | img/sec: 2465.89
step 94051 | loss: 3.260032 | lr 2.1779e-03 | norm: 1.6484 | dt: 1655.67ms | img/sec: 2473.93
step 94052 | loss: 3.502404 | lr 2.1827e-03 | norm: 1.4093 | dt: 1643.76ms | img/sec: 2491.85
step 94053 | loss: 3.284617 | lr 2.1875e-03 | norm: 1.1868 | dt: 1646.24ms | img/sec: 2488.09
step 94054 | loss: 3.418052 | lr 2.1923e-03 | norm: 1.4210 | dt: 1693.66ms | img/sec: 2418.43
step 94055 | loss: 3.393969 | lr 2.1971e-03 | norm: 1.5027 | dt: 1655.58ms | img/sec: 2474.06
step 94056 | loss: 3.395206 | lr 2.2019e-03 | norm: 1.5024 | dt: 1763.08ms | img/sec: 2323.21
step 94057 | loss: 3.247395 | lr 2.2067e-03 | norm: 1.3549 | dt: 1733.43ms | img/sec: 2362.94
step 94058 | loss: 3.312946 | lr 2.2115e-03 | norm: 1.3570 | dt: 1671.25ms | img/sec: 2450.85
step 94059 | loss: 3.364871 | lr 2.2163e-03 | norm: 1.3371 | dt: 1680.23ms | img/sec: 2437.77
step 94060 | loss: 3.326640 | lr 2.2212e-03 | norm: 1.3242 | dt: 1646.95ms | img/sec: 2487.02
step 94061 | loss: 3.368529 | lr 2.2260e-03 | norm: 1.4087 | dt: 1651.48ms | img/sec: 2480.20
step 94062 | loss: 3.422652 | lr 2.2308e-03 | norm: 1.3317 | dt: 1708.59ms | img/sec: 2397.30
step 94063 | loss: 3.363625 | lr 2.2356e-03 | norm: 1.4918 | dt: 1790.05ms | img/sec: 2288.20
step 94064 | loss: 3.356235 | lr 2.2404e-03 | norm: 1.3396 | dt: 1671.47ms | img/sec: 2450.54
step 94065 | loss: 3.381621 | lr 2.2452e-03 | norm: 1.4036 | dt: 1694.41ms | img/sec: 2417.36
step 94066 | loss: 3.625130 | lr 2.2500e-03 | norm: 2.0480 | dt: 1685.10ms | img/sec: 2430.72
step 94067 | loss: 3.245715 | lr 2.2548e-03 | norm: 1.0025 | dt: 1690.55ms | img/sec: 2422.88
step 94068 | loss: 3.419154 | lr 2.2596e-03 | norm: 1.3487 | dt: 1653.43ms | img/sec: 2477.28
step 94069 | loss: 3.344126 | lr 2.2644e-03 | norm: 1.2459 | dt: 1712.26ms | img/sec: 2392.16
step 94070 | loss: 3.365191 | lr 2.2692e-03 | norm: 1.3680 | dt: 1646.36ms | img/sec: 2487.91
step 94071 | loss: 3.449576 | lr 2.2740e-03 | norm: 1.5916 | dt: 1694.57ms | img/sec: 2417.13
step 94072 | loss: 3.460075 | lr 2.2788e-03 | norm: 1.4534 | dt: 1712.08ms | img/sec: 2392.41
step 94073 | loss: 3.464993 | lr 2.2837e-03 | norm: 1.4683 | dt: 1643.29ms | img/sec: 2492.56
step 94074 | loss: 3.459312 | lr 2.2885e-03 | norm: 1.4449 | dt: 1653.16ms | img/sec: 2477.68
step 94075 | loss: 3.417356 | lr 2.2933e-03 | norm: 1.4811 | dt: 1651.43ms | img/sec: 2480.27
step 94076 | loss: 3.384264 | lr 2.2981e-03 | norm: 1.1922 | dt: 1772.67ms | img/sec: 2310.64
step 94077 | loss: 3.412468 | lr 2.3029e-03 | norm: 1.4252 | dt: 1650.37ms | img/sec: 2481.86
step 94078 | loss: 3.434614 | lr 2.3077e-03 | norm: 1.8411 | dt: 1725.11ms | img/sec: 2374.35
step 94079 | loss: 3.327865 | lr 2.3125e-03 | norm: 1.3765 | dt: 1686.28ms | img/sec: 2429.02
step 94080 | loss: 3.429018 | lr 2.3173e-03 | norm: 1.3566 | dt: 1686.19ms | img/sec: 2429.14
step 94081 | loss: 3.402374 | lr 2.3221e-03 | norm: 1.6269 | dt: 1682.71ms | img/sec: 2434.17
step 94082 | loss: 3.379460 | lr 2.3269e-03 | norm: 1.3245 | dt: 1658.15ms | img/sec: 2470.22
step 94083 | loss: 3.397402 | lr 2.3317e-03 | norm: 1.4878 | dt: 1658.73ms | img/sec: 2469.36
step 94084 | loss: 3.412568 | lr 2.3365e-03 | norm: 1.6352 | dt: 1653.96ms | img/sec: 2476.48
step 94085 | loss: 3.430259 | lr 2.3413e-03 | norm: 1.5861 | dt: 1720.38ms | img/sec: 2380.87
step 94086 | loss: 3.479036 | lr 2.3462e-03 | norm: 1.6101 | dt: 1652.78ms | img/sec: 2478.25
step 94087 | loss: 3.545762 | lr 2.3510e-03 | norm: 1.5360 | dt: 1696.53ms | img/sec: 2414.35
step 94088 | loss: 3.508759 | lr 2.3558e-03 | norm: 1.5064 | dt: 1659.21ms | img/sec: 2468.64
step 94089 | loss: 3.462574 | lr 2.3606e-03 | norm: 1.6000 | dt: 1680.03ms | img/sec: 2438.04
step 94090 | loss: 3.353757 | lr 2.3654e-03 | norm: 1.2787 | dt: 1719.96ms | img/sec: 2381.44
step 94091 | loss: 3.422453 | lr 2.3702e-03 | norm: 1.4993 | dt: 1698.85ms | img/sec: 2411.05
step 94092 | loss: 3.464797 | lr 2.3750e-03 | norm: 1.5031 | dt: 1662.70ms | img/sec: 2463.46
step 94093 | loss: 3.564662 | lr 2.3798e-03 | norm: 1.7061 | dt: 1696.78ms | img/sec: 2413.98
step 94094 | loss: 3.526062 | lr 2.3846e-03 | norm: 1.1926 | dt: 1644.37ms | img/sec: 2490.93
step 94095 | loss: 3.457653 | lr 2.3894e-03 | norm: 1.5279 | dt: 1654.67ms | img/sec: 2475.42
step 94096 | loss: 3.399994 | lr 2.3942e-03 | norm: 1.2161 | dt: 1647.21ms | img/sec: 2486.63
step 94097 | loss: 3.467423 | lr 2.3990e-03 | norm: 1.1399 | dt: 1714.10ms | img/sec: 2389.60
step 94098 | loss: 3.337977 | lr 2.4038e-03 | norm: 1.2553 | dt: 1649.63ms | img/sec: 2482.99
step 94099 | loss: 3.366287 | lr 2.4087e-03 | norm: 1.1342 | dt: 1678.37ms | img/sec: 2440.46
step 94100 | loss: 3.356942 | lr 2.4135e-03 | norm: 1.2646 | dt: 1652.22ms | img/sec: 2479.08
step 94101 | loss: 3.453282 | lr 2.4183e-03 | norm: 1.4780 | dt: 1643.79ms | img/sec: 2491.80
step 94102 | loss: 3.360673 | lr 2.4231e-03 | norm: 1.2884 | dt: 1731.08ms | img/sec: 2366.16
step 94103 | loss: 3.364084 | lr 2.4279e-03 | norm: 1.1280 | dt: 1685.65ms | img/sec: 2429.92
step 94104 | loss: 3.391262 | lr 2.4327e-03 | norm: 1.3987 | dt: 1659.89ms | img/sec: 2467.63
step 94105 | loss: 3.393247 | lr 2.4375e-03 | norm: 1.3129 | dt: 1685.24ms | img/sec: 2430.51
step 94106 | loss: 3.327606 | lr 2.4423e-03 | norm: 1.1625 | dt: 1743.04ms | img/sec: 2349.91
step 94107 | loss: 3.404011 | lr 2.4471e-03 | norm: 1.4748 | dt: 1661.65ms | img/sec: 2465.02
step 94108 | loss: 3.397512 | lr 2.4519e-03 | norm: 1.1585 | dt: 1642.16ms | img/sec: 2494.27
step 94109 | loss: 3.417849 | lr 2.4567e-03 | norm: 1.4634 | dt: 1657.58ms | img/sec: 2471.08
step 94110 | loss: 3.532051 | lr 2.4615e-03 | norm: 1.4621 | dt: 1646.10ms | img/sec: 2488.31
step 94111 | loss: 3.507430 | lr 2.4663e-03 | norm: 1.3766 | dt: 1659.52ms | img/sec: 2468.19
step 94112 | loss: 3.518291 | lr 2.4712e-03 | norm: 1.4811 | dt: 1669.92ms | img/sec: 2452.81
step 94113 | loss: 3.366095 | lr 2.4760e-03 | norm: 1.3840 | dt: 1700.10ms | img/sec: 2409.27
step 94114 | loss: 3.344436 | lr 2.4808e-03 | norm: 1.2883 | dt: 1646.44ms | img/sec: 2487.79
step 94115 | loss: 3.532303 | lr 2.4856e-03 | norm: 1.4290 | dt: 1676.22ms | img/sec: 2443.60
step 94116 | loss: 3.386027 | lr 2.4904e-03 | norm: 1.0617 | dt: 1668.84ms | img/sec: 2454.41
step 94117 | loss: 3.399302 | lr 2.4952e-03 | norm: 1.4852 | dt: 1656.22ms | img/sec: 2473.11
step 94118 | loss: 3.414664 | lr 2.5000e-03 | norm: 1.0950 | dt: 1703.22ms | img/sec: 2404.85
step 94119 | loss: 3.496464 | lr 2.5048e-03 | norm: 1.3932 | dt: 1726.29ms | img/sec: 2372.72
step 94120 | loss: 3.422454 | lr 2.5096e-03 | norm: 1.2237 | dt: 1667.30ms | img/sec: 2456.67
step 94121 | loss: 3.571661 | lr 2.5144e-03 | norm: 1.6422 | dt: 1648.27ms | img/sec: 2485.03
step 94122 | loss: 3.423824 | lr 2.5192e-03 | norm: 1.0698 | dt: 1731.74ms | img/sec: 2365.26
step 94123 | loss: 3.413216 | lr 2.5240e-03 | norm: 1.4986 | dt: 1728.52ms | img/sec: 2369.66
step 94124 | loss: 3.412976 | lr 2.5288e-03 | norm: 1.2780 | dt: 1726.90ms | img/sec: 2371.89
step 94125 | loss: 3.397403 | lr 2.5337e-03 | norm: 1.3374 | dt: 1650.63ms | img/sec: 2481.48
step 94126 | loss: 3.422291 | lr 2.5385e-03 | norm: 1.4209 | dt: 1718.49ms | img/sec: 2383.49
step 94127 | loss: 3.483279 | lr 2.5433e-03 | norm: 1.3041 | dt: 1665.29ms | img/sec: 2459.63
step 94128 | loss: 3.408181 | lr 2.5481e-03 | norm: 1.1406 | dt: 1656.30ms | img/sec: 2472.98
step 94129 | loss: 3.412652 | lr 2.5529e-03 | norm: 1.0376 | dt: 1697.27ms | img/sec: 2413.29
step 94130 | loss: 3.290056 | lr 2.5577e-03 | norm: 1.2232 | dt: 1720.77ms | img/sec: 2380.34
step 94131 | loss: 3.468736 | lr 2.5625e-03 | norm: 1.5022 | dt: 1727.65ms | img/sec: 2370.85
step 94132 | loss: 3.460683 | lr 2.5673e-03 | norm: 1.5828 | dt: 1652.27ms | img/sec: 2479.02
step 94133 | loss: 3.484313 | lr 2.5721e-03 | norm: 1.2102 | dt: 1770.28ms | img/sec: 2313.75
step 94134 | loss: 3.452097 | lr 2.5769e-03 | norm: 1.2168 | dt: 1660.16ms | img/sec: 2467.24
step 94135 | loss: 3.414699 | lr 2.5817e-03 | norm: 1.5056 | dt: 1653.00ms | img/sec: 2477.92
step 94136 | loss: 3.573885 | lr 2.5865e-03 | norm: 1.5798 | dt: 1681.20ms | img/sec: 2436.35
step 94137 | loss: 3.342074 | lr 2.5913e-03 | norm: 1.1145 | dt: 1656.11ms | img/sec: 2473.27
step 94138 | loss: 3.446076 | lr 2.5962e-03 | norm: 1.3929 | dt: 1725.32ms | img/sec: 2374.05
step 94139 | loss: 3.639252 | lr 2.6010e-03 | norm: 1.9009 | dt: 1650.31ms | img/sec: 2481.95
step 94140 | loss: 3.510897 | lr 2.6058e-03 | norm: 1.2895 | dt: 1654.62ms | img/sec: 2475.49
step 94141 | loss: 3.451154 | lr 2.6106e-03 | norm: 0.9899 | dt: 1737.12ms | img/sec: 2357.92
step 94142 | loss: 3.559880 | lr 2.6154e-03 | norm: 1.1971 | dt: 1657.80ms | img/sec: 2470.74
step 94143 | loss: 3.451999 | lr 2.6202e-03 | norm: 1.0100 | dt: 1688.44ms | img/sec: 2425.90
step 94144 | loss: 3.429260 | lr 2.6250e-03 | norm: 1.1623 | dt: 1657.82ms | img/sec: 2470.72
step 94145 | loss: 3.503268 | lr 2.6298e-03 | norm: 1.3838 | dt: 1652.89ms | img/sec: 2478.08
step 94146 | loss: 3.462807 | lr 2.6346e-03 | norm: 1.2149 | dt: 1655.16ms | img/sec: 2474.69
step 94147 | loss: 3.609019 | lr 2.6394e-03 | norm: 2.0354 | dt: 1651.63ms | img/sec: 2479.97
step 94148 | loss: 3.401934 | lr 2.6442e-03 | norm: 1.0270 | dt: 1660.32ms | img/sec: 2466.99
step 94149 | loss: 3.479309 | lr 2.6490e-03 | norm: 1.2638 | dt: 1657.28ms | img/sec: 2471.51
step 94150 | loss: 3.505226 | lr 2.6538e-03 | norm: 1.1459 | dt: 1649.98ms | img/sec: 2482.45
step 94151 | loss: 3.482013 | lr 2.6587e-03 | norm: 1.1325 | dt: 1644.85ms | img/sec: 2490.19
step 94152 | loss: 3.606559 | lr 2.6635e-03 | norm: 1.5401 | dt: 1703.58ms | img/sec: 2404.35
step 94153 | loss: 3.488024 | lr 2.6683e-03 | norm: 1.1349 | dt: 1665.57ms | img/sec: 2459.22
step 94154 | loss: 3.455570 | lr 2.6731e-03 | norm: 1.1328 | dt: 1656.96ms | img/sec: 2471.99
step 94155 | loss: 3.590314 | lr 2.6779e-03 | norm: 2.0796 | dt: 1678.36ms | img/sec: 2440.48
step 94156 | loss: 3.569790 | lr 2.6827e-03 | norm: 1.1950 | dt: 1660.30ms | img/sec: 2467.02
step 94157 | loss: 3.504300 | lr 2.6875e-03 | norm: 1.3172 | dt: 1707.54ms | img/sec: 2398.77
step 94158 | loss: 3.475121 | lr 2.6923e-03 | norm: 1.3536 | dt: 1643.82ms | img/sec: 2491.75
step 94159 | loss: 3.473860 | lr 2.6971e-03 | norm: 1.3145 | dt: 1656.84ms | img/sec: 2472.18
step 94160 | loss: 3.481877 | lr 2.7019e-03 | norm: 1.1577 | dt: 1705.60ms | img/sec: 2401.49
step 94161 | loss: 3.637886 | lr 2.7067e-03 | norm: 1.1788 | dt: 1684.29ms | img/sec: 2431.88
step 94162 | loss: 3.483515 | lr 2.7115e-03 | norm: 1.1561 | dt: 1677.26ms | img/sec: 2442.07
step 94163 | loss: 3.495256 | lr 2.7163e-03 | norm: 1.4218 | dt: 1697.19ms | img/sec: 2413.40
step 94164 | loss: 3.501903 | lr 2.7212e-03 | norm: 1.3693 | dt: 1652.87ms | img/sec: 2478.11
step 94165 | loss: 3.514249 | lr 2.7260e-03 | norm: 0.9923 | dt: 1643.23ms | img/sec: 2492.65
step 94166 | loss: 3.408017 | lr 2.7308e-03 | norm: 0.9915 | dt: 1655.45ms | img/sec: 2474.25
step 94167 | loss: 3.653605 | lr 2.7356e-03 | norm: 1.7854 | dt: 1712.25ms | img/sec: 2392.18
step 94168 | loss: 3.473969 | lr 2.7404e-03 | norm: 1.0984 | dt: 1724.87ms | img/sec: 2374.67
step 94169 | loss: 3.484070 | lr 2.7452e-03 | norm: 1.3158 | dt: 1677.43ms | img/sec: 2441.84
step 94170 | loss: 3.509013 | lr 2.7500e-03 | norm: 1.2538 | dt: 1749.74ms | img/sec: 2340.91
step 94171 | loss: 3.592574 | lr 2.7548e-03 | norm: 1.3169 | dt: 1650.22ms | img/sec: 2482.10
step 94172 | loss: 3.529583 | lr 2.7596e-03 | norm: 1.1425 | dt: 1643.48ms | img/sec: 2492.27
step 94173 | loss: 3.569736 | lr 2.7644e-03 | norm: 1.3241 | dt: 1651.75ms | img/sec: 2479.79
step 94174 | loss: 3.513969 | lr 2.7692e-03 | norm: 0.9855 | dt: 1728.15ms | img/sec: 2370.17
step 94175 | loss: 3.513950 | lr 2.7740e-03 | norm: 1.2764 | dt: 1686.99ms | img/sec: 2427.99
step 94176 | loss: 3.545530 | lr 2.7788e-03 | norm: 1.2133 | dt: 1741.40ms | img/sec: 2352.13
step 94177 | loss: 3.524792 | lr 2.7837e-03 | norm: 1.3157 | dt: 1649.93ms | img/sec: 2482.53
step 94178 | loss: 3.532053 | lr 2.7885e-03 | norm: 1.1333 | dt: 1653.52ms | img/sec: 2477.14
step 94179 | loss: 3.488388 | lr 2.7933e-03 | norm: 1.0541 | dt: 1700.06ms | img/sec: 2409.33
step 94180 | loss: 3.460990 | lr 2.7981e-03 | norm: 1.3346 | dt: 1657.74ms | img/sec: 2470.84
step 94181 | loss: 3.412637 | lr 2.8029e-03 | norm: 1.2635 | dt: 1774.98ms | img/sec: 2307.63
step 94182 | loss: 3.540734 | lr 2.8077e-03 | norm: 1.1603 | dt: 1779.38ms | img/sec: 2301.93
step 94183 | loss: 3.497917 | lr 2.8125e-03 | norm: 1.0651 | dt: 1719.78ms | img/sec: 2381.70
step 94184 | loss: 3.581384 | lr 2.8173e-03 | norm: 1.3574 | dt: 1648.17ms | img/sec: 2485.18
step 94185 | loss: 3.514858 | lr 2.8221e-03 | norm: 1.1435 | dt: 1654.55ms | img/sec: 2475.60
step 94186 | loss: 3.617803 | lr 2.8269e-03 | norm: 1.4238 | dt: 1703.42ms | img/sec: 2404.57
step 94187 | loss: 3.539321 | lr 2.8317e-03 | norm: 1.0790 | dt: 1675.81ms | img/sec: 2444.19
step 94188 | loss: 3.577006 | lr 2.8365e-03 | norm: 1.1439 | dt: 1678.51ms | img/sec: 2440.27
step 94189 | loss: 3.603179 | lr 2.8413e-03 | norm: 1.3482 | dt: 1663.33ms | img/sec: 2462.53
step 94190 | loss: 3.576231 | lr 2.8462e-03 | norm: 1.2646 | dt: 1726.31ms | img/sec: 2372.69
step 94191 | loss: 3.584565 | lr 2.8510e-03 | norm: 1.2307 | dt: 1699.82ms | img/sec: 2409.67
step 94192 | loss: 3.689468 | lr 2.8558e-03 | norm: 1.6425 | dt: 1648.61ms | img/sec: 2484.52
step 94193 | loss: 3.573689 | lr 2.8606e-03 | norm: 1.0462 | dt: 1672.28ms | img/sec: 2449.35
step 94194 | loss: 3.564099 | lr 2.8654e-03 | norm: 1.2113 | dt: 1677.79ms | img/sec: 2441.30
step 94195 | loss: 3.593081 | lr 2.8702e-03 | norm: 1.5472 | dt: 1652.18ms | img/sec: 2479.14
step 94196 | loss: 3.529049 | lr 2.8750e-03 | norm: 1.4270 | dt: 1740.64ms | img/sec: 2353.15
step 94197 | loss: 3.575936 | lr 2.8798e-03 | norm: 0.9340 | dt: 1696.61ms | img/sec: 2414.23
step 94198 | loss: 3.492358 | lr 2.8846e-03 | norm: 0.9616 | dt: 1667.22ms | img/sec: 2456.79
step 94199 | loss: 3.421669 | lr 2.8894e-03 | norm: 0.9777 | dt: 1699.27ms | img/sec: 2410.45
step 94200 | loss: 3.461576 | lr 2.8942e-03 | norm: 1.1603 | dt: 1643.84ms | img/sec: 2491.73
step 94201 | loss: 3.616930 | lr 2.8990e-03 | norm: 1.1155 | dt: 1655.88ms | img/sec: 2473.62
step 94202 | loss: 3.578084 | lr 2.9038e-03 | norm: 1.1385 | dt: 1736.01ms | img/sec: 2359.43
step 94203 | loss: 3.406040 | lr 2.9087e-03 | norm: 0.8860 | dt: 1666.45ms | img/sec: 2457.92
step 94204 | loss: 3.515500 | lr 2.9135e-03 | norm: 1.0242 | dt: 1661.88ms | img/sec: 2464.68
step 94205 | loss: 3.609018 | lr 2.9183e-03 | norm: 1.2331 | dt: 1650.23ms | img/sec: 2482.08
step 94206 | loss: 3.417305 | lr 2.9231e-03 | norm: 1.1297 | dt: 1650.98ms | img/sec: 2480.94
step 94207 | loss: 3.444590 | lr 2.9279e-03 | norm: 0.9142 | dt: 1647.32ms | img/sec: 2486.46
step 94208 | loss: 3.538474 | lr 2.9327e-03 | norm: 1.1335 | dt: 1709.94ms | img/sec: 2395.40
step 94209 | loss: 3.619309 | lr 2.9375e-03 | norm: 1.2742 | dt: 1722.10ms | img/sec: 2378.50
step 94210 | loss: 3.607939 | lr 2.9423e-03 | norm: 1.6841 | dt: 1667.32ms | img/sec: 2456.64
step 94211 | loss: 3.464899 | lr 2.9471e-03 | norm: 1.0384 | dt: 1720.37ms | img/sec: 2380.88
step 94212 | loss: 3.520421 | lr 2.9519e-03 | norm: 1.1489 | dt: 1649.05ms | img/sec: 2483.86
step 94213 | loss: 3.607030 | lr 2.9567e-03 | norm: 1.3379 | dt: 1648.64ms | img/sec: 2484.47
step 94214 | loss: 3.522565 | lr 2.9615e-03 | norm: 0.9519 | dt: 1650.71ms | img/sec: 2481.35
step 94215 | loss: 3.645177 | lr 2.9663e-03 | norm: 1.0927 | dt: 1708.78ms | img/sec: 2397.03
step 94216 | loss: 3.646254 | lr 2.9712e-03 | norm: 1.1505 | dt: 1649.50ms | img/sec: 2483.18
step 94217 | loss: 3.611058 | lr 2.9760e-03 | norm: 1.1186 | dt: 1660.00ms | img/sec: 2467.46
step 94218 | loss: 3.678369 | lr 2.9808e-03 | norm: 1.2443 | dt: 1663.15ms | img/sec: 2462.80
step 94219 | loss: 3.617508 | lr 2.9856e-03 | norm: 1.1988 | dt: 1651.41ms | img/sec: 2480.30
step 94220 | loss: 3.607497 | lr 2.9904e-03 | norm: 1.0918 | dt: 1643.27ms | img/sec: 2492.59
step 94221 | loss: 3.523649 | lr 2.9952e-03 | norm: 1.0663 | dt: 1653.61ms | img/sec: 2477.00
step 94222 | loss: 3.658492 | lr 3.0000e-03 | norm: 0.9801 | dt: 1657.11ms | img/sec: 2471.77
step 94223 | loss: 3.475898 | lr 3.0000e-03 | norm: 0.8141 | dt: 6006.18ms | img/sec: 681.96
step 94224 | loss: 3.452100 | lr 3.0000e-03 | norm: 0.8752 | dt: 1739.01ms | img/sec: 2355.36
step 94225 | loss: 3.482117 | lr 3.0000e-03 | norm: 1.0762 | dt: 1644.19ms | img/sec: 2491.20
step 94226 | loss: 3.596398 | lr 3.0000e-03 | norm: 1.2789 | dt: 1720.11ms | img/sec: 2381.24
step 94227 | loss: 3.516668 | lr 3.0000e-03 | norm: 1.1376 | dt: 1657.83ms | img/sec: 2470.70
step 94228 | loss: 3.556769 | lr 3.0000e-03 | norm: 0.9940 | dt: 1650.50ms | img/sec: 2481.67
step 94229 | loss: 3.552333 | lr 3.0000e-03 | norm: 1.0266 | dt: 1656.53ms | img/sec: 2472.63
step 94230 | loss: 3.528167 | lr 2.9999e-03 | norm: 0.9323 | dt: 1654.68ms | img/sec: 2475.40
step 94231 | loss: 3.649936 | lr 2.9999e-03 | norm: 1.1570 | dt: 1647.36ms | img/sec: 2486.41
step 94232 | loss: 3.440609 | lr 2.9999e-03 | norm: 1.1441 | dt: 1650.63ms | img/sec: 2481.48
step 94233 | loss: 3.561509 | lr 2.9999e-03 | norm: 0.9707 | dt: 1655.18ms | img/sec: 2474.66
step 94234 | loss: 3.494355 | lr 2.9999e-03 | norm: 1.0153 | dt: 1681.93ms | img/sec: 2435.29
step 94235 | loss: 3.587409 | lr 2.9998e-03 | norm: 1.0671 | dt: 1736.32ms | img/sec: 2359.02
step 94236 | loss: 3.475493 | lr 2.9998e-03 | norm: 1.0747 | dt: 1708.64ms | img/sec: 2397.23
step 94237 | loss: 3.466148 | lr 2.9998e-03 | norm: 1.0942 | dt: 1656.35ms | img/sec: 2472.90
step 94238 | loss: 3.610566 | lr 2.9997e-03 | norm: 1.0724 | dt: 1650.76ms | img/sec: 2481.28
step 94239 | loss: 3.547040 | lr 2.9997e-03 | norm: 1.1546 | dt: 1707.02ms | img/sec: 2399.50
step 94240 | loss: 3.470628 | lr 2.9997e-03 | norm: 1.0467 | dt: 1656.14ms | img/sec: 2473.21
step 94241 | loss: 3.595625 | lr 2.9996e-03 | norm: 1.3533 | dt: 1688.94ms | img/sec: 2425.20
step 94242 | loss: 3.602880 | lr 2.9996e-03 | norm: 1.0102 | dt: 1649.74ms | img/sec: 2482.82
step 94243 | loss: 3.456353 | lr 2.9995e-03 | norm: 0.9086 | dt: 1657.16ms | img/sec: 2471.70
step 94244 | loss: 3.407353 | lr 2.9995e-03 | norm: 0.9985 | dt: 1647.93ms | img/sec: 2485.55
step 94245 | loss: 3.604373 | lr 2.9994e-03 | norm: 1.1957 | dt: 1717.16ms | img/sec: 2385.33
step 94246 | loss: 3.484471 | lr 2.9994e-03 | norm: 1.0214 | dt: 1646.56ms | img/sec: 2487.61
step 94247 | loss: 3.500988 | lr 2.9993e-03 | norm: 1.1546 | dt: 1686.77ms | img/sec: 2428.31
step 94248 | loss: 3.621138 | lr 2.9993e-03 | norm: 1.1492 | dt: 1725.26ms | img/sec: 2374.13
step 94249 | loss: 3.483302 | lr 2.9992e-03 | norm: 0.9338 | dt: 1655.04ms | img/sec: 2474.87
step 94250 | loss: 3.383622 | lr 2.9991e-03 | norm: 0.8388 | dt: 1647.70ms | img/sec: 2485.89
step 94251 | loss: 3.545313 | lr 2.9991e-03 | norm: 1.0066 | dt: 1701.72ms | img/sec: 2406.98
step 94252 | loss: 3.478071 | lr 2.9990e-03 | norm: 0.9352 | dt: 1657.14ms | img/sec: 2471.72
step 94253 | loss: 3.423230 | lr 2.9989e-03 | norm: 0.8928 | dt: 1654.98ms | img/sec: 2474.96
step 94254 | loss: 3.510349 | lr 2.9989e-03 | norm: 1.1016 | dt: 1656.04ms | img/sec: 2473.37
step 94255 | loss: 3.452387 | lr 2.9988e-03 | norm: 1.0728 | dt: 1655.28ms | img/sec: 2474.51
step 94256 | loss: 3.612586 | lr 2.9987e-03 | norm: 0.9041 | dt: 1764.21ms | img/sec: 2321.72
step 94257 | loss: 3.683621 | lr 2.9986e-03 | norm: 1.1203 | dt: 1683.75ms | img/sec: 2432.67
step 94258 | loss: 3.534391 | lr 2.9985e-03 | norm: 0.9805 | dt: 1687.63ms | img/sec: 2427.07
step 94259 | loss: 3.484450 | lr 2.9985e-03 | norm: 0.9641 | dt: 1756.38ms | img/sec: 2332.06
step 94260 | loss: 3.548654 | lr 2.9984e-03 | norm: 0.9773 | dt: 1656.38ms | img/sec: 2472.86
step 94261 | loss: 3.416943 | lr 2.9983e-03 | norm: 1.0055 | dt: 1661.08ms | img/sec: 2465.86
step 94262 | loss: 3.493743 | lr 2.9982e-03 | norm: 0.9086 | dt: 1650.49ms | img/sec: 2481.69
step 94263 | loss: 3.629254 | lr 2.9981e-03 | norm: 0.9938 | dt: 1653.05ms | img/sec: 2477.84
step 94264 | loss: 3.545246 | lr 2.9980e-03 | norm: 0.8669 | dt: 1647.65ms | img/sec: 2485.96
step 94265 | loss: 3.505604 | lr 2.9979e-03 | norm: 0.8506 | dt: 1659.52ms | img/sec: 2468.18
step 94266 | loss: 3.522432 | lr 2.9978e-03 | norm: 0.8524 | dt: 1667.57ms | img/sec: 2456.27
step 94267 | loss: 3.515257 | lr 2.9977e-03 | norm: 0.9528 | dt: 1657.48ms | img/sec: 2471.23
step 94268 | loss: 3.531235 | lr 2.9976e-03 | norm: 1.1180 | dt: 1723.90ms | img/sec: 2376.01
step 94269 | loss: 3.565396 | lr 2.9975e-03 | norm: 1.3190 | dt: 1643.91ms | img/sec: 2491.62
step 94270 | loss: 3.497018 | lr 2.9974e-03 | norm: 1.0470 | dt: 1698.26ms | img/sec: 2411.88
step 94271 | loss: 3.564226 | lr 2.9973e-03 | norm: 0.9639 | dt: 1645.95ms | img/sec: 2488.53
step 94272 | loss: 3.473186 | lr 2.9971e-03 | norm: 0.8893 | dt: 1651.33ms | img/sec: 2480.43
step 94273 | loss: 3.498415 | lr 2.9970e-03 | norm: 1.1290 | dt: 1653.48ms | img/sec: 2477.20
step 94274 | loss: 3.591376 | lr 2.9969e-03 | norm: 1.1342 | dt: 1687.66ms | img/sec: 2427.02
step 94275 | loss: 3.442127 | lr 2.9968e-03 | norm: 0.9905 | dt: 1708.65ms | img/sec: 2397.21
step 94276 | loss: 3.412761 | lr 2.9967e-03 | norm: 0.9398 | dt: 1650.12ms | img/sec: 2482.24
step 94277 | loss: 3.418336 | lr 2.9965e-03 | norm: 0.8140 | dt: 1674.31ms | img/sec: 2446.38
step 94278 | loss: 3.436326 | lr 2.9964e-03 | norm: 0.9790 | dt: 1694.69ms | img/sec: 2416.96
step 94279 | loss: 3.512556 | lr 2.9963e-03 | norm: 0.9022 | dt: 1668.78ms | img/sec: 2454.48
step 94280 | loss: 3.358309 | lr 2.9961e-03 | norm: 0.9059 | dt: 1650.45ms | img/sec: 2481.75
step 94281 | loss: 3.483526 | lr 2.9960e-03 | norm: 0.9263 | dt: 1655.09ms | img/sec: 2474.80
step 94282 | loss: 3.466121 | lr 2.9959e-03 | norm: 0.9406 | dt: 1668.63ms | img/sec: 2454.71
step 94283 | loss: 3.579587 | lr 2.9957e-03 | norm: 1.0932 | dt: 1715.94ms | img/sec: 2387.02
step 94284 | loss: 3.418462 | lr 2.9956e-03 | norm: 0.8434 | dt: 1687.23ms | img/sec: 2427.65
step 94285 | loss: 3.493691 | lr 2.9954e-03 | norm: 0.7417 | dt: 1660.20ms | img/sec: 2467.17
step 94286 | loss: 3.405103 | lr 2.9953e-03 | norm: 0.6984 | dt: 1699.84ms | img/sec: 2409.63
step 94287 | loss: 3.435374 | lr 2.9951e-03 | norm: 0.7637 | dt: 1657.33ms | img/sec: 2471.45
step 94288 | loss: 3.343103 | lr 2.9950e-03 | norm: 0.8228 | dt: 1761.95ms | img/sec: 2324.70
step 94289 | loss: 3.487411 | lr 2.9948e-03 | norm: 0.7791 | dt: 1720.29ms | img/sec: 2381.00
step 94290 | loss: 3.468374 | lr 2.9947e-03 | norm: 0.8858 | dt: 1642.85ms | img/sec: 2493.22
step 94291 | loss: 3.448522 | lr 2.9945e-03 | norm: 0.9245 | dt: 1658.77ms | img/sec: 2469.31
step 94292 | loss: 3.464971 | lr 2.9943e-03 | norm: 0.8550 | dt: 1673.57ms | img/sec: 2447.47
step 94293 | loss: 3.420156 | lr 2.9942e-03 | norm: 0.8896 | dt: 1664.95ms | img/sec: 2460.13
step 94294 | loss: 3.388480 | lr 2.9940e-03 | norm: 0.9210 | dt: 1655.71ms | img/sec: 2473.87
step 94295 | loss: 3.548870 | lr 2.9938e-03 | norm: 1.0477 | dt: 1653.48ms | img/sec: 2477.21
step 94296 | loss: 3.544786 | lr 2.9937e-03 | norm: 0.9829 | dt: 1676.45ms | img/sec: 2443.25
step 94297 | loss: 3.453134 | lr 2.9935e-03 | norm: 0.8755 | dt: 1721.23ms | img/sec: 2379.70
step 94298 | loss: 3.478998 | lr 2.9933e-03 | norm: 0.9044 | dt: 1657.05ms | img/sec: 2471.87
step 94299 | loss: 3.433822 | lr 2.9931e-03 | norm: 1.1645 | dt: 1757.77ms | img/sec: 2330.22
step 94300 | loss: 3.459789 | lr 2.9930e-03 | norm: 1.3347 | dt: 1654.08ms | img/sec: 2476.30
step 94301 | loss: 3.403201 | lr 2.9928e-03 | norm: 0.9690 | dt: 1765.54ms | img/sec: 2319.97
step 94302 | loss: 3.480736 | lr 2.9926e-03 | norm: 0.7717 | dt: 1826.69ms | img/sec: 2242.31
step 94303 | loss: 3.507958 | lr 2.9924e-03 | norm: 0.7821 | dt: 1692.86ms | img/sec: 2419.57
step 94304 | loss: 3.449196 | lr 2.9922e-03 | norm: 0.9668 | dt: 1710.64ms | img/sec: 2394.42
step 94305 | loss: 3.431468 | lr 2.9920e-03 | norm: 0.8944 | dt: 1747.29ms | img/sec: 2344.21
step 94306 | loss: 3.410889 | lr 2.9918e-03 | norm: 0.8507 | dt: 1712.49ms | img/sec: 2391.84
step 94307 | loss: 3.450062 | lr 2.9916e-03 | norm: 0.8619 | dt: 1658.89ms | img/sec: 2469.13
step 94308 | loss: 3.336138 | lr 2.9914e-03 | norm: 0.7342 | dt: 1658.51ms | img/sec: 2469.68
step 94309 | loss: 3.370404 | lr 2.9912e-03 | norm: 0.7125 | dt: 1651.57ms | img/sec: 2480.06
step 94310 | loss: 3.432245 | lr 2.9910e-03 | norm: 0.8331 | dt: 1706.94ms | img/sec: 2399.61
step 94311 | loss: 3.320153 | lr 2.9908e-03 | norm: 0.8305 | dt: 1713.88ms | img/sec: 2389.90
step 94312 | loss: 3.409990 | lr 2.9906e-03 | norm: 0.6969 | dt: 1650.47ms | img/sec: 2481.71
step 94313 | loss: 3.375116 | lr 2.9904e-03 | norm: 0.8672 | dt: 1716.31ms | img/sec: 2386.52
step 94314 | loss: 3.429435 | lr 2.9902e-03 | norm: 0.8250 | dt: 1655.84ms | img/sec: 2473.67
step 94315 | loss: 3.458755 | lr 2.9900e-03 | norm: 0.9141 | dt: 1722.93ms | img/sec: 2377.35
step 94316 | loss: 3.441203 | lr 2.9897e-03 | norm: 1.0169 | dt: 1716.27ms | img/sec: 2386.57
step 94317 | loss: 3.350434 | lr 2.9895e-03 | norm: 0.8783 | dt: 1673.20ms | img/sec: 2448.00
step 94318 | loss: 3.493881 | lr 2.9893e-03 | norm: 0.8218 | dt: 1714.67ms | img/sec: 2388.80
step 94319 | loss: 3.337905 | lr 2.9891e-03 | norm: 0.8068 | dt: 1650.60ms | img/sec: 2481.52
step 94320 | loss: 3.356951 | lr 2.9888e-03 | norm: 0.7847 | dt: 1650.62ms | img/sec: 2481.49
step 94321 | loss: 3.393140 | lr 2.9886e-03 | norm: 0.8253 | dt: 1654.49ms | img/sec: 2475.69
step 94322 | loss: 3.374004 | lr 2.9884e-03 | norm: 0.8058 | dt: 1747.84ms | img/sec: 2343.47
step 94323 | loss: 3.430009 | lr 2.9881e-03 | norm: 0.8898 | dt: 1655.03ms | img/sec: 2474.88
step 94324 | loss: 3.413755 | lr 2.9879e-03 | norm: 0.8656 | dt: 1699.92ms | img/sec: 2409.52
step 94325 | loss: 3.420371 | lr 2.9877e-03 | norm: 0.8944 | dt: 1669.48ms | img/sec: 2453.46
step 94326 | loss: 3.394066 | lr 2.9874e-03 | norm: 0.7827 | dt: 1693.32ms | img/sec: 2418.92
step 94327 | loss: 3.295189 | lr 2.9872e-03 | norm: 0.7516 | dt: 1676.03ms | img/sec: 2443.87
step 94328 | loss: 3.360973 | lr 2.9869e-03 | norm: 0.8836 | dt: 1751.21ms | img/sec: 2338.95
step 94329 | loss: 3.402709 | lr 2.9867e-03 | norm: 0.9355 | dt: 1655.57ms | img/sec: 2474.07
step 94330 | loss: 3.358627 | lr 2.9864e-03 | norm: 0.9408 | dt: 1756.14ms | img/sec: 2332.39
step 94331 | loss: 3.460139 | lr 2.9862e-03 | norm: 0.9538 | dt: 1668.11ms | img/sec: 2455.47
step 94332 | loss: 3.472581 | lr 2.9859e-03 | norm: 0.7461 | dt: 1660.80ms | img/sec: 2466.28
step 94333 | loss: 3.331490 | lr 2.9857e-03 | norm: 0.8179 | dt: 1708.30ms | img/sec: 2397.71
step 94334 | loss: 3.320053 | lr 2.9854e-03 | norm: 0.7949 | dt: 1731.33ms | img/sec: 2365.81
step 94335 | loss: 3.379318 | lr 2.9851e-03 | norm: 0.9801 | dt: 1752.55ms | img/sec: 2337.16
step 94336 | loss: 3.420620 | lr 2.9849e-03 | norm: 1.0250 | dt: 1704.95ms | img/sec: 2402.42
step 94337 | loss: 3.551086 | lr 2.9846e-03 | norm: 1.1913 | dt: 1677.24ms | img/sec: 2442.11
step 94338 | loss: 3.438839 | lr 2.9843e-03 | norm: 0.9233 | dt: 1676.41ms | img/sec: 2443.32
step 94339 | loss: 3.470656 | lr 2.9840e-03 | norm: 0.9515 | dt: 1693.51ms | img/sec: 2418.65
step 94340 | loss: 3.413448 | lr 2.9838e-03 | norm: 0.9011 | dt: 1759.05ms | img/sec: 2328.53
step 94341 | loss: 3.347695 | lr 2.9835e-03 | norm: 0.8892 | dt: 1721.76ms | img/sec: 2378.97
step 94342 | loss: 3.375503 | lr 2.9832e-03 | norm: 0.7932 | dt: 1666.78ms | img/sec: 2457.43
step 94343 | loss: 3.461117 | lr 2.9829e-03 | norm: 0.7405 | dt: 1706.24ms | img/sec: 2400.60
step 94344 | loss: 3.352368 | lr 2.9826e-03 | norm: 0.8037 | dt: 1744.03ms | img/sec: 2348.59
step 94345 | loss: 3.360328 | lr 2.9824e-03 | norm: 0.7538 | dt: 1696.35ms | img/sec: 2414.59
step 94346 | loss: 3.256435 | lr 2.9821e-03 | norm: 0.6989 | dt: 1653.70ms | img/sec: 2476.87
step 94347 | loss: 3.320029 | lr 2.9818e-03 | norm: 0.7502 | dt: 1734.61ms | img/sec: 2361.33
step 94348 | loss: 3.264468 | lr 2.9815e-03 | norm: 0.6578 | dt: 1667.48ms | img/sec: 2456.40
step 94349 | loss: 3.272954 | lr 2.9812e-03 | norm: 0.8384 | dt: 1647.14ms | img/sec: 2486.74
step 94350 | loss: 3.371657 | lr 2.9809e-03 | norm: 0.7566 | dt: 1658.06ms | img/sec: 2470.36
step 94351 | loss: 3.326421 | lr 2.9806e-03 | norm: 0.7007 | dt: 1675.45ms | img/sec: 2444.71
step 94352 | loss: 3.216935 | lr 2.9803e-03 | norm: 0.6443 | dt: 1741.62ms | img/sec: 2351.84
step 94353 | loss: 3.305758 | lr 2.9800e-03 | norm: 0.7851 | dt: 1651.03ms | img/sec: 2480.87
step 94354 | loss: 3.356946 | lr 2.9797e-03 | norm: 0.8195 | dt: 1664.67ms | img/sec: 2460.55
step 94355 | loss: 3.321328 | lr 2.9794e-03 | norm: 0.8501 | dt: 1655.16ms | img/sec: 2474.69
step 94356 | loss: 3.431775 | lr 2.9790e-03 | norm: 1.1055 | dt: 1649.35ms | img/sec: 2483.41
step 94357 | loss: 3.356849 | lr 2.9787e-03 | norm: 0.8011 | dt: 1716.31ms | img/sec: 2386.51
step 94358 | loss: 3.349953 | lr 2.9784e-03 | norm: 0.7894 | dt: 1747.68ms | img/sec: 2343.68
step 94359 | loss: 3.366804 | lr 2.9781e-03 | norm: 0.7512 | dt: 1741.36ms | img/sec: 2352.19
step 94360 | loss: 3.383556 | lr 2.9778e-03 | norm: 0.7216 | dt: 1695.08ms | img/sec: 2416.40
step 94361 | loss: 3.400102 | lr 2.9774e-03 | norm: 0.7527 | dt: 1655.61ms | img/sec: 2474.01
step 94362 | loss: 3.240737 | lr 2.9771e-03 | norm: 0.7030 | dt: 1662.48ms | img/sec: 2463.80
step 94363 | loss: 3.273937 | lr 2.9768e-03 | norm: 0.7832 | dt: 1649.40ms | img/sec: 2483.33
step 94364 | loss: 3.293387 | lr 2.9764e-03 | norm: 0.7674 | dt: 1655.81ms | img/sec: 2473.71
step 94365 | loss: 3.423699 | lr 2.9761e-03 | norm: 0.9137 | dt: 1705.60ms | img/sec: 2401.50
step 94366 | loss: 3.409773 | lr 2.9758e-03 | norm: 0.9954 | dt: 1680.70ms | img/sec: 2437.07
step 94367 | loss: 3.309818 | lr 2.9754e-03 | norm: 0.7659 | dt: 1650.39ms | img/sec: 2481.84
step 94368 | loss: 3.395788 | lr 2.9751e-03 | norm: 0.8078 | dt: 1725.89ms | img/sec: 2373.27
step 94369 | loss: 3.223109 | lr 2.9748e-03 | norm: 0.8046 | dt: 1653.36ms | img/sec: 2477.38
step 94370 | loss: 3.322226 | lr 2.9744e-03 | norm: 0.7504 | dt: 1658.36ms | img/sec: 2469.91
step 94371 | loss: 3.314319 | lr 2.9741e-03 | norm: 0.7478 | dt: 1690.95ms | img/sec: 2422.30
step 94372 | loss: 3.411841 | lr 2.9737e-03 | norm: 0.8324 | dt: 1681.88ms | img/sec: 2435.37
step 94373 | loss: 3.349780 | lr 2.9734e-03 | norm: 0.8632 | dt: 1654.52ms | img/sec: 2475.64
step 94374 | loss: 3.400214 | lr 2.9730e-03 | norm: 0.9127 | dt: 1652.30ms | img/sec: 2478.96
step 94375 | loss: 3.262218 | lr 2.9726e-03 | norm: 0.7094 | dt: 1720.15ms | img/sec: 2381.19
step 94376 | loss: 3.324465 | lr 2.9723e-03 | norm: 0.8452 | dt: 1723.66ms | img/sec: 2376.34
step 94377 | loss: 3.203693 | lr 2.9719e-03 | norm: 0.7576 | dt: 1661.49ms | img/sec: 2465.26
step 94378 | loss: 3.257526 | lr 2.9716e-03 | norm: 0.7453 | dt: 1655.68ms | img/sec: 2473.91
step 94379 | loss: 3.337609 | lr 2.9712e-03 | norm: 0.7954 | dt: 1656.64ms | img/sec: 2472.48
step 94380 | loss: 3.299451 | lr 2.9708e-03 | norm: 0.9385 | dt: 1697.93ms | img/sec: 2412.35
step 94381 | loss: 3.368942 | lr 2.9704e-03 | norm: 0.7799 | dt: 1648.15ms | img/sec: 2485.22
step 94382 | loss: 3.311199 | lr 2.9701e-03 | norm: 0.7117 | dt: 1652.66ms | img/sec: 2478.42
step 94383 | loss: 3.338478 | lr 2.9697e-03 | norm: 0.7283 | dt: 1657.52ms | img/sec: 2471.15
step 94384 | loss: 3.225466 | lr 2.9693e-03 | norm: 0.7270 | dt: 1696.68ms | img/sec: 2414.12
step 94385 | loss: 3.241688 | lr 2.9689e-03 | norm: 0.7273 | dt: 1720.54ms | img/sec: 2380.64
step 94386 | loss: 3.278485 | lr 2.9686e-03 | norm: 0.7415 | dt: 1767.64ms | img/sec: 2317.21
step 94387 | loss: 3.224497 | lr 2.9682e-03 | norm: 0.6324 | dt: 1697.50ms | img/sec: 2412.96
step 94388 | loss: 3.251289 | lr 2.9678e-03 | norm: 0.7311 | dt: 1661.04ms | img/sec: 2465.93
step 94389 | loss: 3.233885 | lr 2.9674e-03 | norm: 0.6439 | dt: 1696.43ms | img/sec: 2414.48
step 94390 | loss: 3.302109 | lr 2.9670e-03 | norm: 0.6933 | dt: 1656.41ms | img/sec: 2472.81
step 94391 | loss: 3.129584 | lr 2.9666e-03 | norm: 0.7553 | dt: 1659.39ms | img/sec: 2468.38
step 94392 | loss: 3.228072 | lr 2.9662e-03 | norm: 0.8211 | dt: 1657.80ms | img/sec: 2470.74
step 94393 | loss: 3.288953 | lr 2.9658e-03 | norm: 0.8259 | dt: 1669.07ms | img/sec: 2454.07
step 94394 | loss: 3.339666 | lr 2.9654e-03 | norm: 0.7104 | dt: 1655.21ms | img/sec: 2474.61
step 94395 | loss: 3.344505 | lr 2.9650e-03 | norm: 0.7821 | dt: 1654.00ms | img/sec: 2476.42
step 94396 | loss: 3.337323 | lr 2.9646e-03 | norm: 0.8536 | dt: 1674.08ms | img/sec: 2446.71
step 94397 | loss: 3.329752 | lr 2.9642e-03 | norm: 0.8405 | dt: 1659.68ms | img/sec: 2467.94
step 94398 | loss: 3.304087 | lr 2.9638e-03 | norm: 0.9369 | dt: 1660.52ms | img/sec: 2466.70
step 94399 | loss: 3.331165 | lr 2.9634e-03 | norm: 0.9540 | dt: 1648.67ms | img/sec: 2484.42
step 94400 | loss: 3.252868 | lr 2.9629e-03 | norm: 0.8100 | dt: 1716.06ms | img/sec: 2386.87
step 94401 | loss: 3.358620 | lr 2.9625e-03 | norm: 0.7737 | dt: 1650.87ms | img/sec: 2481.11
step 94402 | loss: 3.331880 | lr 2.9621e-03 | norm: 0.8018 | dt: 1815.61ms | img/sec: 2255.99
step 94403 | loss: 3.223644 | lr 2.9617e-03 | norm: 0.7451 | dt: 1653.38ms | img/sec: 2477.34
step 94404 | loss: 3.247562 | lr 2.9613e-03 | norm: 0.7025 | dt: 1661.06ms | img/sec: 2465.89
step 94405 | loss: 3.207963 | lr 2.9608e-03 | norm: 0.7395 | dt: 1653.00ms | img/sec: 2477.91
step 94406 | loss: 3.264097 | lr 2.9604e-03 | norm: 0.8655 | dt: 1659.74ms | img/sec: 2467.85
step 94407 | loss: 3.217594 | lr 2.9600e-03 | norm: 0.8565 | dt: 1662.61ms | img/sec: 2463.59
step 94408 | loss: 3.360961 | lr 2.9595e-03 | norm: 0.9472 | dt: 1684.35ms | img/sec: 2431.80
step 94409 | loss: 3.214535 | lr 2.9591e-03 | norm: 0.7414 | dt: 1697.65ms | img/sec: 2412.75
step 94410 | loss: 3.289081 | lr 2.9587e-03 | norm: 0.8268 | dt: 1709.58ms | img/sec: 2395.92
step 94411 | loss: 3.340185 | lr 2.9582e-03 | norm: 0.8356 | dt: 1672.28ms | img/sec: 2449.36
step 94412 | loss: 3.300328 | lr 2.9578e-03 | norm: 0.8671 | dt: 1654.79ms | img/sec: 2475.24
step 94413 | loss: 3.166405 | lr 2.9573e-03 | norm: 0.6187 | dt: 1659.45ms | img/sec: 2468.29
step 94414 | loss: 3.345062 | lr 2.9569e-03 | norm: 0.7429 | dt: 1659.79ms | img/sec: 2467.79
step 94415 | loss: 3.286325 | lr 2.9564e-03 | norm: 0.7054 | dt: 1699.37ms | img/sec: 2410.31
step 94416 | loss: 3.253590 | lr 2.9560e-03 | norm: 0.6223 | dt: 1671.26ms | img/sec: 2450.85
step 94417 | loss: 3.261681 | lr 2.9555e-03 | norm: 0.7962 | dt: 1705.29ms | img/sec: 2401.94
step 94418 | loss: 3.224355 | lr 2.9551e-03 | norm: 0.7036 | dt: 1650.78ms | img/sec: 2481.26
step 94419 | loss: 3.261771 | lr 2.9546e-03 | norm: 0.6480 | dt: 1659.30ms | img/sec: 2468.51
step 94420 | loss: 3.257542 | lr 2.9541e-03 | norm: 0.7552 | dt: 1713.84ms | img/sec: 2389.96
step 94421 | loss: 3.264011 | lr 2.9537e-03 | norm: 0.7889 | dt: 1736.21ms | img/sec: 2359.16
step 94422 | loss: 3.254589 | lr 2.9532e-03 | norm: 0.6457 | dt: 1653.55ms | img/sec: 2477.09
step 94423 | loss: 3.248837 | lr 2.9527e-03 | norm: 0.7739 | dt: 1649.91ms | img/sec: 2482.57
step 94424 | loss: 3.303450 | lr 2.9523e-03 | norm: 0.8062 | dt: 1719.78ms | img/sec: 2381.70
step 94425 | loss: 3.267670 | lr 2.9518e-03 | norm: 0.9029 | dt: 1702.49ms | img/sec: 2405.88
step 94426 | loss: 3.273355 | lr 2.9513e-03 | norm: 0.7987 | dt: 1686.90ms | img/sec: 2428.12
step 94427 | loss: 3.277359 | lr 2.9508e-03 | norm: 0.8526 | dt: 1676.48ms | img/sec: 2443.21
step 94428 | loss: 3.326632 | lr 2.9504e-03 | norm: 0.9487 | dt: 1703.53ms | img/sec: 2404.42
step 94429 | loss: 3.303874 | lr 2.9499e-03 | norm: 0.8426 | dt: 1648.10ms | img/sec: 2485.28
step 94430 | loss: 3.301471 | lr 2.9494e-03 | norm: 0.7263 | dt: 1658.63ms | img/sec: 2469.51
step 94431 | loss: 3.266488 | lr 2.9489e-03 | norm: 0.7795 | dt: 1645.80ms | img/sec: 2488.75
step 94432 | loss: 3.270486 | lr 2.9484e-03 | norm: 0.7996 | dt: 1648.43ms | img/sec: 2484.79
step 94433 | loss: 3.274618 | lr 2.9479e-03 | norm: 0.6555 | dt: 1654.31ms | img/sec: 2475.96
step 94434 | loss: 3.255499 | lr 2.9474e-03 | norm: 0.7442 | dt: 1708.26ms | img/sec: 2397.76
step 94435 | loss: 3.280639 | lr 2.9469e-03 | norm: 0.6434 | dt: 1704.11ms | img/sec: 2403.61
step 94436 | loss: 3.258132 | lr 2.9464e-03 | norm: 0.7013 | dt: 1652.29ms | img/sec: 2478.98
step 94437 | loss: 3.171342 | lr 2.9459e-03 | norm: 0.6486 | dt: 1709.15ms | img/sec: 2396.52
step 94438 | loss: 3.283605 | lr 2.9454e-03 | norm: 0.6776 | dt: 1645.23ms | img/sec: 2489.62
step 94439 | loss: 3.259000 | lr 2.9449e-03 | norm: 0.6285 | dt: 1656.19ms | img/sec: 2473.14
step 94440 | loss: 3.220827 | lr 2.9444e-03 | norm: 0.6075 | dt: 1727.50ms | img/sec: 2371.05
step 94441 | loss: 3.103277 | lr 2.9439e-03 | norm: 0.6231 | dt: 1667.85ms | img/sec: 2455.86
step 94442 | loss: 3.253346 | lr 2.9434e-03 | norm: 0.6520 | dt: 1648.39ms | img/sec: 2484.84
step 94443 | loss: 3.320277 | lr 2.9429e-03 | norm: 0.6808 | dt: 1653.45ms | img/sec: 2477.25
step 94444 | loss: 3.201851 | lr 2.9424e-03 | norm: 0.7414 | dt: 1704.96ms | img/sec: 2402.40
step 94445 | loss: 3.232995 | lr 2.9418e-03 | norm: 0.7696 | dt: 1648.33ms | img/sec: 2484.94
step 94446 | loss: 3.257729 | lr 2.9413e-03 | norm: 0.6788 | dt: 1653.99ms | img/sec: 2476.44
step 94447 | loss: 3.291681 | lr 2.9408e-03 | norm: 0.7462 | dt: 1683.42ms | img/sec: 2433.14
step 94448 | loss: 3.220895 | lr 2.9403e-03 | norm: 0.6631 | dt: 1665.79ms | img/sec: 2458.90
step 94449 | loss: 3.218353 | lr 2.9397e-03 | norm: 0.6739 | dt: 1777.72ms | img/sec: 2304.08
step 94450 | loss: 3.164097 | lr 2.9392e-03 | norm: 0.6618 | dt: 1742.79ms | img/sec: 2350.25
step 94451 | loss: 3.302658 | lr 2.9387e-03 | norm: 0.7135 | dt: 1693.81ms | img/sec: 2418.21
step 94452 | loss: 3.139024 | lr 2.9381e-03 | norm: 0.7878 | dt: 1656.01ms | img/sec: 2473.42
step 94453 | loss: 3.160163 | lr 2.9376e-03 | norm: 0.6669 | dt: 1646.57ms | img/sec: 2487.60
step 94454 | loss: 3.197519 | lr 2.9371e-03 | norm: 0.7150 | dt: 1654.71ms | img/sec: 2475.36
step 94455 | loss: 3.176920 | lr 2.9365e-03 | norm: 0.6715 | dt: 1657.09ms | img/sec: 2471.80
step 94456 | loss: 3.160891 | lr 2.9360e-03 | norm: 0.7222 | dt: 1665.91ms | img/sec: 2458.71
step 94457 | loss: 3.183580 | lr 2.9354e-03 | norm: 0.7742 | dt: 1652.96ms | img/sec: 2477.98
step 94458 | loss: 3.164372 | lr 2.9349e-03 | norm: 0.8984 | dt: 1659.39ms | img/sec: 2468.38
step 94459 | loss: 3.353414 | lr 2.9343e-03 | norm: 0.8934 | dt: 1651.09ms | img/sec: 2480.79
step 94460 | loss: 3.176210 | lr 2.9338e-03 | norm: 0.8453 | dt: 1675.18ms | img/sec: 2445.12
step 94461 | loss: 3.278041 | lr 2.9332e-03 | norm: 0.8618 | dt: 1657.78ms | img/sec: 2470.77
step 94462 | loss: 3.354899 | lr 2.9327e-03 | norm: 0.9286 | dt: 1654.07ms | img/sec: 2476.31
step 94463 | loss: 3.218698 | lr 2.9321e-03 | norm: 0.7513 | dt: 1714.94ms | img/sec: 2388.42
step 94464 | loss: 3.295240 | lr 2.9315e-03 | norm: 0.7438 | dt: 1677.69ms | img/sec: 2441.46
step 94465 | loss: 3.232867 | lr 2.9310e-03 | norm: 0.8729 | dt: 1661.35ms | img/sec: 2465.46
step 94466 | loss: 3.204544 | lr 2.9304e-03 | norm: 0.7326 | dt: 1690.82ms | img/sec: 2422.50
step 94467 | loss: 3.151503 | lr 2.9298e-03 | norm: 0.7547 | dt: 1652.86ms | img/sec: 2478.13
step 94468 | loss: 3.213597 | lr 2.9293e-03 | norm: 0.6867 | dt: 1656.78ms | img/sec: 2472.26
step 94469 | loss: 3.264526 | lr 2.9287e-03 | norm: 0.8575 | dt: 1686.61ms | img/sec: 2428.54
step 94470 | loss: 3.249749 | lr 2.9281e-03 | norm: 0.8259 | dt: 1663.50ms | img/sec: 2462.28
step 94471 | loss: 3.282577 | lr 2.9275e-03 | norm: 0.8284 | dt: 1651.12ms | img/sec: 2480.74
step 94472 | loss: 3.230586 | lr 2.9270e-03 | norm: 0.6841 | dt: 1760.67ms | img/sec: 2326.39
step 94473 | loss: 3.208323 | lr 2.9264e-03 | norm: 0.7777 | dt: 1658.75ms | img/sec: 2469.33
step 94474 | loss: 3.201411 | lr 2.9258e-03 | norm: 0.7564 | dt: 1740.58ms | img/sec: 2353.24
step 94475 | loss: 3.287772 | lr 2.9252e-03 | norm: 0.6911 | dt: 1653.01ms | img/sec: 2477.90
step 94476 | loss: 3.255620 | lr 2.9246e-03 | norm: 0.7085 | dt: 1662.28ms | img/sec: 2464.08
step 94477 | loss: 3.104567 | lr 2.9240e-03 | norm: 0.6506 | dt: 1657.07ms | img/sec: 2471.84
step 94478 | loss: 3.180205 | lr 2.9234e-03 | norm: 0.7240 | dt: 1745.42ms | img/sec: 2346.71
step 94479 | loss: 3.199617 | lr 2.9228e-03 | norm: 0.6480 | dt: 1706.53ms | img/sec: 2400.19
step 94480 | loss: 3.143528 | lr 2.9222e-03 | norm: 0.7802 | dt: 1693.28ms | img/sec: 2418.98
step 94481 | loss: 3.089438 | lr 2.9216e-03 | norm: 0.6958 | dt: 1653.07ms | img/sec: 2477.81
step 94482 | loss: 3.096120 | lr 2.9210e-03 | norm: 0.6715 | dt: 1652.74ms | img/sec: 2478.31
step 94483 | loss: 3.194126 | lr 2.9204e-03 | norm: 0.6787 | dt: 1686.33ms | img/sec: 2428.94
step 94484 | loss: 3.166212 | lr 2.9198e-03 | norm: 0.7285 | dt: 1681.69ms | img/sec: 2435.64
step 94485 | loss: 3.066687 | lr 2.9192e-03 | norm: 0.7589 | dt: 1651.92ms | img/sec: 2479.54
step 94486 | loss: 3.106863 | lr 2.9186e-03 | norm: 0.6917 | dt: 1668.91ms | img/sec: 2454.30
step 94487 | loss: 3.240454 | lr 2.9180e-03 | norm: 0.6974 | dt: 1687.55ms | img/sec: 2427.19
step 94488 | loss: 3.182803 | lr 2.9174e-03 | norm: 0.7197 | dt: 1661.86ms | img/sec: 2464.70
step 94489 | loss: 3.182686 | lr 2.9167e-03 | norm: 0.6097 | dt: 1650.95ms | img/sec: 2481.00
step 94490 | loss: 3.130749 | lr 2.9161e-03 | norm: 0.7522 | dt: 1700.90ms | img/sec: 2408.14
step 94491 | loss: 3.167812 | lr 2.9155e-03 | norm: 0.7147 | dt: 1707.27ms | img/sec: 2399.16
step 94492 | loss: 3.218619 | lr 2.9149e-03 | norm: 0.6891 | dt: 1778.49ms | img/sec: 2303.07
step 94493 | loss: 3.074564 | lr 2.9142e-03 | norm: 0.6555 | dt: 1706.64ms | img/sec: 2400.04
step 94494 | loss: 3.188038 | lr 2.9136e-03 | norm: 0.6778 | dt: 1722.63ms | img/sec: 2377.77
step 94495 | loss: 3.072974 | lr 2.9130e-03 | norm: 0.6136 | dt: 1691.78ms | img/sec: 2421.12
step 94496 | loss: 3.253045 | lr 2.9123e-03 | norm: 0.8453 | dt: 1658.53ms | img/sec: 2469.65
step 94497 | loss: 3.162184 | lr 2.9117e-03 | norm: 1.0130 | dt: 1732.54ms | img/sec: 2364.16
step 94498 | loss: 3.220658 | lr 2.9111e-03 | norm: 0.8214 | dt: 1713.07ms | img/sec: 2391.02
step 94499 | loss: 3.156060 | lr 2.9104e-03 | norm: 0.6761 | dt: 1650.90ms | img/sec: 2481.07
step 94500 | val_loss 2.8505 | val_acc 38.37%
step 94500 | loss: 3.230796 | lr 2.9098e-03 | norm: 0.8358 | dt: 4058.45ms | img/sec: 1009.25
step 94501 | loss: 3.113118 | lr 2.9091e-03 | norm: 0.7714 | dt: 1813.28ms | img/sec: 2258.89
step 94502 | loss: 3.163382 | lr 2.9085e-03 | norm: 0.7113 | dt: 1721.72ms | img/sec: 2379.01
step 94503 | loss: 3.162566 | lr 2.9078e-03 | norm: 0.7099 | dt: 1658.22ms | img/sec: 2470.12
step 94504 | loss: 3.080174 | lr 2.9072e-03 | norm: 0.6605 | dt: 1658.29ms | img/sec: 2470.01
step 94505 | loss: 3.123518 | lr 2.9065e-03 | norm: 0.7084 | dt: 1706.73ms | img/sec: 2399.92
step 94506 | loss: 3.139208 | lr 2.9059e-03 | norm: 0.6425 | dt: 1671.44ms | img/sec: 2450.58
step 94507 | loss: 3.082190 | lr 2.9052e-03 | norm: 0.6292 | dt: 1767.59ms | img/sec: 2317.28
step 94508 | loss: 3.198443 | lr 2.9046e-03 | norm: 0.6304 | dt: 1649.45ms | img/sec: 2483.25
step 94509 | loss: 3.104595 | lr 2.9039e-03 | norm: 0.6373 | dt: 1662.33ms | img/sec: 2464.01
step 94510 | loss: 3.149065 | lr 2.9032e-03 | norm: 0.6608 | dt: 1653.52ms | img/sec: 2477.15
step 94511 | loss: 3.167322 | lr 2.9026e-03 | norm: 0.6886 | dt: 1714.15ms | img/sec: 2389.52
step 94512 | loss: 3.194188 | lr 2.9019e-03 | norm: 0.7007 | dt: 1667.08ms | img/sec: 2456.99
step 94513 | loss: 3.126388 | lr 2.9012e-03 | norm: 0.6337 | dt: 1704.99ms | img/sec: 2402.35
step 94514 | loss: 3.206930 | lr 2.9005e-03 | norm: 0.6512 | dt: 1651.16ms | img/sec: 2480.68
step 94515 | loss: 3.138947 | lr 2.8999e-03 | norm: 0.7200 | dt: 1644.98ms | img/sec: 2490.01
step 94516 | loss: 3.115607 | lr 2.8992e-03 | norm: 0.9105 | dt: 1653.19ms | img/sec: 2477.63
step 94517 | loss: 3.145489 | lr 2.8985e-03 | norm: 0.8493 | dt: 1654.55ms | img/sec: 2475.59
step 94518 | loss: 3.246748 | lr 2.8978e-03 | norm: 0.8724 | dt: 1661.63ms | img/sec: 2465.06
step 94519 | loss: 3.073328 | lr 2.8971e-03 | norm: 0.7233 | dt: 1698.19ms | img/sec: 2411.98
step 94520 | loss: 3.207302 | lr 2.8964e-03 | norm: 0.7181 | dt: 1669.56ms | img/sec: 2453.34
step 94521 | loss: 3.169973 | lr 2.8958e-03 | norm: 0.7746 | dt: 1652.28ms | img/sec: 2479.00
step 94522 | loss: 3.245297 | lr 2.8951e-03 | norm: 0.7357 | dt: 1648.48ms | img/sec: 2484.71
step 94523 | loss: 3.162966 | lr 2.8944e-03 | norm: 0.8026 | dt: 1649.81ms | img/sec: 2482.71
step 94524 | loss: 3.183728 | lr 2.8937e-03 | norm: 0.7103 | dt: 1646.06ms | img/sec: 2488.36
step 94525 | loss: 3.137892 | lr 2.8930e-03 | norm: 0.7696 | dt: 1702.29ms | img/sec: 2406.17
step 94526 | loss: 3.130126 | lr 2.8923e-03 | norm: 0.8730 | dt: 1664.99ms | img/sec: 2460.08
step 94527 | loss: 3.126870 | lr 2.8916e-03 | norm: 0.6599 | dt: 1688.56ms | img/sec: 2425.74
step 94528 | loss: 3.280494 | lr 2.8909e-03 | norm: 0.7445 | dt: 1653.19ms | img/sec: 2477.63
step 94529 | loss: 3.096750 | lr 2.8902e-03 | norm: 0.7018 | dt: 1654.71ms | img/sec: 2475.36
step 94530 | loss: 3.145977 | lr 2.8894e-03 | norm: 0.6694 | dt: 1691.48ms | img/sec: 2421.55
step 94531 | loss: 3.113892 | lr 2.8887e-03 | norm: 0.6070 | dt: 1646.45ms | img/sec: 2487.77
step 94532 | loss: 3.252272 | lr 2.8880e-03 | norm: 0.7535 | dt: 1652.33ms | img/sec: 2478.93
step 94533 | loss: 3.102487 | lr 2.8873e-03 | norm: 0.6924 | dt: 1673.69ms | img/sec: 2447.29
step 94534 | loss: 3.268922 | lr 2.8866e-03 | norm: 0.7589 | dt: 1680.74ms | img/sec: 2437.03
step 94535 | loss: 3.174206 | lr 2.8859e-03 | norm: 0.6954 | dt: 1653.80ms | img/sec: 2476.71
step 94536 | loss: 3.180896 | lr 2.8851e-03 | norm: 0.7211 | dt: 1649.86ms | img/sec: 2482.63
step 94537 | loss: 3.052915 | lr 2.8844e-03 | norm: 0.6087 | dt: 1648.58ms | img/sec: 2484.56
step 94538 | loss: 3.138861 | lr 2.8837e-03 | norm: 0.7244 | dt: 1645.41ms | img/sec: 2489.35
step 94539 | loss: 3.123572 | lr 2.8830e-03 | norm: 0.6917 | dt: 1651.25ms | img/sec: 2480.54
step 94540 | loss: 3.194067 | lr 2.8822e-03 | norm: 0.6299 | dt: 1723.10ms | img/sec: 2377.11
step 94541 | loss: 3.222598 | lr 2.8815e-03 | norm: 0.7503 | dt: 1738.54ms | img/sec: 2356.00
step 94542 | loss: 3.169985 | lr 2.8807e-03 | norm: 0.7218 | dt: 1664.96ms | img/sec: 2460.11
step 94543 | loss: 3.253413 | lr 2.8800e-03 | norm: 0.7211 | dt: 1655.39ms | img/sec: 2474.33
step 94544 | loss: 3.101247 | lr 2.8793e-03 | norm: 0.6345 | dt: 1653.53ms | img/sec: 2477.13
step 94545 | loss: 3.132551 | lr 2.8785e-03 | norm: 0.5838 | dt: 1646.75ms | img/sec: 2487.32
step 94546 | loss: 3.045780 | lr 2.8778e-03 | norm: 0.6576 | dt: 1654.78ms | img/sec: 2475.25
step 94547 | loss: 3.112911 | lr 2.8770e-03 | norm: 0.6453 | dt: 1662.38ms | img/sec: 2463.94
step 94548 | loss: 3.083613 | lr 2.8763e-03 | norm: 0.5549 | dt: 1766.43ms | img/sec: 2318.80
step 94549 | loss: 3.096633 | lr 2.8755e-03 | norm: 0.6197 | dt: 1690.02ms | img/sec: 2423.64
step 94550 | loss: 3.103470 | lr 2.8748e-03 | norm: 0.6788 | dt: 1647.83ms | img/sec: 2485.69
step 94551 | loss: 3.101562 | lr 2.8740e-03 | norm: 0.5655 | dt: 1648.01ms | img/sec: 2485.42
step 94552 | loss: 3.120972 | lr 2.8733e-03 | norm: 0.6589 | dt: 1644.65ms | img/sec: 2490.50
step 94553 | loss: 3.120022 | lr 2.8725e-03 | norm: 0.6167 | dt: 1727.46ms | img/sec: 2371.11
step 94554 | loss: 3.003773 | lr 2.8717e-03 | norm: 0.6439 | dt: 1729.99ms | img/sec: 2367.64
step 94555 | loss: 3.082144 | lr 2.8710e-03 | norm: 0.6730 | dt: 1664.75ms | img/sec: 2460.43
step 94556 | loss: 3.095904 | lr 2.8702e-03 | norm: 0.7072 | dt: 1726.40ms | img/sec: 2372.57
step 94557 | loss: 3.130310 | lr 2.8694e-03 | norm: 0.7697 | dt: 1717.31ms | img/sec: 2385.13
step 94558 | loss: 3.123398 | lr 2.8687e-03 | norm: 0.7425 | dt: 1651.52ms | img/sec: 2480.15
step 94559 | loss: 3.166235 | lr 2.8679e-03 | norm: 0.7109 | dt: 1655.28ms | img/sec: 2474.50
step 94560 | loss: 3.118970 | lr 2.8671e-03 | norm: 0.6008 | dt: 1653.42ms | img/sec: 2477.29
step 94561 | loss: 3.160878 | lr 2.8663e-03 | norm: 0.6970 | dt: 1666.00ms | img/sec: 2458.59
step 94562 | loss: 3.030681 | lr 2.8656e-03 | norm: 0.6367 | dt: 1716.75ms | img/sec: 2385.90
step 94563 | loss: 3.062397 | lr 2.8648e-03 | norm: 0.6554 | dt: 1684.27ms | img/sec: 2431.91
step 94564 | loss: 3.120414 | lr 2.8640e-03 | norm: 0.6902 | dt: 1669.76ms | img/sec: 2453.04
step 94565 | loss: 3.042592 | lr 2.8632e-03 | norm: 0.6767 | dt: 1673.39ms | img/sec: 2447.72
step 94566 | loss: 3.113749 | lr 2.8624e-03 | norm: 0.5959 | dt: 1698.53ms | img/sec: 2411.50
step 94567 | loss: 3.087420 | lr 2.8616e-03 | norm: 0.6170 | dt: 1657.87ms | img/sec: 2470.65
step 94568 | loss: 2.996754 | lr 2.8608e-03 | norm: 0.6200 | dt: 1668.96ms | img/sec: 2454.23
step 94569 | loss: 3.053409 | lr 2.8600e-03 | norm: 0.6220 | dt: 1702.54ms | img/sec: 2405.82
step 94570 | loss: 3.066529 | lr 2.8592e-03 | norm: 0.6264 | dt: 1654.18ms | img/sec: 2476.15
step 94571 | loss: 3.130988 | lr 2.8584e-03 | norm: 0.6790 | dt: 1676.21ms | img/sec: 2443.61
step 94572 | loss: 3.124067 | lr 2.8576e-03 | norm: 0.7290 | dt: 1781.31ms | img/sec: 2299.44
step 94573 | loss: 3.055093 | lr 2.8568e-03 | norm: 0.7075 | dt: 1651.33ms | img/sec: 2480.42
step 94574 | loss: 3.064870 | lr 2.8560e-03 | norm: 0.6617 | dt: 1743.96ms | img/sec: 2348.68
step 94575 | loss: 3.119967 | lr 2.8552e-03 | norm: 0.7638 | dt: 1665.10ms | img/sec: 2459.92
step 94576 | loss: 3.056950 | lr 2.8544e-03 | norm: 0.6778 | dt: 1743.33ms | img/sec: 2349.53
step 94577 | loss: 3.028948 | lr 2.8536e-03 | norm: 0.6858 | dt: 1673.58ms | img/sec: 2447.46
step 94578 | loss: 3.070344 | lr 2.8528e-03 | norm: 0.7251 | dt: 1651.85ms | img/sec: 2479.64
step 94579 | loss: 3.194342 | lr 2.8520e-03 | norm: 0.7880 | dt: 1652.94ms | img/sec: 2478.01
step 94580 | loss: 3.151740 | lr 2.8512e-03 | norm: 0.6252 | dt: 1652.80ms | img/sec: 2478.21
step 94581 | loss: 3.037396 | lr 2.8503e-03 | norm: 0.6188 | dt: 1683.85ms | img/sec: 2432.52
step 94582 | loss: 3.074549 | lr 2.8495e-03 | norm: 0.6752 | dt: 1788.26ms | img/sec: 2290.49
step 94583 | loss: 3.108795 | lr 2.8487e-03 | norm: 0.5736 | dt: 1706.60ms | img/sec: 2400.10
step 94584 | loss: 3.125814 | lr 2.8479e-03 | norm: 0.6989 | dt: 1654.49ms | img/sec: 2475.68
step 94585 | loss: 3.028607 | lr 2.8470e-03 | norm: 0.6979 | dt: 1657.65ms | img/sec: 2470.96
step 94586 | loss: 2.988957 | lr 2.8462e-03 | norm: 0.6298 | dt: 1690.94ms | img/sec: 2422.32
step 94587 | loss: 3.046004 | lr 2.8454e-03 | norm: 0.6744 | dt: 1649.93ms | img/sec: 2482.53
step 94588 | loss: 3.091791 | lr 2.8445e-03 | norm: 0.6946 | dt: 1677.91ms | img/sec: 2441.13
step 94589 | loss: 3.013190 | lr 2.8437e-03 | norm: 0.7091 | dt: 1716.44ms | img/sec: 2386.34
step 94590 | loss: 3.109838 | lr 2.8428e-03 | norm: 0.7092 | dt: 1710.78ms | img/sec: 2394.24
step 94591 | loss: 3.022012 | lr 2.8420e-03 | norm: 0.8126 | dt: 1658.35ms | img/sec: 2469.93
step 94592 | loss: 3.047168 | lr 2.8412e-03 | norm: 0.9835 | dt: 1692.16ms | img/sec: 2420.58
step 94593 | loss: 3.047644 | lr 2.8403e-03 | norm: 0.6754 | dt: 1644.50ms | img/sec: 2490.73
step 94594 | loss: 3.059749 | lr 2.8395e-03 | norm: 0.7704 | dt: 1680.10ms | img/sec: 2437.94
step 94595 | loss: 3.116538 | lr 2.8386e-03 | norm: 0.6592 | dt: 1679.25ms | img/sec: 2439.18
step 94596 | loss: 3.081779 | lr 2.8378e-03 | norm: 0.6704 | dt: 1673.73ms | img/sec: 2447.24
step 94597 | loss: 3.093369 | lr 2.8369e-03 | norm: 0.6656 | dt: 1655.21ms | img/sec: 2474.61
step 94598 | loss: 3.041882 | lr 2.8360e-03 | norm: 0.6149 | dt: 1654.66ms | img/sec: 2475.43
step 94599 | loss: 3.052941 | lr 2.8352e-03 | norm: 0.6220 | dt: 1691.24ms | img/sec: 2421.90
step 94600 | loss: 3.062479 | lr 2.8343e-03 | norm: 0.6373 | dt: 1651.72ms | img/sec: 2479.84
step 94601 | loss: 3.012936 | lr 2.8335e-03 | norm: 0.6484 | dt: 1829.44ms | img/sec: 2238.94
step 94602 | loss: 3.124400 | lr 2.8326e-03 | norm: 0.6305 | dt: 1666.57ms | img/sec: 2457.75
step 94603 | loss: 2.993673 | lr 2.8317e-03 | norm: 0.6374 | dt: 1669.49ms | img/sec: 2453.45
step 94604 | loss: 3.045186 | lr 2.8309e-03 | norm: 0.6837 | dt: 1664.37ms | img/sec: 2460.99
step 94605 | loss: 3.106687 | lr 2.8300e-03 | norm: 0.6677 | dt: 1723.10ms | img/sec: 2377.12
step 94606 | loss: 3.136055 | lr 2.8291e-03 | norm: 0.5988 | dt: 1660.16ms | img/sec: 2467.23
step 94607 | loss: 3.056967 | lr 2.8282e-03 | norm: 0.6582 | dt: 1645.11ms | img/sec: 2489.80
step 94608 | loss: 3.037627 | lr 2.8274e-03 | norm: 0.6576 | dt: 1836.22ms | img/sec: 2230.66
step 94609 | loss: 3.231751 | lr 2.8265e-03 | norm: 0.6488 | dt: 1724.82ms | img/sec: 2374.74
step 94610 | loss: 3.059898 | lr 2.8256e-03 | norm: 0.6673 | dt: 1671.16ms | img/sec: 2450.99
step 94611 | loss: 2.975264 | lr 2.8247e-03 | norm: 0.7066 | dt: 1735.09ms | img/sec: 2360.68
step 94612 | loss: 3.011177 | lr 2.8238e-03 | norm: 0.7479 | dt: 1710.67ms | img/sec: 2394.38
step 94613 | loss: 2.936357 | lr 2.8229e-03 | norm: 0.6161 | dt: 1702.06ms | img/sec: 2406.49
step 94614 | loss: 3.122755 | lr 2.8221e-03 | norm: 0.7438 | dt: 1713.29ms | img/sec: 2390.72
step 94615 | loss: 3.160359 | lr 2.8212e-03 | norm: 0.7222 | dt: 1653.66ms | img/sec: 2476.93
step 94616 | loss: 3.030439 | lr 2.8203e-03 | norm: 0.7175 | dt: 1713.88ms | img/sec: 2389.90
step 94617 | loss: 3.006107 | lr 2.8194e-03 | norm: 0.6472 | dt: 1669.06ms | img/sec: 2454.07
step 94618 | loss: 3.105015 | lr 2.8185e-03 | norm: 0.7634 | dt: 1658.71ms | img/sec: 2469.39
step 94619 | loss: 3.013983 | lr 2.8176e-03 | norm: 0.7642 | dt: 1661.87ms | img/sec: 2464.70
step 94620 | loss: 2.994563 | lr 2.8167e-03 | norm: 0.6512 | dt: 1712.46ms | img/sec: 2391.89
step 94621 | loss: 3.090860 | lr 2.8158e-03 | norm: 0.6791 | dt: 1699.95ms | img/sec: 2409.48
step 94622 | loss: 2.967921 | lr 2.8148e-03 | norm: 0.5969 | dt: 1651.90ms | img/sec: 2479.57
step 94623 | loss: 3.144118 | lr 2.8139e-03 | norm: 0.7700 | dt: 1655.39ms | img/sec: 2474.33
step 94624 | loss: 3.072508 | lr 2.8130e-03 | norm: 0.8076 | dt: 1757.51ms | img/sec: 2330.57
step 94625 | loss: 3.036215 | lr 2.8121e-03 | norm: 0.6368 | dt: 1698.59ms | img/sec: 2411.40
step 94626 | loss: 3.011088 | lr 2.8112e-03 | norm: 0.6636 | dt: 1679.74ms | img/sec: 2438.48
step 94627 | loss: 2.965046 | lr 2.8103e-03 | norm: 0.6518 | dt: 1693.60ms | img/sec: 2418.52
step 94628 | loss: 3.068088 | lr 2.8094e-03 | norm: 0.6151 | dt: 1645.07ms | img/sec: 2489.86
step 94629 | loss: 3.028142 | lr 2.8084e-03 | norm: 0.6578 | dt: 1709.63ms | img/sec: 2395.84
step 94630 | loss: 3.101997 | lr 2.8075e-03 | norm: 0.7087 | dt: 1666.36ms | img/sec: 2458.05
step 94631 | loss: 3.012299 | lr 2.8066e-03 | norm: 0.5803 | dt: 1674.99ms | img/sec: 2445.39
step 94632 | loss: 3.122844 | lr 2.8057e-03 | norm: 0.7297 | dt: 1651.44ms | img/sec: 2480.26
step 94633 | loss: 3.094018 | lr 2.8047e-03 | norm: 0.7458 | dt: 1667.34ms | img/sec: 2456.60
step 94634 | loss: 2.963777 | lr 2.8038e-03 | norm: 0.6367 | dt: 1659.39ms | img/sec: 2468.37
step 94635 | loss: 3.080747 | lr 2.8029e-03 | norm: 0.6700 | dt: 1685.96ms | img/sec: 2429.47
step 94636 | loss: 2.986274 | lr 2.8019e-03 | norm: 0.6647 | dt: 1715.80ms | img/sec: 2387.22
step 94637 | loss: 3.089392 | lr 2.8010e-03 | norm: 0.7149 | dt: 1718.32ms | img/sec: 2383.72
step 94638 | loss: 3.123064 | lr 2.8000e-03 | norm: 0.8279 | dt: 1689.72ms | img/sec: 2424.07
step 94639 | loss: 3.082093 | lr 2.7991e-03 | norm: 0.7840 | dt: 1685.51ms | img/sec: 2430.12
step 94640 | loss: 2.937932 | lr 2.7982e-03 | norm: 0.6060 | dt: 1663.28ms | img/sec: 2462.60
step 94641 | loss: 3.082092 | lr 2.7972e-03 | norm: 0.7181 | dt: 1720.35ms | img/sec: 2380.91
step 94642 | loss: 3.132584 | lr 2.7963e-03 | norm: 0.7272 | dt: 1695.88ms | img/sec: 2415.27
step 94643 | loss: 3.062356 | lr 2.7953e-03 | norm: 0.6661 | dt: 1653.17ms | img/sec: 2477.66
step 94644 | loss: 3.001879 | lr 2.7944e-03 | norm: 0.6184 | dt: 1729.70ms | img/sec: 2368.04
step 94645 | loss: 3.016633 | lr 2.7934e-03 | norm: 0.6478 | dt: 1666.31ms | img/sec: 2458.13
step 94646 | loss: 2.964616 | lr 2.7924e-03 | norm: 0.6267 | dt: 1655.14ms | img/sec: 2474.71
step 94647 | loss: 2.970508 | lr 2.7915e-03 | norm: 0.6255 | dt: 1647.96ms | img/sec: 2485.50
step 94648 | loss: 2.988421 | lr 2.7905e-03 | norm: 0.6200 | dt: 1654.52ms | img/sec: 2475.64
step 94649 | loss: 3.036800 | lr 2.7896e-03 | norm: 0.6442 | dt: 1656.39ms | img/sec: 2472.85
step 94650 | loss: 3.071192 | lr 2.7886e-03 | norm: 0.5992 | dt: 1650.94ms | img/sec: 2481.01
step 94651 | loss: 3.038599 | lr 2.7876e-03 | norm: 0.6650 | dt: 1651.40ms | img/sec: 2480.32
step 94652 | loss: 3.078729 | lr 2.7867e-03 | norm: 0.6335 | dt: 1678.02ms | img/sec: 2440.97
step 94653 | loss: 2.936379 | lr 2.7857e-03 | norm: 0.5776 | dt: 1648.21ms | img/sec: 2485.12
step 94654 | loss: 3.090274 | lr 2.7847e-03 | norm: 0.6188 | dt: 1719.92ms | img/sec: 2381.50
step 94655 | loss: 3.073644 | lr 2.7837e-03 | norm: 0.6170 | dt: 1720.80ms | img/sec: 2380.28
step 94656 | loss: 2.958809 | lr 2.7828e-03 | norm: 0.6331 | dt: 1680.15ms | img/sec: 2437.88
step 94657 | loss: 3.015636 | lr 2.7818e-03 | norm: 0.6129 | dt: 1741.56ms | img/sec: 2351.92
step 94658 | loss: 2.960941 | lr 2.7808e-03 | norm: 0.6203 | dt: 1659.98ms | img/sec: 2467.50
step 94659 | loss: 3.064121 | lr 2.7798e-03 | norm: 0.6741 | dt: 1738.22ms | img/sec: 2356.44
step 94660 | loss: 3.010832 | lr 2.7788e-03 | norm: 0.6412 | dt: 1696.38ms | img/sec: 2414.55
step 94661 | loss: 2.999535 | lr 2.7778e-03 | norm: 0.6503 | dt: 1649.96ms | img/sec: 2482.48
step 94662 | loss: 3.054955 | lr 2.7769e-03 | norm: 0.6350 | dt: 1726.07ms | img/sec: 2373.03
step 94663 | loss: 2.998699 | lr 2.7759e-03 | norm: 0.6698 | dt: 1666.34ms | img/sec: 2458.09
step 94664 | loss: 2.964405 | lr 2.7749e-03 | norm: 0.6956 | dt: 1645.47ms | img/sec: 2489.26
step 94665 | loss: 3.078434 | lr 2.7739e-03 | norm: 0.7577 | dt: 1727.28ms | img/sec: 2371.36
step 94666 | loss: 3.039365 | lr 2.7729e-03 | norm: 0.6474 | dt: 1666.99ms | img/sec: 2457.12
step 94667 | loss: 3.129110 | lr 2.7719e-03 | norm: 0.7678 | dt: 1757.91ms | img/sec: 2330.04
step 94668 | loss: 2.892717 | lr 2.7709e-03 | norm: 0.6093 | dt: 1728.07ms | img/sec: 2370.27
step 94669 | loss: 3.047539 | lr 2.7699e-03 | norm: 0.7201 | dt: 1707.35ms | img/sec: 2399.04
step 94670 | loss: 3.067764 | lr 2.7689e-03 | norm: 0.6610 | dt: 1646.85ms | img/sec: 2487.17
step 94671 | loss: 2.996783 | lr 2.7679e-03 | norm: 0.5792 | dt: 1653.64ms | img/sec: 2476.96
step 94672 | loss: 2.987715 | lr 2.7669e-03 | norm: 0.6606 | dt: 1658.66ms | img/sec: 2469.46
step 94673 | loss: 3.037262 | lr 2.7658e-03 | norm: 0.6125 | dt: 1668.73ms | img/sec: 2454.56
step 94674 | loss: 2.992968 | lr 2.7648e-03 | norm: 0.7209 | dt: 1759.13ms | img/sec: 2328.42
step 94675 | loss: 2.950107 | lr 2.7638e-03 | norm: 0.6511 | dt: 1716.99ms | img/sec: 2385.57
step 94676 | loss: 3.087275 | lr 2.7628e-03 | norm: 0.6842 | dt: 1678.18ms | img/sec: 2440.74
step 94677 | loss: 3.045675 | lr 2.7618e-03 | norm: 0.6219 | dt: 1673.33ms | img/sec: 2447.81
step 94678 | loss: 2.943810 | lr 2.7608e-03 | norm: 0.6075 | dt: 1675.63ms | img/sec: 2444.45
step 94679 | loss: 2.946524 | lr 2.7597e-03 | norm: 0.6762 | dt: 1675.84ms | img/sec: 2444.15
step 94680 | loss: 2.886604 | lr 2.7587e-03 | norm: 0.5887 | dt: 1671.20ms | img/sec: 2450.93
step 94681 | loss: 3.082614 | lr 2.7577e-03 | norm: 0.6965 | dt: 1653.38ms | img/sec: 2477.34
step 94682 | loss: 2.980917 | lr 2.7566e-03 | norm: 0.6204 | dt: 1770.93ms | img/sec: 2312.91
step 94683 | loss: 2.986639 | lr 2.7556e-03 | norm: 0.6384 | dt: 1656.06ms | img/sec: 2473.34
step 94684 | loss: 3.039961 | lr 2.7546e-03 | norm: 0.6795 | dt: 1695.54ms | img/sec: 2415.75
step 94685 | loss: 3.014412 | lr 2.7535e-03 | norm: 0.6184 | dt: 1650.97ms | img/sec: 2480.96
step 94686 | loss: 2.993654 | lr 2.7525e-03 | norm: 0.6239 | dt: 1715.73ms | img/sec: 2387.33
step 94687 | loss: 3.076917 | lr 2.7515e-03 | norm: 0.6566 | dt: 1680.57ms | img/sec: 2437.27
step 94688 | loss: 3.000511 | lr 2.7504e-03 | norm: 0.6924 | dt: 1659.52ms | img/sec: 2468.18
step 94689 | loss: 2.890998 | lr 2.7494e-03 | norm: 0.6495 | dt: 1644.00ms | img/sec: 2491.48
step 94690 | loss: 3.015834 | lr 2.7483e-03 | norm: 0.6922 | dt: 1748.62ms | img/sec: 2342.42
step 94691 | loss: 2.924077 | lr 2.7473e-03 | norm: 0.6682 | dt: 1659.76ms | img/sec: 2467.82
step 94692 | loss: 2.937322 | lr 2.7462e-03 | norm: 0.5816 | dt: 1647.15ms | img/sec: 2486.72
step 94693 | loss: 2.931922 | lr 2.7452e-03 | norm: 0.6787 | dt: 1698.43ms | img/sec: 2411.63
step 94694 | loss: 2.896076 | lr 2.7441e-03 | norm: 0.6540 | dt: 1668.03ms | img/sec: 2455.60
step 94695 | loss: 3.053885 | lr 2.7431e-03 | norm: 0.6874 | dt: 1730.99ms | img/sec: 2366.28
step 94696 | loss: 3.062682 | lr 2.7420e-03 | norm: 0.6879 | dt: 1666.55ms | img/sec: 2457.77
step 94697 | loss: 2.966729 | lr 2.7410e-03 | norm: 0.6517 | dt: 1712.32ms | img/sec: 2392.08
step 94698 | loss: 3.022712 | lr 2.7399e-03 | norm: 0.5880 | dt: 1773.14ms | img/sec: 2310.02
step 94699 | loss: 2.933343 | lr 2.7388e-03 | norm: 0.6732 | dt: 1648.10ms | img/sec: 2485.29
step 94700 | loss: 3.045649 | lr 2.7378e-03 | norm: 0.5794 | dt: 1657.84ms | img/sec: 2470.68
step 94701 | loss: 3.012879 | lr 2.7367e-03 | norm: 0.6251 | dt: 1726.70ms | img/sec: 2372.15
step 94702 | loss: 3.007086 | lr 2.7356e-03 | norm: 0.6191 | dt: 1766.87ms | img/sec: 2318.22
step 94703 | loss: 2.968299 | lr 2.7346e-03 | norm: 0.6125 | dt: 1661.62ms | img/sec: 2465.06
step 94704 | loss: 3.076775 | lr 2.7335e-03 | norm: 0.6334 | dt: 1710.21ms | img/sec: 2395.02
step 94705 | loss: 2.960218 | lr 2.7324e-03 | norm: 0.6388 | dt: 1655.95ms | img/sec: 2473.51
step 94706 | loss: 2.971667 | lr 2.7313e-03 | norm: 0.5783 | dt: 1662.56ms | img/sec: 2463.68
step 94707 | loss: 3.003084 | lr 2.7303e-03 | norm: 0.6022 | dt: 1663.11ms | img/sec: 2462.85
step 94708 | loss: 2.925009 | lr 2.7292e-03 | norm: 0.5541 | dt: 1668.15ms | img/sec: 2455.42
step 94709 | loss: 3.006786 | lr 2.7281e-03 | norm: 0.5721 | dt: 1708.89ms | img/sec: 2396.88
step 94710 | loss: 2.957570 | lr 2.7270e-03 | norm: 0.6513 | dt: 1646.48ms | img/sec: 2487.74
step 94711 | loss: 2.941535 | lr 2.7259e-03 | norm: 0.6676 | dt: 1654.31ms | img/sec: 2475.95
step 94712 | loss: 2.966055 | lr 2.7248e-03 | norm: 0.6629 | dt: 1693.62ms | img/sec: 2418.49
step 94713 | loss: 3.039348 | lr 2.7237e-03 | norm: 0.6298 | dt: 1648.92ms | img/sec: 2484.04
step 94714 | loss: 2.836306 | lr 2.7227e-03 | norm: 0.6376 | dt: 1701.90ms | img/sec: 2406.73
step 94715 | loss: 2.875426 | lr 2.7216e-03 | norm: 0.5981 | dt: 1661.04ms | img/sec: 2465.92
step 94716 | loss: 2.965237 | lr 2.7205e-03 | norm: 0.5927 | dt: 1691.30ms | img/sec: 2421.81
step 94717 | loss: 2.901407 | lr 2.7194e-03 | norm: 0.6382 | dt: 1648.31ms | img/sec: 2484.97
step 94718 | loss: 2.901460 | lr 2.7183e-03 | norm: 0.5819 | dt: 1685.64ms | img/sec: 2429.94
step 94719 | loss: 3.045376 | lr 2.7172e-03 | norm: 0.5859 | dt: 1676.18ms | img/sec: 2443.65
step 94720 | loss: 3.001485 | lr 2.7161e-03 | norm: 0.6581 | dt: 1646.21ms | img/sec: 2488.14
step 94721 | loss: 2.959051 | lr 2.7150e-03 | norm: 0.5261 | dt: 1702.60ms | img/sec: 2405.74
step 94722 | loss: 3.091610 | lr 2.7138e-03 | norm: 0.6903 | dt: 1658.68ms | img/sec: 2469.43
step 94723 | loss: 2.993244 | lr 2.7127e-03 | norm: 0.5896 | dt: 1667.03ms | img/sec: 2457.07
step 94724 | loss: 3.016174 | lr 2.7116e-03 | norm: 0.6306 | dt: 1646.08ms | img/sec: 2488.33
step 94725 | loss: 2.970040 | lr 2.7105e-03 | norm: 0.7076 | dt: 1831.09ms | img/sec: 2236.92
step 94726 | loss: 2.953003 | lr 2.7094e-03 | norm: 0.6369 | dt: 1692.79ms | img/sec: 2419.67
step 94727 | loss: 2.973066 | lr 2.7083e-03 | norm: 0.6599 | dt: 1654.13ms | img/sec: 2476.23
step 94728 | loss: 2.989998 | lr 2.7072e-03 | norm: 0.6272 | dt: 1663.83ms | img/sec: 2461.80
step 94729 | loss: 2.997417 | lr 2.7060e-03 | norm: 0.6378 | dt: 1721.34ms | img/sec: 2379.54
step 94730 | loss: 3.012497 | lr 2.7049e-03 | norm: 0.6552 | dt: 1663.47ms | img/sec: 2462.32
step 94731 | loss: 2.902317 | lr 2.7038e-03 | norm: 0.6023 | dt: 1716.94ms | img/sec: 2385.64
step 94732 | loss: 3.008887 | lr 2.7027e-03 | norm: 0.6660 | dt: 1649.85ms | img/sec: 2482.65
step 94733 | loss: 2.978992 | lr 2.7015e-03 | norm: 0.5977 | dt: 1725.38ms | img/sec: 2373.98
step 94734 | loss: 2.924307 | lr 2.7004e-03 | norm: 0.5860 | dt: 1715.00ms | img/sec: 2388.34
step 94735 | loss: 2.932474 | lr 2.6993e-03 | norm: 0.6493 | dt: 1666.40ms | img/sec: 2458.00
step 94736 | loss: 2.961722 | lr 2.6981e-03 | norm: 0.6441 | dt: 1686.48ms | img/sec: 2428.73
step 94737 | loss: 3.061341 | lr 2.6970e-03 | norm: 0.6638 | dt: 1700.96ms | img/sec: 2408.06
step 94738 | loss: 2.804044 | lr 2.6959e-03 | norm: 0.5810 | dt: 1654.57ms | img/sec: 2475.57
step 94739 | loss: 2.967659 | lr 2.6947e-03 | norm: 0.6311 | dt: 1659.19ms | img/sec: 2468.67
step 94740 | loss: 2.918928 | lr 2.6936e-03 | norm: 0.5956 | dt: 1657.25ms | img/sec: 2471.57
step 94741 | loss: 3.000415 | lr 2.6924e-03 | norm: 0.6453 | dt: 1682.30ms | img/sec: 2434.76
step 94742 | loss: 2.947553 | lr 2.6913e-03 | norm: 0.6207 | dt: 1661.73ms | img/sec: 2464.90
step 94743 | loss: 2.879383 | lr 2.6901e-03 | norm: 0.6427 | dt: 1707.00ms | img/sec: 2399.54
step 94744 | loss: 3.010763 | lr 2.6890e-03 | norm: 0.6812 | dt: 1688.57ms | img/sec: 2425.73
step 94745 | loss: 2.888280 | lr 2.6878e-03 | norm: 0.6012 | dt: 1727.02ms | img/sec: 2371.72
step 94746 | loss: 2.879868 | lr 2.6867e-03 | norm: 0.7033 | dt: 1658.20ms | img/sec: 2470.14
step 94747 | loss: 2.905718 | lr 2.6855e-03 | norm: 0.5868 | dt: 1655.93ms | img/sec: 2473.53
step 94748 | loss: 3.049647 | lr 2.6844e-03 | norm: 0.7011 | dt: 1653.40ms | img/sec: 2477.31
step 94749 | loss: 2.991964 | lr 2.6832e-03 | norm: 0.6271 | dt: 1679.27ms | img/sec: 2439.16
step 94750 | loss: 2.874549 | lr 2.6820e-03 | norm: 0.6832 | dt: 1678.91ms | img/sec: 2439.67
step 94751 | loss: 2.979295 | lr 2.6809e-03 | norm: 0.6229 | dt: 1656.34ms | img/sec: 2472.93
step 94752 | loss: 2.919940 | lr 2.6797e-03 | norm: 0.6774 | dt: 1644.95ms | img/sec: 2490.04
step 94753 | loss: 2.875285 | lr 2.6785e-03 | norm: 0.5864 | dt: 1686.43ms | img/sec: 2428.79
step 94754 | loss: 3.033247 | lr 2.6774e-03 | norm: 0.6113 | dt: 1690.11ms | img/sec: 2423.51
step 94755 | loss: 2.889905 | lr 2.6762e-03 | norm: 0.6088 | dt: 1656.95ms | img/sec: 2472.02
step 94756 | loss: 2.923009 | lr 2.6750e-03 | norm: 0.6232 | dt: 1653.08ms | img/sec: 2477.81
step 94757 | loss: 2.938515 | lr 2.6739e-03 | norm: 0.7425 | dt: 1740.50ms | img/sec: 2353.35
step 94758 | loss: 2.939959 | lr 2.6727e-03 | norm: 0.6645 | dt: 1688.24ms | img/sec: 2426.20
step 94759 | loss: 2.881225 | lr 2.6715e-03 | norm: 0.6361 | dt: 1661.31ms | img/sec: 2465.53
step 94760 | loss: 2.885543 | lr 2.6703e-03 | norm: 0.6127 | dt: 1652.77ms | img/sec: 2478.27
step 94761 | loss: 2.982309 | lr 2.6691e-03 | norm: 0.6621 | dt: 1653.22ms | img/sec: 2477.59
step 94762 | loss: 2.981237 | lr 2.6680e-03 | norm: 0.6320 | dt: 1747.00ms | img/sec: 2344.59
step 94763 | loss: 2.865402 | lr 2.6668e-03 | norm: 0.6768 | dt: 1663.77ms | img/sec: 2461.88
step 94764 | loss: 2.914255 | lr 2.6656e-03 | norm: 0.6365 | dt: 1773.12ms | img/sec: 2310.05
step 94765 | loss: 2.949867 | lr 2.6644e-03 | norm: 0.6755 | dt: 1778.33ms | img/sec: 2303.28
step 94766 | loss: 2.978719 | lr 2.6632e-03 | norm: 0.6504 | dt: 1681.00ms | img/sec: 2436.64
step 94767 | loss: 2.879927 | lr 2.6620e-03 | norm: 0.6425 | dt: 1660.99ms | img/sec: 2466.00
step 94768 | loss: 3.000550 | lr 2.6608e-03 | norm: 0.6742 | dt: 1676.31ms | img/sec: 2443.46
step 94769 | loss: 3.059618 | lr 2.6596e-03 | norm: 0.6362 | dt: 1796.17ms | img/sec: 2280.41
step 94770 | loss: 2.965736 | lr 2.6584e-03 | norm: 0.5736 | dt: 1651.60ms | img/sec: 2480.01
step 94771 | loss: 2.900442 | lr 2.6572e-03 | norm: 0.6440 | dt: 1670.95ms | img/sec: 2451.30
step 94772 | loss: 2.958064 | lr 2.6560e-03 | norm: 0.6190 | dt: 1653.75ms | img/sec: 2476.79
step 94773 | loss: 2.932492 | lr 2.6548e-03 | norm: 0.5962 | dt: 1647.96ms | img/sec: 2485.50
step 94774 | loss: 2.937634 | lr 2.6536e-03 | norm: 0.6829 | dt: 1658.98ms | img/sec: 2468.98
step 94775 | loss: 2.897270 | lr 2.6524e-03 | norm: 0.5739 | dt: 1689.43ms | img/sec: 2424.48
step 94776 | loss: 2.822278 | lr 2.6512e-03 | norm: 0.6429 | dt: 1731.06ms | img/sec: 2366.18
step 94777 | loss: 2.951955 | lr 2.6500e-03 | norm: 0.6101 | dt: 1673.91ms | img/sec: 2446.96
step 94778 | loss: 2.881077 | lr 2.6488e-03 | norm: 0.6903 | dt: 1666.15ms | img/sec: 2458.36
step 94779 | loss: 2.858507 | lr 2.6476e-03 | norm: 0.6417 | dt: 1785.58ms | img/sec: 2293.94
step 94780 | loss: 2.862926 | lr 2.6463e-03 | norm: 0.6540 | dt: 1647.59ms | img/sec: 2486.06
step 94781 | loss: 2.906271 | lr 2.6451e-03 | norm: 0.6450 | dt: 1680.15ms | img/sec: 2437.88
step 94782 | loss: 2.917751 | lr 2.6439e-03 | norm: 0.5765 | dt: 1704.72ms | img/sec: 2402.74
step 94783 | loss: 2.988034 | lr 2.6427e-03 | norm: 0.6577 | dt: 1806.85ms | img/sec: 2266.93
step 94784 | loss: 2.952057 | lr 2.6415e-03 | norm: 0.6771 | dt: 1697.71ms | img/sec: 2412.67
step 94785 | loss: 2.863421 | lr 2.6402e-03 | norm: 0.5478 | dt: 1711.08ms | img/sec: 2393.81
step 94786 | loss: 2.940711 | lr 2.6390e-03 | norm: 0.6900 | dt: 1719.26ms | img/sec: 2382.43
step 94787 | loss: 2.963404 | lr 2.6378e-03 | norm: 0.5957 | dt: 1646.01ms | img/sec: 2488.44
step 94788 | loss: 2.995135 | lr 2.6366e-03 | norm: 0.6801 | dt: 1660.40ms | img/sec: 2466.88
step 94789 | loss: 2.849995 | lr 2.6353e-03 | norm: 0.6264 | dt: 1734.20ms | img/sec: 2361.90
step 94790 | loss: 2.969897 | lr 2.6341e-03 | norm: 0.6312 | dt: 1691.25ms | img/sec: 2421.88
step 94791 | loss: 2.927758 | lr 2.6328e-03 | norm: 0.6001 | dt: 1665.79ms | img/sec: 2458.90
step 94792 | loss: 2.880902 | lr 2.6316e-03 | norm: 0.6051 | dt: 1702.54ms | img/sec: 2405.81
step 94793 | loss: 2.926214 | lr 2.6304e-03 | norm: 0.6359 | dt: 1662.73ms | img/sec: 2463.43
step 94794 | loss: 2.863084 | lr 2.6291e-03 | norm: 0.5888 | dt: 1654.85ms | img/sec: 2475.16
step 94795 | loss: 2.820457 | lr 2.6279e-03 | norm: 0.6211 | dt: 1723.05ms | img/sec: 2377.18
step 94796 | loss: 2.931605 | lr 2.6266e-03 | norm: 0.6239 | dt: 1649.34ms | img/sec: 2483.42
step 94797 | loss: 2.924309 | lr 2.6254e-03 | norm: 0.6063 | dt: 1663.53ms | img/sec: 2462.24
step 94798 | loss: 2.903168 | lr 2.6241e-03 | norm: 0.7288 | dt: 1653.22ms | img/sec: 2477.58
step 94799 | loss: 2.904082 | lr 2.6229e-03 | norm: 0.5930 | dt: 1674.39ms | img/sec: 2446.27
step 94800 | loss: 2.987003 | lr 2.6216e-03 | norm: 0.6459 | dt: 1689.65ms | img/sec: 2424.16
step 94801 | loss: 2.874676 | lr 2.6204e-03 | norm: 0.5674 | dt: 1709.21ms | img/sec: 2396.43
step 94802 | loss: 2.952067 | lr 2.6191e-03 | norm: 0.6148 | dt: 1662.35ms | img/sec: 2463.99
step 94803 | loss: 2.912577 | lr 2.6179e-03 | norm: 0.5741 | dt: 1648.65ms | img/sec: 2484.46
step 94804 | loss: 2.903838 | lr 2.6166e-03 | norm: 0.5638 | dt: 1654.95ms | img/sec: 2475.00
step 94805 | loss: 2.837611 | lr 2.6154e-03 | norm: 0.6129 | dt: 1660.23ms | img/sec: 2467.12
step 94806 | loss: 2.846188 | lr 2.6141e-03 | norm: 0.6137 | dt: 1664.06ms | img/sec: 2461.45
step 94807 | loss: 2.884721 | lr 2.6128e-03 | norm: 0.6372 | dt: 1661.27ms | img/sec: 2465.58
step 94808 | loss: 2.779524 | lr 2.6116e-03 | norm: 0.5943 | dt: 1684.57ms | img/sec: 2431.49
step 94809 | loss: 2.909010 | lr 2.6103e-03 | norm: 0.6245 | dt: 1683.43ms | img/sec: 2433.13
step 94810 | loss: 2.830870 | lr 2.6090e-03 | norm: 0.5934 | dt: 1730.56ms | img/sec: 2366.87
step 94811 | loss: 2.920472 | lr 2.6077e-03 | norm: 0.6510 | dt: 1659.96ms | img/sec: 2467.53
step 94812 | loss: 2.895544 | lr 2.6065e-03 | norm: 0.6372 | dt: 1657.40ms | img/sec: 2471.35
step 94813 | loss: 2.907007 | lr 2.6052e-03 | norm: 0.6164 | dt: 1668.97ms | img/sec: 2454.20
step 94814 | loss: 2.870268 | lr 2.6039e-03 | norm: 0.6300 | dt: 1655.75ms | img/sec: 2473.81
step 94815 | loss: 2.831396 | lr 2.6026e-03 | norm: 0.6545 | dt: 1699.52ms | img/sec: 2410.09
step 94816 | loss: 2.807840 | lr 2.6014e-03 | norm: 0.6215 | dt: 1668.53ms | img/sec: 2454.86
step 94817 | loss: 2.946773 | lr 2.6001e-03 | norm: 0.7171 | dt: 1663.89ms | img/sec: 2461.71
step 94818 | loss: 2.900775 | lr 2.5988e-03 | norm: 0.5951 | dt: 1661.41ms | img/sec: 2465.38
step 94819 | loss: 2.881283 | lr 2.5975e-03 | norm: 0.7210 | dt: 1731.30ms | img/sec: 2365.85
step 94820 | loss: 2.817550 | lr 2.5962e-03 | norm: 0.5499 | dt: 1729.50ms | img/sec: 2368.31
step 94821 | loss: 2.992184 | lr 2.5949e-03 | norm: 0.6483 | dt: 1677.71ms | img/sec: 2441.42
step 94822 | loss: 2.970011 | lr 2.5936e-03 | norm: 0.6108 | dt: 1683.09ms | img/sec: 2433.62
step 94823 | loss: 2.926809 | lr 2.5923e-03 | norm: 0.6027 | dt: 1666.23ms | img/sec: 2458.24
step 94824 | loss: 2.829554 | lr 2.5911e-03 | norm: 0.6034 | dt: 1700.28ms | img/sec: 2409.01
step 94825 | loss: 2.890121 | lr 2.5898e-03 | norm: 0.5832 | dt: 1712.99ms | img/sec: 2391.15
step 94826 | loss: 2.913794 | lr 2.5885e-03 | norm: 0.6303 | dt: 1655.65ms | img/sec: 2473.95
step 94827 | loss: 2.858466 | lr 2.5872e-03 | norm: 0.5879 | dt: 1707.85ms | img/sec: 2398.34
step 94828 | loss: 2.881939 | lr 2.5859e-03 | norm: 0.6238 | dt: 1719.99ms | img/sec: 2381.41
step 94829 | loss: 2.815377 | lr 2.5846e-03 | norm: 0.5963 | dt: 1751.38ms | img/sec: 2338.72
step 94830 | loss: 2.878941 | lr 2.5832e-03 | norm: 0.6145 | dt: 1694.57ms | img/sec: 2417.13
step 94831 | loss: 2.856015 | lr 2.5819e-03 | norm: 0.6143 | dt: 1660.69ms | img/sec: 2466.44
step 94832 | loss: 2.829470 | lr 2.5806e-03 | norm: 0.6003 | dt: 1682.87ms | img/sec: 2433.93
step 94833 | loss: 2.847464 | lr 2.5793e-03 | norm: 0.5800 | dt: 1674.92ms | img/sec: 2445.48
step 94834 | loss: 2.826530 | lr 2.5780e-03 | norm: 0.6020 | dt: 1654.63ms | img/sec: 2475.48
step 94835 | loss: 2.890858 | lr 2.5767e-03 | norm: 0.5378 | dt: 1653.62ms | img/sec: 2477.00
step 94836 | loss: 2.911736 | lr 2.5754e-03 | norm: 0.5729 | dt: 1652.02ms | img/sec: 2479.38
step 94837 | loss: 2.849872 | lr 2.5741e-03 | norm: 0.5315 | dt: 1692.87ms | img/sec: 2419.56
step 94838 | loss: 2.887543 | lr 2.5727e-03 | norm: 0.5693 | dt: 1652.49ms | img/sec: 2478.69
step 94839 | loss: 2.882257 | lr 2.5714e-03 | norm: 0.5548 | dt: 1705.01ms | img/sec: 2402.33
step 94840 | loss: 2.842792 | lr 2.5701e-03 | norm: 0.5780 | dt: 1657.58ms | img/sec: 2471.07
step 94841 | loss: 2.800471 | lr 2.5688e-03 | norm: 0.5587 | dt: 1659.06ms | img/sec: 2468.87
step 94842 | loss: 2.878203 | lr 2.5675e-03 | norm: 0.6149 | dt: 1658.73ms | img/sec: 2469.36
step 94843 | loss: 2.942944 | lr 2.5661e-03 | norm: 0.6010 | dt: 1650.50ms | img/sec: 2481.67
step 94844 | loss: 2.898526 | lr 2.5648e-03 | norm: 0.6341 | dt: 1658.56ms | img/sec: 2469.62
step 94845 | loss: 2.858954 | lr 2.5635e-03 | norm: 0.5369 | dt: 1652.64ms | img/sec: 2478.46
step 94846 | loss: 2.869924 | lr 2.5621e-03 | norm: 0.6332 | dt: 1661.00ms | img/sec: 2465.99
step 94847 | loss: 2.854534 | lr 2.5608e-03 | norm: 0.6247 | dt: 6906.29ms | img/sec: 593.08
step 94848 | loss: 2.796738 | lr 2.5595e-03 | norm: 0.5951 | dt: 1678.46ms | img/sec: 2440.34
step 94849 | loss: 2.867029 | lr 2.5581e-03 | norm: 0.6278 | dt: 1672.32ms | img/sec: 2449.29
step 94850 | loss: 2.921892 | lr 2.5568e-03 | norm: 0.6578 | dt: 1672.49ms | img/sec: 2449.04
step 94851 | loss: 2.815980 | lr 2.5555e-03 | norm: 0.5881 | dt: 1720.31ms | img/sec: 2380.97
step 94852 | loss: 2.858037 | lr 2.5541e-03 | norm: 0.6052 | dt: 1658.32ms | img/sec: 2469.98
step 94853 | loss: 2.916239 | lr 2.5528e-03 | norm: 0.6254 | dt: 1679.06ms | img/sec: 2439.46
step 94854 | loss: 2.885616 | lr 2.5514e-03 | norm: 0.5365 | dt: 1696.02ms | img/sec: 2415.06
step 94855 | loss: 2.847565 | lr 2.5501e-03 | norm: 0.6608 | dt: 1659.48ms | img/sec: 2468.24
step 94856 | loss: 2.849912 | lr 2.5487e-03 | norm: 0.5939 | dt: 1652.21ms | img/sec: 2479.11
step 94857 | loss: 2.893123 | lr 2.5474e-03 | norm: 0.6424 | dt: 1666.19ms | img/sec: 2458.30
step 94858 | loss: 2.905353 | lr 2.5460e-03 | norm: 0.6316 | dt: 1680.74ms | img/sec: 2437.02
step 94859 | loss: 2.856532 | lr 2.5447e-03 | norm: 0.5929 | dt: 1692.18ms | img/sec: 2420.55
step 94860 | loss: 2.878199 | lr 2.5433e-03 | norm: 0.6217 | dt: 1700.59ms | img/sec: 2408.58
step 94861 | loss: 2.765698 | lr 2.5420e-03 | norm: 0.5619 | dt: 1658.93ms | img/sec: 2469.06
step 94862 | loss: 2.894385 | lr 2.5406e-03 | norm: 0.6427 | dt: 1690.73ms | img/sec: 2422.63
step 94863 | loss: 2.904218 | lr 2.5392e-03 | norm: 0.6322 | dt: 1649.64ms | img/sec: 2482.96
step 94864 | loss: 2.890543 | lr 2.5379e-03 | norm: 0.6911 | dt: 1661.21ms | img/sec: 2465.68
step 94865 | loss: 2.855656 | lr 2.5365e-03 | norm: 0.5871 | dt: 1646.93ms | img/sec: 2487.04
step 94866 | loss: 2.918553 | lr 2.5351e-03 | norm: 0.6735 | dt: 1656.27ms | img/sec: 2473.02
step 94867 | loss: 2.923699 | lr 2.5338e-03 | norm: 0.6542 | dt: 1688.81ms | img/sec: 2425.37
step 94868 | loss: 2.844530 | lr 2.5324e-03 | norm: 0.6073 | dt: 1733.51ms | img/sec: 2362.84
step 94869 | loss: 2.799013 | lr 2.5310e-03 | norm: 0.6606 | dt: 1791.92ms | img/sec: 2285.81
step 94870 | loss: 2.794351 | lr 2.5297e-03 | norm: 0.5785 | dt: 1723.78ms | img/sec: 2376.17
step 94871 | loss: 2.858552 | lr 2.5283e-03 | norm: 0.6162 | dt: 1655.26ms | img/sec: 2474.54
step 94872 | loss: 2.830754 | lr 2.5269e-03 | norm: 0.6249 | dt: 1655.14ms | img/sec: 2474.72
step 94873 | loss: 2.805379 | lr 2.5255e-03 | norm: 0.5712 | dt: 1714.86ms | img/sec: 2388.53
step 94874 | loss: 2.906959 | lr 2.5242e-03 | norm: 0.5986 | dt: 1653.68ms | img/sec: 2476.89
step 94875 | loss: 2.853364 | lr 2.5228e-03 | norm: 0.6416 | dt: 1652.66ms | img/sec: 2478.43
step 94876 | loss: 2.860498 | lr 2.5214e-03 | norm: 0.6027 | dt: 1649.32ms | img/sec: 2483.45
step 94877 | loss: 2.798782 | lr 2.5200e-03 | norm: 0.6423 | dt: 1659.53ms | img/sec: 2468.17
step 94878 | loss: 2.766223 | lr 2.5186e-03 | norm: 0.5604 | dt: 1873.23ms | img/sec: 2186.60
step 94879 | loss: 2.822209 | lr 2.5173e-03 | norm: 0.5901 | dt: 1702.30ms | img/sec: 2406.15
step 94880 | loss: 2.981808 | lr 2.5159e-03 | norm: 0.5626 | dt: 1703.59ms | img/sec: 2404.34
step 94881 | loss: 2.807806 | lr 2.5145e-03 | norm: 0.5172 | dt: 1671.80ms | img/sec: 2450.06
step 94882 | loss: 2.761101 | lr 2.5131e-03 | norm: 0.6338 | dt: 1652.81ms | img/sec: 2478.20
step 94883 | loss: 2.823950 | lr 2.5117e-03 | norm: 0.5968 | dt: 1710.61ms | img/sec: 2394.47
step 94884 | loss: 2.834500 | lr 2.5103e-03 | norm: 0.6388 | dt: 1688.71ms | img/sec: 2425.52
step 94885 | loss: 2.836541 | lr 2.5089e-03 | norm: 0.5478 | dt: 1707.66ms | img/sec: 2398.60
step 94886 | loss: 2.809988 | lr 2.5075e-03 | norm: 0.6616 | dt: 1693.24ms | img/sec: 2419.04
step 94887 | loss: 2.815985 | lr 2.5061e-03 | norm: 0.5255 | dt: 1683.50ms | img/sec: 2433.02
step 94888 | loss: 2.817750 | lr 2.5047e-03 | norm: 0.5761 | dt: 1752.05ms | img/sec: 2337.83
step 94889 | loss: 2.753438 | lr 2.5033e-03 | norm: 0.6218 | dt: 1755.51ms | img/sec: 2333.22
step 94890 | loss: 2.896942 | lr 2.5019e-03 | norm: 0.6223 | dt: 1655.15ms | img/sec: 2474.70
step 94891 | loss: 2.674176 | lr 2.5005e-03 | norm: 0.6491 | dt: 1700.88ms | img/sec: 2408.16
step 94892 | loss: 2.795731 | lr 2.4991e-03 | norm: 0.5539 | dt: 1680.29ms | img/sec: 2437.67
step 94893 | loss: 2.782053 | lr 2.4977e-03 | norm: 0.6072 | dt: 1684.40ms | img/sec: 2431.72
step 94894 | loss: 2.884005 | lr 2.4963e-03 | norm: 0.5786 | dt: 1744.96ms | img/sec: 2347.33
step 94895 | loss: 2.883400 | lr 2.4949e-03 | norm: 0.6124 | dt: 1659.37ms | img/sec: 2468.41
step 94896 | loss: 2.814891 | lr 2.4934e-03 | norm: 0.6197 | dt: 1667.86ms | img/sec: 2455.84
step 94897 | loss: 2.969660 | lr 2.4920e-03 | norm: 0.5931 | dt: 1748.82ms | img/sec: 2342.15
step 94898 | loss: 2.710898 | lr 2.4906e-03 | norm: 0.5644 | dt: 1793.67ms | img/sec: 2283.58
step 94899 | loss: 2.846627 | lr 2.4892e-03 | norm: 0.5822 | dt: 1660.83ms | img/sec: 2466.24
step 94900 | loss: 2.786403 | lr 2.4878e-03 | norm: 0.5712 | dt: 1711.12ms | img/sec: 2393.75
step 94901 | loss: 2.843183 | lr 2.4863e-03 | norm: 0.6036 | dt: 1653.32ms | img/sec: 2477.43
step 94902 | loss: 2.831001 | lr 2.4849e-03 | norm: 0.5548 | dt: 1652.94ms | img/sec: 2478.02
step 94903 | loss: 2.900012 | lr 2.4835e-03 | norm: 0.5950 | dt: 1730.66ms | img/sec: 2366.72
step 94904 | loss: 2.881256 | lr 2.4821e-03 | norm: 0.6251 | dt: 1716.96ms | img/sec: 2385.61
step 94905 | loss: 2.942314 | lr 2.4806e-03 | norm: 0.6330 | dt: 1659.03ms | img/sec: 2468.91
step 94906 | loss: 2.750293 | lr 2.4792e-03 | norm: 0.6663 | dt: 1668.07ms | img/sec: 2455.54
step 94907 | loss: 2.874337 | lr 2.4778e-03 | norm: 0.6087 | dt: 1654.95ms | img/sec: 2474.99
step 94908 | loss: 2.823235 | lr 2.4764e-03 | norm: 0.5897 | dt: 1653.22ms | img/sec: 2477.59
step 94909 | loss: 2.713641 | lr 2.4749e-03 | norm: 0.5892 | dt: 1701.41ms | img/sec: 2407.42
step 94910 | loss: 2.812716 | lr 2.4735e-03 | norm: 0.5813 | dt: 1647.93ms | img/sec: 2485.54
step 94911 | loss: 2.897134 | lr 2.4720e-03 | norm: 0.6129 | dt: 1668.28ms | img/sec: 2455.23
step 94912 | loss: 2.731891 | lr 2.4706e-03 | norm: 0.5324 | dt: 1742.95ms | img/sec: 2350.04
step 94913 | loss: 2.823390 | lr 2.4692e-03 | norm: 0.6389 | dt: 1670.92ms | img/sec: 2451.34
step 94914 | loss: 2.773407 | lr 2.4677e-03 | norm: 0.5977 | dt: 1653.20ms | img/sec: 2477.62
step 94915 | loss: 2.807646 | lr 2.4663e-03 | norm: 0.6219 | dt: 1654.59ms | img/sec: 2475.54
step 94916 | loss: 2.830502 | lr 2.4648e-03 | norm: 0.5207 | dt: 1731.53ms | img/sec: 2365.54
step 94917 | loss: 2.814202 | lr 2.4634e-03 | norm: 0.6796 | dt: 1651.08ms | img/sec: 2480.79
step 94918 | loss: 2.786330 | lr 2.4619e-03 | norm: 0.5834 | dt: 1659.91ms | img/sec: 2467.60
step 94919 | loss: 2.881677 | lr 2.4605e-03 | norm: 0.6019 | dt: 1665.94ms | img/sec: 2458.67
step 94920 | loss: 2.773452 | lr 2.4590e-03 | norm: 0.5478 | dt: 1657.95ms | img/sec: 2470.52
step 94921 | loss: 2.833306 | lr 2.4576e-03 | norm: 0.5809 | dt: 1652.39ms | img/sec: 2478.84
step 94922 | loss: 2.823985 | lr 2.4561e-03 | norm: 0.6109 | dt: 1643.78ms | img/sec: 2491.82
step 94923 | loss: 2.826265 | lr 2.4547e-03 | norm: 0.6081 | dt: 1676.71ms | img/sec: 2442.88
step 94924 | loss: 2.747700 | lr 2.4532e-03 | norm: 0.5553 | dt: 1656.15ms | img/sec: 2473.20
step 94925 | loss: 2.817109 | lr 2.4518e-03 | norm: 0.5545 | dt: 1705.57ms | img/sec: 2401.54
step 94926 | loss: 2.899563 | lr 2.4503e-03 | norm: 0.6022 | dt: 1681.24ms | img/sec: 2436.29
step 94927 | loss: 2.857318 | lr 2.4489e-03 | norm: 0.5780 | dt: 1668.88ms | img/sec: 2454.34
step 94928 | loss: 2.807571 | lr 2.4474e-03 | norm: 0.5982 | dt: 1651.70ms | img/sec: 2479.87
step 94929 | loss: 2.721683 | lr 2.4459e-03 | norm: 0.6161 | dt: 1666.15ms | img/sec: 2458.36
step 94930 | loss: 2.770442 | lr 2.4445e-03 | norm: 0.5764 | dt: 1652.83ms | img/sec: 2478.17
step 94931 | loss: 2.796465 | lr 2.4430e-03 | norm: 0.6166 | dt: 1659.67ms | img/sec: 2467.96
step 94932 | loss: 2.801173 | lr 2.4415e-03 | norm: 0.6390 | dt: 1690.60ms | img/sec: 2422.80
step 94933 | loss: 2.815013 | lr 2.4401e-03 | norm: 0.5460 | dt: 1709.28ms | img/sec: 2396.34
step 94934 | loss: 2.760487 | lr 2.4386e-03 | norm: 0.5961 | dt: 1716.61ms | img/sec: 2386.10
step 94935 | loss: 2.770041 | lr 2.4371e-03 | norm: 0.5915 | dt: 1693.41ms | img/sec: 2418.78
step 94936 | loss: 2.774951 | lr 2.4356e-03 | norm: 0.5846 | dt: 1648.62ms | img/sec: 2484.50
step 94937 | loss: 2.775297 | lr 2.4342e-03 | norm: 0.6433 | dt: 1648.16ms | img/sec: 2485.19
step 94938 | loss: 2.854321 | lr 2.4327e-03 | norm: 0.5542 | dt: 1718.22ms | img/sec: 2383.87
step 94939 | loss: 2.699099 | lr 2.4312e-03 | norm: 0.5317 | dt: 1693.91ms | img/sec: 2418.08
step 94940 | loss: 2.823710 | lr 2.4297e-03 | norm: 0.5313 | dt: 1654.22ms | img/sec: 2476.09
step 94941 | loss: 2.777570 | lr 2.4282e-03 | norm: 0.5826 | dt: 1665.10ms | img/sec: 2459.91
step 94942 | loss: 2.718005 | lr 2.4268e-03 | norm: 0.6481 | dt: 1706.78ms | img/sec: 2399.83
step 94943 | loss: 2.732604 | lr 2.4253e-03 | norm: 0.4970 | dt: 1707.51ms | img/sec: 2398.81
step 94944 | loss: 2.885098 | lr 2.4238e-03 | norm: 0.6474 | dt: 1657.49ms | img/sec: 2471.20
step 94945 | loss: 2.746059 | lr 2.4223e-03 | norm: 0.5289 | dt: 1674.63ms | img/sec: 2445.92
step 94946 | loss: 2.726201 | lr 2.4208e-03 | norm: 0.6007 | dt: 1649.56ms | img/sec: 2483.09
step 94947 | loss: 2.733820 | lr 2.4193e-03 | norm: 0.6362 | dt: 1664.17ms | img/sec: 2461.28
step 94948 | loss: 2.722738 | lr 2.4178e-03 | norm: 0.5515 | dt: 1652.26ms | img/sec: 2479.03
step 94949 | loss: 2.745707 | lr 2.4163e-03 | norm: 0.5945 | dt: 1697.18ms | img/sec: 2413.41
step 94950 | loss: 2.783418 | lr 2.4148e-03 | norm: 0.6134 | dt: 1654.21ms | img/sec: 2476.10
step 94951 | loss: 2.790688 | lr 2.4133e-03 | norm: 0.5813 | dt: 1709.28ms | img/sec: 2396.33
step 94952 | loss: 2.867795 | lr 2.4118e-03 | norm: 0.6120 | dt: 1662.77ms | img/sec: 2463.36
step 94953 | loss: 2.834406 | lr 2.4103e-03 | norm: 0.6225 | dt: 1732.85ms | img/sec: 2363.73
step 94954 | loss: 2.739795 | lr 2.4088e-03 | norm: 0.5790 | dt: 1661.74ms | img/sec: 2464.88
step 94955 | loss: 2.852482 | lr 2.4073e-03 | norm: 0.5821 | dt: 1695.52ms | img/sec: 2415.78
step 94956 | loss: 2.703693 | lr 2.4058e-03 | norm: 0.6823 | dt: 1651.59ms | img/sec: 2480.03
step 94957 | loss: 2.758772 | lr 2.4043e-03 | norm: 0.5763 | dt: 1646.72ms | img/sec: 2487.38
step 94958 | loss: 2.764411 | lr 2.4028e-03 | norm: 0.5763 | dt: 1651.79ms | img/sec: 2479.73
step 94959 | loss: 2.836146 | lr 2.4013e-03 | norm: 0.6188 | dt: 1656.27ms | img/sec: 2473.03
step 94960 | loss: 2.760464 | lr 2.3998e-03 | norm: 0.5917 | dt: 1734.47ms | img/sec: 2361.52
step 94961 | loss: 2.753331 | lr 2.3983e-03 | norm: 0.5580 | dt: 1666.77ms | img/sec: 2457.45
step 94962 | loss: 2.832350 | lr 2.3968e-03 | norm: 0.5439 | dt: 1656.34ms | img/sec: 2472.93
step 94963 | loss: 2.828653 | lr 2.3953e-03 | norm: 0.6443 | dt: 1648.84ms | img/sec: 2484.17
step 94964 | loss: 2.814904 | lr 2.3938e-03 | norm: 0.5707 | dt: 1654.47ms | img/sec: 2475.72
step 94965 | loss: 2.911255 | lr 2.3922e-03 | norm: 0.6565 | dt: 1720.56ms | img/sec: 2380.62
step 94966 | loss: 2.773942 | lr 2.3907e-03 | norm: 0.5295 | dt: 1734.15ms | img/sec: 2361.96
step 94967 | loss: 2.753161 | lr 2.3892e-03 | norm: 0.5773 | dt: 1689.86ms | img/sec: 2423.87
step 94968 | loss: 2.767231 | lr 2.3877e-03 | norm: 0.5806 | dt: 1660.57ms | img/sec: 2466.63
step 94969 | loss: 2.772088 | lr 2.3862e-03 | norm: 0.6286 | dt: 1733.03ms | img/sec: 2363.50
step 94970 | loss: 2.756163 | lr 2.3846e-03 | norm: 0.6079 | dt: 1651.96ms | img/sec: 2479.48
step 94971 | loss: 2.753147 | lr 2.3831e-03 | norm: 0.5535 | dt: 1809.39ms | img/sec: 2263.75
step 94972 | loss: 2.810377 | lr 2.3816e-03 | norm: 0.6342 | dt: 1673.04ms | img/sec: 2448.24
step 94973 | loss: 2.623510 | lr 2.3801e-03 | norm: 0.5658 | dt: 1654.92ms | img/sec: 2475.05
step 94974 | loss: 2.790872 | lr 2.3785e-03 | norm: 0.5864 | dt: 1654.68ms | img/sec: 2475.40
step 94975 | loss: 2.828905 | lr 2.3770e-03 | norm: 0.6016 | dt: 1721.08ms | img/sec: 2379.91
step 94976 | loss: 2.777956 | lr 2.3755e-03 | norm: 0.6142 | dt: 1660.97ms | img/sec: 2466.03
step 94977 | loss: 2.761954 | lr 2.3739e-03 | norm: 0.5946 | dt: 1652.05ms | img/sec: 2479.34
step 94978 | loss: 2.790515 | lr 2.3724e-03 | norm: 0.6141 | dt: 1649.29ms | img/sec: 2483.49
step 94979 | loss: 2.751621 | lr 2.3709e-03 | norm: 0.5620 | dt: 1652.88ms | img/sec: 2478.10
step 94980 | loss: 2.767625 | lr 2.3693e-03 | norm: 0.6281 | dt: 1657.63ms | img/sec: 2471.00
step 94981 | loss: 2.744691 | lr 2.3678e-03 | norm: 0.5434 | dt: 1657.57ms | img/sec: 2471.09
step 94982 | loss: 2.836839 | lr 2.3662e-03 | norm: 0.5939 | dt: 1658.65ms | img/sec: 2469.48
step 94983 | loss: 2.743164 | lr 2.3647e-03 | norm: 0.5504 | dt: 1682.81ms | img/sec: 2434.02
step 94984 | loss: 2.748698 | lr 2.3632e-03 | norm: 0.6013 | dt: 1693.28ms | img/sec: 2418.98
step 94985 | loss: 2.717743 | lr 2.3616e-03 | norm: 0.6241 | dt: 1670.09ms | img/sec: 2452.56
step 94986 | loss: 2.826473 | lr 2.3601e-03 | norm: 0.6459 | dt: 1713.08ms | img/sec: 2391.02
step 94987 | loss: 2.795830 | lr 2.3585e-03 | norm: 0.6057 | dt: 1652.89ms | img/sec: 2478.08
step 94988 | loss: 2.795998 | lr 2.3570e-03 | norm: 0.6985 | dt: 1690.25ms | img/sec: 2423.32
step 94989 | loss: 2.756223 | lr 2.3554e-03 | norm: 0.5666 | dt: 1654.84ms | img/sec: 2475.16
step 94990 | loss: 2.754740 | lr 2.3539e-03 | norm: 0.7662 | dt: 1643.16ms | img/sec: 2492.76
step 94991 | loss: 2.766071 | lr 2.3523e-03 | norm: 0.5542 | dt: 1714.32ms | img/sec: 2389.29
step 94992 | loss: 2.784749 | lr 2.3508e-03 | norm: 0.6144 | dt: 1656.52ms | img/sec: 2472.65
step 94993 | loss: 2.756832 | lr 2.3492e-03 | norm: 0.6804 | dt: 1649.48ms | img/sec: 2483.21
step 94994 | loss: 2.832669 | lr 2.3476e-03 | norm: 0.6270 | dt: 1750.48ms | img/sec: 2339.93
step 94995 | loss: 2.702867 | lr 2.3461e-03 | norm: 0.6561 | dt: 1662.42ms | img/sec: 2463.88
step 94996 | loss: 2.795899 | lr 2.3445e-03 | norm: 0.5766 | dt: 1653.13ms | img/sec: 2477.72
step 94997 | loss: 2.796699 | lr 2.3430e-03 | norm: 0.6290 | dt: 1651.39ms | img/sec: 2480.33
step 94998 | loss: 2.846892 | lr 2.3414e-03 | norm: 0.6219 | dt: 1649.35ms | img/sec: 2483.40
step 94999 | loss: 2.787801 | lr 2.3398e-03 | norm: 0.5854 | dt: 1653.30ms | img/sec: 2477.47
step 95000 | val_loss 2.4106 | val_acc 46.09%
step 95000 | loss: 2.800331 | lr 2.3383e-03 | norm: 0.5918 | dt: 4113.39ms | img/sec: 995.77
--- Saved checkpoint at step 95000 ---
step 95001 | loss: 2.799005 | lr 2.3367e-03 | norm: 0.6378 | dt: 1658.38ms | img/sec: 2469.88
step 95002 | loss: 2.814422 | lr 2.3351e-03 | norm: 0.5421 | dt: 1659.71ms | img/sec: 2467.89
step 95003 | loss: 2.770236 | lr 2.3336e-03 | norm: 0.5875 | dt: 1668.91ms | img/sec: 2454.29
step 95004 | loss: 2.825632 | lr 2.3320e-03 | norm: 0.5840 | dt: 1653.62ms | img/sec: 2476.99
step 95005 | loss: 2.751352 | lr 2.3304e-03 | norm: 0.5768 | dt: 1651.25ms | img/sec: 2480.54
step 95006 | loss: 2.732327 | lr 2.3289e-03 | norm: 0.5401 | dt: 1680.06ms | img/sec: 2438.01
step 95007 | loss: 2.782792 | lr 2.3273e-03 | norm: 0.6245 | dt: 1730.78ms | img/sec: 2366.57
step 95008 | loss: 2.761862 | lr 2.3257e-03 | norm: 0.5175 | dt: 1716.80ms | img/sec: 2385.83
step 95009 | loss: 2.600307 | lr 2.3241e-03 | norm: 0.6058 | dt: 1795.43ms | img/sec: 2281.35
step 95010 | loss: 2.834770 | lr 2.3226e-03 | norm: 0.6105 | dt: 1668.12ms | img/sec: 2455.46
step 95011 | loss: 2.774107 | lr 2.3210e-03 | norm: 0.5912 | dt: 1664.31ms | img/sec: 2461.09
step 95012 | loss: 2.815762 | lr 2.3194e-03 | norm: 0.6729 | dt: 1658.20ms | img/sec: 2470.15
step 95013 | loss: 2.704441 | lr 2.3178e-03 | norm: 0.5671 | dt: 1702.73ms | img/sec: 2405.55
step 95014 | loss: 2.798573 | lr 2.3162e-03 | norm: 0.5897 | dt: 1712.12ms | img/sec: 2392.36
step 95015 | loss: 2.758576 | lr 2.3147e-03 | norm: 0.5992 | dt: 1654.75ms | img/sec: 2475.30
step 95016 | loss: 2.791348 | lr 2.3131e-03 | norm: 0.5938 | dt: 1672.73ms | img/sec: 2448.70
step 95017 | loss: 2.810779 | lr 2.3115e-03 | norm: 0.6211 | dt: 1697.42ms | img/sec: 2413.07
step 95018 | loss: 2.761089 | lr 2.3099e-03 | norm: 0.6495 | dt: 1654.74ms | img/sec: 2475.31
step 95019 | loss: 2.871200 | lr 2.3083e-03 | norm: 0.6317 | dt: 1657.31ms | img/sec: 2471.47
step 95020 | loss: 2.795259 | lr 2.3067e-03 | norm: 0.6609 | dt: 1693.76ms | img/sec: 2418.29
step 95021 | loss: 2.681114 | lr 2.3051e-03 | norm: 0.5481 | dt: 1648.23ms | img/sec: 2485.09
step 95022 | loss: 2.822843 | lr 2.3035e-03 | norm: 0.6627 | dt: 1654.62ms | img/sec: 2475.49
step 95023 | loss: 2.885835 | lr 2.3019e-03 | norm: 0.5772 | dt: 1730.43ms | img/sec: 2367.04
step 95024 | loss: 2.811190 | lr 2.3003e-03 | norm: 0.6099 | dt: 1711.41ms | img/sec: 2393.35
step 95025 | loss: 2.657440 | lr 2.2987e-03 | norm: 0.5376 | dt: 1666.35ms | img/sec: 2458.07
step 95026 | loss: 2.788021 | lr 2.2971e-03 | norm: 0.5960 | dt: 1735.79ms | img/sec: 2359.74
step 95027 | loss: 2.746301 | lr 2.2955e-03 | norm: 0.5919 | dt: 1732.58ms | img/sec: 2364.10
step 95028 | loss: 2.726291 | lr 2.2939e-03 | norm: 0.6321 | dt: 1654.92ms | img/sec: 2475.05
step 95029 | loss: 2.727212 | lr 2.2923e-03 | norm: 0.5696 | dt: 1669.42ms | img/sec: 2453.55
step 95030 | loss: 2.802362 | lr 2.2907e-03 | norm: 0.5961 | dt: 1666.06ms | img/sec: 2458.49
step 95031 | loss: 2.745478 | lr 2.2891e-03 | norm: 0.6186 | dt: 1648.42ms | img/sec: 2484.81
step 95032 | loss: 2.749815 | lr 2.2875e-03 | norm: 0.5562 | dt: 1662.18ms | img/sec: 2464.23
step 95033 | loss: 2.710198 | lr 2.2859e-03 | norm: 0.6216 | dt: 1658.30ms | img/sec: 2470.00
step 95034 | loss: 2.697025 | lr 2.2843e-03 | norm: 0.5701 | dt: 1691.94ms | img/sec: 2420.88
step 95035 | loss: 2.874606 | lr 2.2827e-03 | norm: 0.6203 | dt: 1658.74ms | img/sec: 2469.35
step 95036 | loss: 2.715841 | lr 2.2811e-03 | norm: 0.5397 | dt: 1686.07ms | img/sec: 2429.32
step 95037 | loss: 2.721212 | lr 2.2795e-03 | norm: 0.5583 | dt: 1713.56ms | img/sec: 2390.34
step 95038 | loss: 2.702364 | lr 2.2779e-03 | norm: 0.5751 | dt: 1654.45ms | img/sec: 2475.75
step 95039 | loss: 2.716161 | lr 2.2762e-03 | norm: 0.6294 | dt: 1710.57ms | img/sec: 2394.52
step 95040 | loss: 2.803376 | lr 2.2746e-03 | norm: 0.6110 | dt: 1741.51ms | img/sec: 2351.98
step 95041 | loss: 2.764309 | lr 2.2730e-03 | norm: 0.5674 | dt: 1760.21ms | img/sec: 2327.00
step 95042 | loss: 2.627820 | lr 2.2714e-03 | norm: 0.5901 | dt: 1656.57ms | img/sec: 2472.59
step 95043 | loss: 2.641241 | lr 2.2698e-03 | norm: 0.6029 | dt: 1660.29ms | img/sec: 2467.04
step 95044 | loss: 2.675117 | lr 2.2682e-03 | norm: 0.6245 | dt: 1649.84ms | img/sec: 2482.67
step 95045 | loss: 2.784997 | lr 2.2665e-03 | norm: 0.7164 | dt: 1651.64ms | img/sec: 2479.95
step 95046 | loss: 2.808717 | lr 2.2649e-03 | norm: 0.6318 | dt: 1654.84ms | img/sec: 2475.17
step 95047 | loss: 2.742418 | lr 2.2633e-03 | norm: 0.5988 | dt: 1698.02ms | img/sec: 2412.22
step 95048 | loss: 2.761580 | lr 2.2617e-03 | norm: 0.5564 | dt: 1806.13ms | img/sec: 2267.84
step 95049 | loss: 2.692482 | lr 2.2600e-03 | norm: 0.5483 | dt: 1659.01ms | img/sec: 2468.95
step 95050 | loss: 2.782151 | lr 2.2584e-03 | norm: 0.5975 | dt: 1686.89ms | img/sec: 2428.13
step 95051 | loss: 2.805489 | lr 2.2568e-03 | norm: 0.5732 | dt: 1660.26ms | img/sec: 2467.08
step 95052 | loss: 2.761610 | lr 2.2551e-03 | norm: 0.5753 | dt: 1677.27ms | img/sec: 2442.06
step 95053 | loss: 2.728387 | lr 2.2535e-03 | norm: 0.5945 | dt: 1655.69ms | img/sec: 2473.90
step 95054 | loss: 2.741651 | lr 2.2519e-03 | norm: 0.6084 | dt: 1690.88ms | img/sec: 2422.41
step 95055 | loss: 2.771412 | lr 2.2503e-03 | norm: 0.6559 | dt: 1716.88ms | img/sec: 2385.72
step 95056 | loss: 2.736734 | lr 2.2486e-03 | norm: 0.6900 | dt: 1671.51ms | img/sec: 2450.48
step 95057 | loss: 2.683846 | lr 2.2470e-03 | norm: 0.6219 | dt: 1679.24ms | img/sec: 2439.20
step 95058 | loss: 2.752780 | lr 2.2453e-03 | norm: 0.6065 | dt: 1777.82ms | img/sec: 2303.95
step 95059 | loss: 2.716446 | lr 2.2437e-03 | norm: 0.5733 | dt: 1654.93ms | img/sec: 2475.02
step 95060 | loss: 2.769831 | lr 2.2421e-03 | norm: 0.5823 | dt: 1692.51ms | img/sec: 2420.07
step 95061 | loss: 2.757919 | lr 2.2404e-03 | norm: 0.5750 | dt: 1713.66ms | img/sec: 2390.21
step 95062 | loss: 2.754654 | lr 2.2388e-03 | norm: 0.6077 | dt: 1648.78ms | img/sec: 2484.26
step 95063 | loss: 2.699960 | lr 2.2371e-03 | norm: 0.5566 | dt: 1659.58ms | img/sec: 2468.10
step 95064 | loss: 2.668595 | lr 2.2355e-03 | norm: 0.5827 | dt: 1726.15ms | img/sec: 2372.91
step 95065 | loss: 2.793730 | lr 2.2338e-03 | norm: 0.5702 | dt: 1715.02ms | img/sec: 2388.31
step 95066 | loss: 2.751220 | lr 2.2322e-03 | norm: 0.6229 | dt: 1702.37ms | img/sec: 2406.06
step 95067 | loss: 2.686536 | lr 2.2306e-03 | norm: 0.5525 | dt: 1703.70ms | img/sec: 2404.18
step 95068 | loss: 2.646494 | lr 2.2289e-03 | norm: 0.5862 | dt: 1706.30ms | img/sec: 2400.51
step 95069 | loss: 2.674051 | lr 2.2273e-03 | norm: 0.5505 | dt: 1656.25ms | img/sec: 2473.05
step 95070 | loss: 2.708953 | lr 2.2256e-03 | norm: 0.5973 | dt: 1664.88ms | img/sec: 2460.23
step 95071 | loss: 2.655098 | lr 2.2239e-03 | norm: 0.5645 | dt: 1661.36ms | img/sec: 2465.45
step 95072 | loss: 2.687257 | lr 2.2223e-03 | norm: 0.5759 | dt: 1654.93ms | img/sec: 2475.02
step 95073 | loss: 2.661780 | lr 2.2206e-03 | norm: 0.5472 | dt: 1736.89ms | img/sec: 2358.23
step 95074 | loss: 2.639780 | lr 2.2190e-03 | norm: 0.5744 | dt: 1716.73ms | img/sec: 2385.93
step 95075 | loss: 2.815651 | lr 2.2173e-03 | norm: 0.5830 | dt: 1657.45ms | img/sec: 2471.27
step 95076 | loss: 2.699185 | lr 2.2157e-03 | norm: 0.5897 | dt: 1659.28ms | img/sec: 2468.54
step 95077 | loss: 2.663451 | lr 2.2140e-03 | norm: 0.5662 | dt: 1724.31ms | img/sec: 2375.44
step 95078 | loss: 2.746565 | lr 2.2123e-03 | norm: 0.5477 | dt: 1658.79ms | img/sec: 2469.27
step 95079 | loss: 2.784746 | lr 2.2107e-03 | norm: 0.5586 | dt: 1664.57ms | img/sec: 2460.70
step 95080 | loss: 2.733341 | lr 2.2090e-03 | norm: 0.5595 | dt: 1745.86ms | img/sec: 2346.12
step 95081 | loss: 2.710494 | lr 2.2074e-03 | norm: 0.5779 | dt: 1669.40ms | img/sec: 2453.57
step 95082 | loss: 2.707473 | lr 2.2057e-03 | norm: 0.5560 | dt: 1655.76ms | img/sec: 2473.79
step 95083 | loss: 2.683650 | lr 2.2040e-03 | norm: 0.5601 | dt: 1661.22ms | img/sec: 2465.67
step 95084 | loss: 2.731647 | lr 2.2024e-03 | norm: 0.6182 | dt: 1659.86ms | img/sec: 2467.68
step 95085 | loss: 2.764021 | lr 2.2007e-03 | norm: 0.5513 | dt: 1697.61ms | img/sec: 2412.81
step 95086 | loss: 2.747227 | lr 2.1990e-03 | norm: 0.5101 | dt: 1657.80ms | img/sec: 2470.75
step 95087 | loss: 2.686221 | lr 2.1974e-03 | norm: 0.5708 | dt: 1652.13ms | img/sec: 2479.22
step 95088 | loss: 2.743533 | lr 2.1957e-03 | norm: 0.5598 | dt: 1696.81ms | img/sec: 2413.94
step 95089 | loss: 2.702461 | lr 2.1940e-03 | norm: 0.5739 | dt: 1702.25ms | img/sec: 2406.22
step 95090 | loss: 2.709248 | lr 2.1923e-03 | norm: 0.5898 | dt: 1716.49ms | img/sec: 2386.26
step 95091 | loss: 2.701458 | lr 2.1907e-03 | norm: 0.5991 | dt: 1695.93ms | img/sec: 2415.19
step 95092 | loss: 2.776688 | lr 2.1890e-03 | norm: 0.5849 | dt: 1719.58ms | img/sec: 2381.97
step 95093 | loss: 2.666267 | lr 2.1873e-03 | norm: 0.5968 | dt: 1807.10ms | img/sec: 2266.61
step 95094 | loss: 2.710860 | lr 2.1856e-03 | norm: 0.5907 | dt: 1736.14ms | img/sec: 2359.25
step 95095 | loss: 2.641613 | lr 2.1839e-03 | norm: 0.5998 | dt: 1687.76ms | img/sec: 2426.89
step 95096 | loss: 2.739725 | lr 2.1823e-03 | norm: 0.5948 | dt: 1718.19ms | img/sec: 2383.90
step 95097 | loss: 2.704803 | lr 2.1806e-03 | norm: 0.5660 | dt: 1662.00ms | img/sec: 2464.50
step 95098 | loss: 2.755666 | lr 2.1789e-03 | norm: 0.5712 | dt: 1654.07ms | img/sec: 2476.32
step 95099 | loss: 2.712512 | lr 2.1772e-03 | norm: 0.5929 | dt: 1677.80ms | img/sec: 2441.30
step 95100 | loss: 2.732906 | lr 2.1755e-03 | norm: 0.5464 | dt: 1647.62ms | img/sec: 2486.01
step 95101 | loss: 2.638656 | lr 2.1738e-03 | norm: 0.6568 | dt: 1667.73ms | img/sec: 2456.03
step 95102 | loss: 2.682357 | lr 2.1722e-03 | norm: 0.5684 | dt: 1649.88ms | img/sec: 2482.61
step 95103 | loss: 2.762939 | lr 2.1705e-03 | norm: 0.6339 | dt: 1662.62ms | img/sec: 2463.58
step 95104 | loss: 2.581152 | lr 2.1688e-03 | norm: 0.5660 | dt: 1665.46ms | img/sec: 2459.39
step 95105 | loss: 2.676571 | lr 2.1671e-03 | norm: 0.6161 | dt: 1753.72ms | img/sec: 2335.61
step 95106 | loss: 2.730387 | lr 2.1654e-03 | norm: 0.6215 | dt: 1697.91ms | img/sec: 2412.38
step 95107 | loss: 2.621114 | lr 2.1637e-03 | norm: 0.7122 | dt: 1716.43ms | img/sec: 2386.35
step 95108 | loss: 2.743480 | lr 2.1620e-03 | norm: 0.5799 | dt: 1653.75ms | img/sec: 2476.80
step 95109 | loss: 2.719516 | lr 2.1603e-03 | norm: 0.6322 | dt: 1711.84ms | img/sec: 2392.75
step 95110 | loss: 2.646565 | lr 2.1586e-03 | norm: 0.5698 | dt: 1716.19ms | img/sec: 2386.68
step 95111 | loss: 2.643721 | lr 2.1569e-03 | norm: 0.6125 | dt: 1658.49ms | img/sec: 2469.71
step 95112 | loss: 2.672442 | lr 2.1552e-03 | norm: 0.5383 | dt: 1648.92ms | img/sec: 2484.04
step 95113 | loss: 2.609865 | lr 2.1535e-03 | norm: 0.6129 | dt: 1676.68ms | img/sec: 2442.92
step 95114 | loss: 2.717885 | lr 2.1518e-03 | norm: 0.5836 | dt: 1686.22ms | img/sec: 2429.10
step 95115 | loss: 2.694733 | lr 2.1501e-03 | norm: 0.6234 | dt: 1689.79ms | img/sec: 2423.97
step 95116 | loss: 2.597792 | lr 2.1484e-03 | norm: 0.6483 | dt: 1734.20ms | img/sec: 2361.89
step 95117 | loss: 2.637346 | lr 2.1467e-03 | norm: 0.5917 | dt: 1695.34ms | img/sec: 2416.03
step 95118 | loss: 2.730055 | lr 2.1450e-03 | norm: 0.6369 | dt: 1711.88ms | img/sec: 2392.69
step 95119 | loss: 2.742395 | lr 2.1433e-03 | norm: 0.6262 | dt: 1700.74ms | img/sec: 2408.36
step 95120 | loss: 2.678535 | lr 2.1416e-03 | norm: 0.6064 | dt: 1659.92ms | img/sec: 2467.59
step 95121 | loss: 2.620842 | lr 2.1399e-03 | norm: 0.5707 | dt: 1679.80ms | img/sec: 2438.39
step 95122 | loss: 2.682580 | lr 2.1382e-03 | norm: 0.6151 | dt: 1651.10ms | img/sec: 2480.77
step 95123 | loss: 2.721357 | lr 2.1365e-03 | norm: 0.5633 | dt: 1669.47ms | img/sec: 2453.47
step 95124 | loss: 2.675124 | lr 2.1348e-03 | norm: 0.6131 | dt: 1686.36ms | img/sec: 2428.90
step 95125 | loss: 2.574698 | lr 2.1331e-03 | norm: 0.6327 | dt: 1738.69ms | img/sec: 2355.80
step 95126 | loss: 2.631109 | lr 2.1314e-03 | norm: 0.6279 | dt: 1680.29ms | img/sec: 2437.68
step 95127 | loss: 2.676624 | lr 2.1297e-03 | norm: 0.6407 | dt: 1697.20ms | img/sec: 2413.38
step 95128 | loss: 2.778677 | lr 2.1279e-03 | norm: 0.5651 | dt: 1653.17ms | img/sec: 2477.66
step 95129 | loss: 2.701942 | lr 2.1262e-03 | norm: 0.7054 | dt: 1720.90ms | img/sec: 2380.15
step 95130 | loss: 2.686856 | lr 2.1245e-03 | norm: 0.6008 | dt: 1688.68ms | img/sec: 2425.56
step 95131 | loss: 2.743551 | lr 2.1228e-03 | norm: 0.6168 | dt: 1693.57ms | img/sec: 2418.56
step 95132 | loss: 2.780027 | lr 2.1211e-03 | norm: 0.6441 | dt: 1663.65ms | img/sec: 2462.06
step 95133 | loss: 2.589036 | lr 2.1194e-03 | norm: 0.5795 | dt: 1748.44ms | img/sec: 2342.65
step 95134 | loss: 2.785059 | lr 2.1176e-03 | norm: 0.6061 | dt: 1657.44ms | img/sec: 2471.28
step 95135 | loss: 2.654490 | lr 2.1159e-03 | norm: 0.5514 | dt: 1654.50ms | img/sec: 2475.68
step 95136 | loss: 2.714405 | lr 2.1142e-03 | norm: 0.5562 | dt: 1653.35ms | img/sec: 2477.39
step 95137 | loss: 2.635760 | lr 2.1125e-03 | norm: 0.5273 | dt: 1658.22ms | img/sec: 2470.12
step 95138 | loss: 2.655559 | lr 2.1107e-03 | norm: 0.5689 | dt: 1669.60ms | img/sec: 2453.29
step 95139 | loss: 2.800834 | lr 2.1090e-03 | norm: 0.5655 | dt: 1661.49ms | img/sec: 2465.25
step 95140 | loss: 2.648194 | lr 2.1073e-03 | norm: 0.5630 | dt: 1700.46ms | img/sec: 2408.76
step 95141 | loss: 2.616646 | lr 2.1056e-03 | norm: 0.5710 | dt: 1695.69ms | img/sec: 2415.53
step 95142 | loss: 2.584953 | lr 2.1038e-03 | norm: 0.5731 | dt: 1665.39ms | img/sec: 2459.49
step 95143 | loss: 2.587413 | lr 2.1021e-03 | norm: 0.5639 | dt: 1654.29ms | img/sec: 2475.99
step 95144 | loss: 2.738859 | lr 2.1004e-03 | norm: 0.5520 | dt: 1746.59ms | img/sec: 2345.14
step 95145 | loss: 2.637573 | lr 2.0987e-03 | norm: 0.5731 | dt: 1691.98ms | img/sec: 2420.83
step 95146 | loss: 2.679147 | lr 2.0969e-03 | norm: 0.5614 | dt: 1743.75ms | img/sec: 2348.96
step 95147 | loss: 2.599930 | lr 2.0952e-03 | norm: 0.5357 | dt: 1696.69ms | img/sec: 2414.12
step 95148 | loss: 2.639782 | lr 2.0935e-03 | norm: 0.5707 | dt: 1775.52ms | img/sec: 2306.92
step 95149 | loss: 2.651140 | lr 2.0917e-03 | norm: 0.5622 | dt: 1651.27ms | img/sec: 2480.51
step 95150 | loss: 2.708813 | lr 2.0900e-03 | norm: 0.5670 | dt: 1651.09ms | img/sec: 2480.79
step 95151 | loss: 2.654103 | lr 2.0883e-03 | norm: 0.5254 | dt: 1656.26ms | img/sec: 2473.04
step 95152 | loss: 2.733467 | lr 2.0865e-03 | norm: 0.6423 | dt: 1719.53ms | img/sec: 2382.04
step 95153 | loss: 2.714805 | lr 2.0848e-03 | norm: 0.5287 | dt: 1670.84ms | img/sec: 2451.47
step 95154 | loss: 2.686757 | lr 2.0830e-03 | norm: 0.5903 | dt: 1700.33ms | img/sec: 2408.95
step 95155 | loss: 2.621707 | lr 2.0813e-03 | norm: 0.5382 | dt: 1714.70ms | img/sec: 2388.76
step 95156 | loss: 2.732137 | lr 2.0796e-03 | norm: 0.6808 | dt: 1649.51ms | img/sec: 2483.17
step 95157 | loss: 2.641183 | lr 2.0778e-03 | norm: 0.5757 | dt: 1711.61ms | img/sec: 2393.07
step 95158 | loss: 2.684700 | lr 2.0761e-03 | norm: 0.5739 | dt: 1672.12ms | img/sec: 2449.58
step 95159 | loss: 2.664687 | lr 2.0743e-03 | norm: 0.5595 | dt: 1676.21ms | img/sec: 2443.60
step 95160 | loss: 2.753798 | lr 2.0726e-03 | norm: 0.5775 | dt: 1660.72ms | img/sec: 2466.40
step 95161 | loss: 2.602431 | lr 2.0708e-03 | norm: 0.5568 | dt: 1673.01ms | img/sec: 2448.28
step 95162 | loss: 2.537133 | lr 2.0691e-03 | norm: 0.5403 | dt: 1658.67ms | img/sec: 2469.45
step 95163 | loss: 2.680479 | lr 2.0674e-03 | norm: 0.5688 | dt: 1742.42ms | img/sec: 2350.75
step 95164 | loss: 2.654862 | lr 2.0656e-03 | norm: 0.5754 | dt: 1686.61ms | img/sec: 2428.54
step 95165 | loss: 2.667907 | lr 2.0639e-03 | norm: 0.6029 | dt: 1728.74ms | img/sec: 2369.36
step 95166 | loss: 2.683811 | lr 2.0621e-03 | norm: 0.5960 | dt: 1745.64ms | img/sec: 2346.41
step 95167 | loss: 2.719792 | lr 2.0604e-03 | norm: 0.5830 | dt: 1656.32ms | img/sec: 2472.95
step 95168 | loss: 2.726939 | lr 2.0586e-03 | norm: 0.5307 | dt: 1650.50ms | img/sec: 2481.67
step 95169 | loss: 2.700756 | lr 2.0569e-03 | norm: 0.6849 | dt: 1704.79ms | img/sec: 2402.64
step 95170 | loss: 2.667284 | lr 2.0551e-03 | norm: 0.5993 | dt: 1654.74ms | img/sec: 2475.31
step 95171 | loss: 2.679768 | lr 2.0533e-03 | norm: 0.6393 | dt: 1673.60ms | img/sec: 2447.42
step 95172 | loss: 2.685652 | lr 2.0516e-03 | norm: 0.6078 | dt: 1650.53ms | img/sec: 2481.63
step 95173 | loss: 2.683276 | lr 2.0498e-03 | norm: 0.6305 | dt: 1699.51ms | img/sec: 2410.10
step 95174 | loss: 2.748411 | lr 2.0481e-03 | norm: 0.6366 | dt: 1720.75ms | img/sec: 2380.36
step 95175 | loss: 2.713260 | lr 2.0463e-03 | norm: 0.6335 | dt: 1665.57ms | img/sec: 2459.21
step 95176 | loss: 2.703584 | lr 2.0446e-03 | norm: 0.5525 | dt: 1691.83ms | img/sec: 2421.05
step 95177 | loss: 2.598595 | lr 2.0428e-03 | norm: 0.5574 | dt: 1698.75ms | img/sec: 2411.18
step 95178 | loss: 2.727150 | lr 2.0410e-03 | norm: 0.6057 | dt: 1660.47ms | img/sec: 2466.77
step 95179 | loss: 2.722295 | lr 2.0393e-03 | norm: 0.5604 | dt: 1752.87ms | img/sec: 2336.75
step 95180 | loss: 2.712128 | lr 2.0375e-03 | norm: 0.6259 | dt: 1701.14ms | img/sec: 2407.80
step 95181 | loss: 2.693110 | lr 2.0358e-03 | norm: 0.5758 | dt: 1657.39ms | img/sec: 2471.35
step 95182 | loss: 2.542620 | lr 2.0340e-03 | norm: 0.6065 | dt: 1687.61ms | img/sec: 2427.10
step 95183 | loss: 2.641079 | lr 2.0322e-03 | norm: 0.6169 | dt: 1653.96ms | img/sec: 2476.47
step 95184 | loss: 2.630588 | lr 2.0305e-03 | norm: 0.5953 | dt: 1657.33ms | img/sec: 2471.45
step 95185 | loss: 2.696486 | lr 2.0287e-03 | norm: 0.5912 | dt: 1719.59ms | img/sec: 2381.96
step 95186 | loss: 2.641993 | lr 2.0269e-03 | norm: 0.5709 | dt: 1648.09ms | img/sec: 2485.29
step 95187 | loss: 2.641388 | lr 2.0252e-03 | norm: 0.5578 | dt: 1678.85ms | img/sec: 2439.77
step 95188 | loss: 2.556396 | lr 2.0234e-03 | norm: 0.5675 | dt: 1718.58ms | img/sec: 2383.37
step 95189 | loss: 2.609963 | lr 2.0216e-03 | norm: 0.5864 | dt: 1728.31ms | img/sec: 2369.94
step 95190 | loss: 2.606421 | lr 2.0199e-03 | norm: 0.5417 | dt: 1708.84ms | img/sec: 2396.95
step 95191 | loss: 2.680188 | lr 2.0181e-03 | norm: 0.5873 | dt: 1714.25ms | img/sec: 2389.38
step 95192 | loss: 2.632023 | lr 2.0163e-03 | norm: 0.6085 | dt: 1693.62ms | img/sec: 2418.49
step 95193 | loss: 2.595224 | lr 2.0145e-03 | norm: 0.6323 | dt: 1723.49ms | img/sec: 2376.57
step 95194 | loss: 2.632567 | lr 2.0128e-03 | norm: 0.5736 | dt: 1659.90ms | img/sec: 2467.61
step 95195 | loss: 2.691724 | lr 2.0110e-03 | norm: 0.5579 | dt: 1660.46ms | img/sec: 2466.79
step 95196 | loss: 2.631460 | lr 2.0092e-03 | norm: 0.5538 | dt: 1654.73ms | img/sec: 2475.33
step 95197 | loss: 2.651495 | lr 2.0074e-03 | norm: 0.6245 | dt: 1684.22ms | img/sec: 2431.98
step 95198 | loss: 2.663003 | lr 2.0057e-03 | norm: 0.5916 | dt: 1649.01ms | img/sec: 2483.92
step 95199 | loss: 2.582749 | lr 2.0039e-03 | norm: 0.5670 | dt: 1716.87ms | img/sec: 2385.74
step 95200 | loss: 2.542513 | lr 2.0021e-03 | norm: 0.5389 | dt: 1671.34ms | img/sec: 2450.73
step 95201 | loss: 2.588936 | lr 2.0003e-03 | norm: 0.6331 | dt: 1730.70ms | img/sec: 2366.67
step 95202 | loss: 2.580496 | lr 1.9986e-03 | norm: 0.5520 | dt: 1657.42ms | img/sec: 2471.31
step 95203 | loss: 2.603559 | lr 1.9968e-03 | norm: 0.5853 | dt: 1702.38ms | img/sec: 2406.04
step 95204 | loss: 2.722354 | lr 1.9950e-03 | norm: 0.6038 | dt: 1653.19ms | img/sec: 2477.63
step 95205 | loss: 2.646224 | lr 1.9932e-03 | norm: 0.5414 | dt: 1711.31ms | img/sec: 2393.49
step 95206 | loss: 2.664836 | lr 1.9914e-03 | norm: 0.6161 | dt: 1703.13ms | img/sec: 2404.99
step 95207 | loss: 2.615046 | lr 1.9896e-03 | norm: 0.5531 | dt: 1652.57ms | img/sec: 2478.56
step 95208 | loss: 2.633847 | lr 1.9879e-03 | norm: 0.5870 | dt: 1718.87ms | img/sec: 2382.97
step 95209 | loss: 2.479902 | lr 1.9861e-03 | norm: 0.5764 | dt: 1746.51ms | img/sec: 2345.25
step 95210 | loss: 2.653624 | lr 1.9843e-03 | norm: 0.5689 | dt: 1716.62ms | img/sec: 2386.09
step 95211 | loss: 2.641294 | lr 1.9825e-03 | norm: 0.5627 | dt: 1656.83ms | img/sec: 2472.19
step 95212 | loss: 2.607278 | lr 1.9807e-03 | norm: 0.5968 | dt: 1649.58ms | img/sec: 2483.05
step 95213 | loss: 2.659332 | lr 1.9789e-03 | norm: 0.5546 | dt: 1760.31ms | img/sec: 2326.87
step 95214 | loss: 2.659310 | lr 1.9771e-03 | norm: 0.5433 | dt: 1705.51ms | img/sec: 2401.63
step 95215 | loss: 2.677088 | lr 1.9753e-03 | norm: 0.5673 | dt: 1772.80ms | img/sec: 2310.47
step 95216 | loss: 2.625317 | lr 1.9736e-03 | norm: 0.5619 | dt: 1654.56ms | img/sec: 2475.58
step 95217 | loss: 2.616756 | lr 1.9718e-03 | norm: 0.5797 | dt: 1776.81ms | img/sec: 2305.25
step 95218 | loss: 2.532521 | lr 1.9700e-03 | norm: 0.5812 | dt: 1709.40ms | img/sec: 2396.16
step 95219 | loss: 2.677349 | lr 1.9682e-03 | norm: 0.5442 | dt: 1651.56ms | img/sec: 2480.08
step 95220 | loss: 2.601783 | lr 1.9664e-03 | norm: 0.5563 | dt: 1716.93ms | img/sec: 2385.66
step 95221 | loss: 2.565230 | lr 1.9646e-03 | norm: 0.5316 | dt: 1652.92ms | img/sec: 2478.04
step 95222 | loss: 2.687745 | lr 1.9628e-03 | norm: 0.5888 | dt: 1665.20ms | img/sec: 2459.77
step 95223 | loss: 2.520469 | lr 1.9610e-03 | norm: 0.5675 | dt: 1683.80ms | img/sec: 2432.59
step 95224 | loss: 2.622562 | lr 1.9592e-03 | norm: 0.5709 | dt: 1750.74ms | img/sec: 2339.58
step 95225 | loss: 2.561903 | lr 1.9574e-03 | norm: 0.5537 | dt: 1650.14ms | img/sec: 2482.22
step 95226 | loss: 2.607788 | lr 1.9556e-03 | norm: 0.6006 | dt: 1693.03ms | img/sec: 2419.34
step 95227 | loss: 2.658561 | lr 1.9538e-03 | norm: 0.5835 | dt: 1695.76ms | img/sec: 2415.44
step 95228 | loss: 2.573359 | lr 1.9520e-03 | norm: 0.6051 | dt: 1650.61ms | img/sec: 2481.51
step 95229 | loss: 2.610276 | lr 1.9502e-03 | norm: 0.5988 | dt: 1650.84ms | img/sec: 2481.16
step 95230 | loss: 2.614765 | lr 1.9484e-03 | norm: 0.5724 | dt: 1667.56ms | img/sec: 2456.28
step 95231 | loss: 2.599433 | lr 1.9466e-03 | norm: 0.5399 | dt: 1713.92ms | img/sec: 2389.84
step 95232 | loss: 2.695741 | lr 1.9448e-03 | norm: 0.5723 | dt: 1691.38ms | img/sec: 2421.69
step 95233 | loss: 2.577300 | lr 1.9430e-03 | norm: 0.5436 | dt: 1651.93ms | img/sec: 2479.53
step 95234 | loss: 2.649699 | lr 1.9412e-03 | norm: 0.5964 | dt: 1786.34ms | img/sec: 2292.95
step 95235 | loss: 2.614694 | lr 1.9394e-03 | norm: 0.5610 | dt: 1657.78ms | img/sec: 2470.78
step 95236 | loss: 2.698105 | lr 1.9376e-03 | norm: 0.5725 | dt: 1727.99ms | img/sec: 2370.38
step 95237 | loss: 2.590738 | lr 1.9358e-03 | norm: 0.5490 | dt: 1732.90ms | img/sec: 2363.67
step 95238 | loss: 2.702439 | lr 1.9340e-03 | norm: 0.6245 | dt: 1674.11ms | img/sec: 2446.67
step 95239 | loss: 2.575130 | lr 1.9322e-03 | norm: 0.6024 | dt: 1676.48ms | img/sec: 2443.22
step 95240 | loss: 2.556103 | lr 1.9304e-03 | norm: 0.5416 | dt: 1708.07ms | img/sec: 2398.03
step 95241 | loss: 2.598944 | lr 1.9286e-03 | norm: 0.6203 | dt: 1672.76ms | img/sec: 2448.65
step 95242 | loss: 2.549426 | lr 1.9267e-03 | norm: 0.5466 | dt: 1729.41ms | img/sec: 2368.44
step 95243 | loss: 2.649621 | lr 1.9249e-03 | norm: 0.6044 | dt: 1655.67ms | img/sec: 2473.92
step 95244 | loss: 2.580241 | lr 1.9231e-03 | norm: 0.5747 | dt: 1814.37ms | img/sec: 2257.53
step 95245 | loss: 2.620754 | lr 1.9213e-03 | norm: 0.5932 | dt: 1700.33ms | img/sec: 2408.94
step 95246 | loss: 2.647851 | lr 1.9195e-03 | norm: 0.5443 | dt: 1707.10ms | img/sec: 2399.39
step 95247 | loss: 2.630326 | lr 1.9177e-03 | norm: 0.5855 | dt: 1678.92ms | img/sec: 2439.66
step 95248 | loss: 2.574713 | lr 1.9159e-03 | norm: 0.5547 | dt: 1763.67ms | img/sec: 2322.44
step 95249 | loss: 2.695678 | lr 1.9141e-03 | norm: 0.5710 | dt: 1740.07ms | img/sec: 2353.93
step 95250 | loss: 2.594042 | lr 1.9122e-03 | norm: 0.5716 | dt: 1656.73ms | img/sec: 2472.34
step 95251 | loss: 2.615343 | lr 1.9104e-03 | norm: 0.5574 | dt: 1660.07ms | img/sec: 2467.36
step 95252 | loss: 2.548961 | lr 1.9086e-03 | norm: 0.5293 | dt: 1681.47ms | img/sec: 2435.96
step 95253 | loss: 2.572434 | lr 1.9068e-03 | norm: 0.5530 | dt: 1705.20ms | img/sec: 2402.06
step 95254 | loss: 2.549941 | lr 1.9050e-03 | norm: 0.5959 | dt: 1651.62ms | img/sec: 2479.98
step 95255 | loss: 2.563483 | lr 1.9032e-03 | norm: 0.5605 | dt: 1689.32ms | img/sec: 2424.65
step 95256 | loss: 2.511428 | lr 1.9013e-03 | norm: 0.5779 | dt: 1658.29ms | img/sec: 2470.02
step 95257 | loss: 2.649811 | lr 1.8995e-03 | norm: 0.5683 | dt: 1665.71ms | img/sec: 2459.01
step 95258 | loss: 2.559930 | lr 1.8977e-03 | norm: 0.5388 | dt: 1764.15ms | img/sec: 2321.79
step 95259 | loss: 2.584419 | lr 1.8959e-03 | norm: 0.5857 | dt: 1693.11ms | img/sec: 2419.21
step 95260 | loss: 2.597409 | lr 1.8941e-03 | norm: 0.5752 | dt: 1648.18ms | img/sec: 2485.16
step 95261 | loss: 2.562270 | lr 1.8922e-03 | norm: 0.5915 | dt: 1650.85ms | img/sec: 2481.15
step 95262 | loss: 2.653645 | lr 1.8904e-03 | norm: 0.6031 | dt: 1738.09ms | img/sec: 2356.61
step 95263 | loss: 2.694086 | lr 1.8886e-03 | norm: 0.5478 | dt: 1657.76ms | img/sec: 2470.80
step 95264 | loss: 2.634969 | lr 1.8868e-03 | norm: 0.5822 | dt: 1659.53ms | img/sec: 2468.16
step 95265 | loss: 2.647728 | lr 1.8850e-03 | norm: 0.5531 | dt: 1682.48ms | img/sec: 2434.50
step 95266 | loss: 2.579398 | lr 1.8831e-03 | norm: 0.5620 | dt: 1699.60ms | img/sec: 2409.97
step 95267 | loss: 2.639223 | lr 1.8813e-03 | norm: 0.5701 | dt: 1646.51ms | img/sec: 2487.69
step 95268 | loss: 2.653095 | lr 1.8795e-03 | norm: 0.6235 | dt: 1690.63ms | img/sec: 2422.76
step 95269 | loss: 2.630506 | lr 1.8776e-03 | norm: 0.6022 | dt: 1685.76ms | img/sec: 2429.76
step 95270 | loss: 2.563013 | lr 1.8758e-03 | norm: 0.5528 | dt: 1677.46ms | img/sec: 2441.79
step 95271 | loss: 2.573359 | lr 1.8740e-03 | norm: 0.6563 | dt: 1841.04ms | img/sec: 2224.83
step 95272 | loss: 2.557624 | lr 1.8722e-03 | norm: 0.5538 | dt: 1715.76ms | img/sec: 2387.28
step 95273 | loss: 2.674439 | lr 1.8703e-03 | norm: 0.5869 | dt: 1755.24ms | img/sec: 2333.58
step 95274 | loss: 2.620275 | lr 1.8685e-03 | norm: 0.6065 | dt: 1716.00ms | img/sec: 2386.95
step 95275 | loss: 2.644125 | lr 1.8667e-03 | norm: 0.5785 | dt: 1647.57ms | img/sec: 2486.08
step 95276 | loss: 2.694802 | lr 1.8648e-03 | norm: 0.5798 | dt: 1655.25ms | img/sec: 2474.55
step 95277 | loss: 2.532579 | lr 1.8630e-03 | norm: 0.5731 | dt: 1665.30ms | img/sec: 2459.62
step 95278 | loss: 2.617698 | lr 1.8612e-03 | norm: 0.5807 | dt: 1686.00ms | img/sec: 2429.42
step 95279 | loss: 2.668341 | lr 1.8594e-03 | norm: 0.5618 | dt: 1693.22ms | img/sec: 2419.05
step 95280 | loss: 2.646981 | lr 1.8575e-03 | norm: 0.5994 | dt: 1721.89ms | img/sec: 2378.78
step 95281 | loss: 2.563836 | lr 1.8557e-03 | norm: 0.5617 | dt: 1646.10ms | img/sec: 2488.31
step 95282 | loss: 2.626358 | lr 1.8539e-03 | norm: 0.5454 | dt: 1690.76ms | img/sec: 2422.58
step 95283 | loss: 2.624645 | lr 1.8520e-03 | norm: 0.5740 | dt: 1698.70ms | img/sec: 2411.26
step 95284 | loss: 2.585221 | lr 1.8502e-03 | norm: 0.6108 | dt: 1654.00ms | img/sec: 2476.42
step 95285 | loss: 2.593369 | lr 1.8483e-03 | norm: 0.5406 | dt: 1703.91ms | img/sec: 2403.89
step 95286 | loss: 2.656734 | lr 1.8465e-03 | norm: 0.5776 | dt: 1654.02ms | img/sec: 2476.39
step 95287 | loss: 2.597658 | lr 1.8447e-03 | norm: 0.5561 | dt: 1672.72ms | img/sec: 2448.71
step 95288 | loss: 2.587412 | lr 1.8428e-03 | norm: 0.5627 | dt: 1700.49ms | img/sec: 2408.72
step 95289 | loss: 2.573508 | lr 1.8410e-03 | norm: 0.6235 | dt: 1676.79ms | img/sec: 2442.76
step 95290 | loss: 2.548881 | lr 1.8392e-03 | norm: 0.6159 | dt: 1726.14ms | img/sec: 2372.93
step 95291 | loss: 2.634979 | lr 1.8373e-03 | norm: 0.5739 | dt: 1651.96ms | img/sec: 2479.49
step 95292 | loss: 2.525297 | lr 1.8355e-03 | norm: 0.6302 | dt: 1683.51ms | img/sec: 2433.01
step 95293 | loss: 2.587653 | lr 1.8336e-03 | norm: 0.5722 | dt: 1652.13ms | img/sec: 2479.23
step 95294 | loss: 2.559826 | lr 1.8318e-03 | norm: 0.5972 | dt: 1755.73ms | img/sec: 2332.94
step 95295 | loss: 2.518947 | lr 1.8300e-03 | norm: 0.5894 | dt: 1695.12ms | img/sec: 2416.34
step 95296 | loss: 2.598007 | lr 1.8281e-03 | norm: 0.5600 | dt: 1695.41ms | img/sec: 2415.94
step 95297 | loss: 2.633093 | lr 1.8263e-03 | norm: 0.6294 | dt: 1652.83ms | img/sec: 2478.18
step 95298 | loss: 2.591395 | lr 1.8244e-03 | norm: 0.5228 | dt: 1740.41ms | img/sec: 2353.47
step 95299 | loss: 2.648944 | lr 1.8226e-03 | norm: 0.5840 | dt: 1742.18ms | img/sec: 2351.07
step 95300 | loss: 2.519188 | lr 1.8208e-03 | norm: 0.6165 | dt: 1698.38ms | img/sec: 2411.70
step 95301 | loss: 2.602261 | lr 1.8189e-03 | norm: 0.5528 | dt: 1689.56ms | img/sec: 2424.29
step 95302 | loss: 2.679374 | lr 1.8171e-03 | norm: 0.6112 | dt: 1683.02ms | img/sec: 2433.72
step 95303 | loss: 2.585129 | lr 1.8152e-03 | norm: 0.5519 | dt: 1669.46ms | img/sec: 2453.49
step 95304 | loss: 2.585124 | lr 1.8134e-03 | norm: 0.5612 | dt: 1653.92ms | img/sec: 2476.54
step 95305 | loss: 2.588600 | lr 1.8115e-03 | norm: 0.5846 | dt: 1654.73ms | img/sec: 2475.33
step 95306 | loss: 2.536259 | lr 1.8097e-03 | norm: 0.5909 | dt: 1744.97ms | img/sec: 2347.32
step 95307 | loss: 2.599224 | lr 1.8078e-03 | norm: 0.5933 | dt: 1647.46ms | img/sec: 2486.25
step 95308 | loss: 2.576899 | lr 1.8060e-03 | norm: 0.5840 | dt: 1730.78ms | img/sec: 2366.57
step 95309 | loss: 2.530226 | lr 1.8041e-03 | norm: 0.5224 | dt: 1696.99ms | img/sec: 2413.68
step 95310 | loss: 2.519371 | lr 1.8023e-03 | norm: 0.5662 | dt: 1663.12ms | img/sec: 2462.85
step 95311 | loss: 2.540175 | lr 1.8004e-03 | norm: 0.5707 | dt: 1650.82ms | img/sec: 2481.19
step 95312 | loss: 2.556070 | lr 1.7986e-03 | norm: 0.5871 | dt: 1740.69ms | img/sec: 2353.09
step 95313 | loss: 2.572432 | lr 1.7967e-03 | norm: 0.5496 | dt: 1722.49ms | img/sec: 2377.95
step 95314 | loss: 2.522186 | lr 1.7949e-03 | norm: 0.5458 | dt: 1656.43ms | img/sec: 2472.79
step 95315 | loss: 2.644375 | lr 1.7930e-03 | norm: 0.5851 | dt: 1663.61ms | img/sec: 2462.12
step 95316 | loss: 2.495592 | lr 1.7912e-03 | norm: 0.5535 | dt: 1659.75ms | img/sec: 2467.83
step 95317 | loss: 2.651310 | lr 1.7893e-03 | norm: 0.5511 | dt: 1768.97ms | img/sec: 2315.47
step 95318 | loss: 2.509131 | lr 1.7875e-03 | norm: 0.5213 | dt: 1649.26ms | img/sec: 2483.54
step 95319 | loss: 2.649781 | lr 1.7856e-03 | norm: 0.5916 | dt: 1667.79ms | img/sec: 2455.94
step 95320 | loss: 2.513277 | lr 1.7838e-03 | norm: 0.5549 | dt: 1753.07ms | img/sec: 2336.48
step 95321 | loss: 2.570887 | lr 1.7819e-03 | norm: 0.5508 | dt: 1650.75ms | img/sec: 2481.29
step 95322 | loss: 2.585725 | lr 1.7801e-03 | norm: 0.5494 | dt: 1757.00ms | img/sec: 2331.25
step 95323 | loss: 2.538422 | lr 1.7782e-03 | norm: 0.5327 | dt: 1662.06ms | img/sec: 2464.41
step 95324 | loss: 2.481714 | lr 1.7764e-03 | norm: 0.5053 | dt: 1727.74ms | img/sec: 2370.73
step 95325 | loss: 2.619889 | lr 1.7745e-03 | norm: 0.5239 | dt: 1649.60ms | img/sec: 2483.02
step 95326 | loss: 2.540744 | lr 1.7726e-03 | norm: 0.5816 | dt: 1663.74ms | img/sec: 2461.92
step 95327 | loss: 2.546585 | lr 1.7708e-03 | norm: 0.5410 | dt: 1676.65ms | img/sec: 2442.96
step 95328 | loss: 2.485338 | lr 1.7689e-03 | norm: 0.5583 | dt: 1655.41ms | img/sec: 2474.31
step 95329 | loss: 2.408616 | lr 1.7671e-03 | norm: 0.5581 | dt: 1665.67ms | img/sec: 2459.07
step 95330 | loss: 2.476184 | lr 1.7652e-03 | norm: 0.5525 | dt: 1675.48ms | img/sec: 2444.67
step 95331 | loss: 2.539579 | lr 1.7634e-03 | norm: 0.5829 | dt: 1661.38ms | img/sec: 2465.41
step 95332 | loss: 2.616337 | lr 1.7615e-03 | norm: 0.5570 | dt: 1669.45ms | img/sec: 2453.51
step 95333 | loss: 2.502574 | lr 1.7596e-03 | norm: 0.5867 | dt: 1660.83ms | img/sec: 2466.24
step 95334 | loss: 2.527653 | lr 1.7578e-03 | norm: 0.5357 | dt: 1711.68ms | img/sec: 2392.97
step 95335 | loss: 2.630395 | lr 1.7559e-03 | norm: 0.5688 | dt: 1801.61ms | img/sec: 2273.52
step 95336 | loss: 2.588098 | lr 1.7541e-03 | norm: 0.5406 | dt: 1663.47ms | img/sec: 2462.33
step 95337 | loss: 2.549882 | lr 1.7522e-03 | norm: 0.5440 | dt: 1808.95ms | img/sec: 2264.29
step 95338 | loss: 2.535193 | lr 1.7503e-03 | norm: 0.5172 | dt: 1688.19ms | img/sec: 2426.27
step 95339 | loss: 2.551076 | lr 1.7485e-03 | norm: 0.5530 | dt: 1701.00ms | img/sec: 2407.99
step 95340 | loss: 2.543552 | lr 1.7466e-03 | norm: 0.5264 | dt: 1667.69ms | img/sec: 2456.09
step 95341 | loss: 2.508167 | lr 1.7448e-03 | norm: 0.5261 | dt: 1686.10ms | img/sec: 2429.27
step 95342 | loss: 2.514650 | lr 1.7429e-03 | norm: 0.5662 | dt: 1707.65ms | img/sec: 2398.62
step 95343 | loss: 2.600801 | lr 1.7410e-03 | norm: 0.5371 | dt: 1673.69ms | img/sec: 2447.29
step 95344 | loss: 2.535698 | lr 1.7392e-03 | norm: 0.5922 | dt: 1720.22ms | img/sec: 2381.09
step 95345 | loss: 2.555547 | lr 1.7373e-03 | norm: 0.6229 | dt: 1658.39ms | img/sec: 2469.87
step 95346 | loss: 2.559316 | lr 1.7354e-03 | norm: 0.5853 | dt: 1733.16ms | img/sec: 2363.31
step 95347 | loss: 2.611686 | lr 1.7336e-03 | norm: 0.6975 | dt: 1676.46ms | img/sec: 2443.24
step 95348 | loss: 2.458260 | lr 1.7317e-03 | norm: 0.5424 | dt: 1687.28ms | img/sec: 2427.58
step 95349 | loss: 2.456530 | lr 1.7299e-03 | norm: 0.5789 | dt: 1729.28ms | img/sec: 2368.62
step 95350 | loss: 2.495615 | lr 1.7280e-03 | norm: 0.5899 | dt: 1661.15ms | img/sec: 2465.76
step 95351 | loss: 2.516709 | lr 1.7261e-03 | norm: 0.5790 | dt: 1645.47ms | img/sec: 2489.26
step 95352 | loss: 2.541815 | lr 1.7243e-03 | norm: 0.5544 | dt: 1663.93ms | img/sec: 2461.65
step 95353 | loss: 2.576844 | lr 1.7224e-03 | norm: 0.5761 | dt: 1688.53ms | img/sec: 2425.77
step 95354 | loss: 2.528245 | lr 1.7205e-03 | norm: 0.5398 | dt: 1701.50ms | img/sec: 2407.29
step 95355 | loss: 2.438815 | lr 1.7187e-03 | norm: 0.5513 | dt: 1669.85ms | img/sec: 2452.91
step 95356 | loss: 2.624141 | lr 1.7168e-03 | norm: 0.5892 | dt: 1732.41ms | img/sec: 2364.34
step 95357 | loss: 2.587592 | lr 1.7149e-03 | norm: 0.5233 | dt: 1733.86ms | img/sec: 2362.36
step 95358 | loss: 2.542921 | lr 1.7131e-03 | norm: 0.5321 | dt: 1702.39ms | img/sec: 2406.03
step 95359 | loss: 2.572581 | lr 1.7112e-03 | norm: 0.6015 | dt: 1696.73ms | img/sec: 2414.06
step 95360 | loss: 2.544008 | lr 1.7093e-03 | norm: 0.5763 | dt: 1651.80ms | img/sec: 2479.72
step 95361 | loss: 2.504795 | lr 1.7074e-03 | norm: 0.5883 | dt: 1671.27ms | img/sec: 2450.84
step 95362 | loss: 2.521783 | lr 1.7056e-03 | norm: 0.5634 | dt: 1710.86ms | img/sec: 2394.12
step 95363 | loss: 2.523320 | lr 1.7037e-03 | norm: 0.5323 | dt: 1659.36ms | img/sec: 2468.43
step 95364 | loss: 2.537045 | lr 1.7018e-03 | norm: 0.5997 | dt: 1672.53ms | img/sec: 2448.99
step 95365 | loss: 2.461811 | lr 1.7000e-03 | norm: 0.5500 | dt: 1693.51ms | img/sec: 2418.64
step 95366 | loss: 2.520047 | lr 1.6981e-03 | norm: 0.5264 | dt: 1664.61ms | img/sec: 2460.64
step 95367 | loss: 2.558715 | lr 1.6962e-03 | norm: 0.5602 | dt: 1704.09ms | img/sec: 2403.63
step 95368 | loss: 2.562502 | lr 1.6944e-03 | norm: 0.5402 | dt: 1652.16ms | img/sec: 2479.18
step 95369 | loss: 2.548330 | lr 1.6925e-03 | norm: 0.5348 | dt: 1714.84ms | img/sec: 2388.56
step 95370 | loss: 2.501475 | lr 1.6906e-03 | norm: 0.5343 | dt: 1691.51ms | img/sec: 2421.51
step 95371 | loss: 2.499061 | lr 1.6887e-03 | norm: 0.5750 | dt: 1760.45ms | img/sec: 2326.68
step 95372 | loss: 2.535522 | lr 1.6869e-03 | norm: 0.5344 | dt: 1644.00ms | img/sec: 2491.49
step 95373 | loss: 2.594398 | lr 1.6850e-03 | norm: 0.5315 | dt: 1672.79ms | img/sec: 2448.60
step 95374 | loss: 2.414769 | lr 1.6831e-03 | norm: 0.5207 | dt: 1665.31ms | img/sec: 2459.60
step 95375 | loss: 2.491525 | lr 1.6812e-03 | norm: 0.5303 | dt: 1707.79ms | img/sec: 2398.43
step 95376 | loss: 2.551419 | lr 1.6794e-03 | norm: 0.5633 | dt: 1657.56ms | img/sec: 2471.11
step 95377 | loss: 2.476604 | lr 1.6775e-03 | norm: 0.5632 | dt: 1702.49ms | img/sec: 2405.89
step 95378 | loss: 2.661820 | lr 1.6756e-03 | norm: 0.5920 | dt: 1686.06ms | img/sec: 2429.33
step 95379 | loss: 2.528749 | lr 1.6737e-03 | norm: 0.5810 | dt: 1653.26ms | img/sec: 2477.53
step 95380 | loss: 2.520025 | lr 1.6719e-03 | norm: 0.5647 | dt: 1674.98ms | img/sec: 2445.40
step 95381 | loss: 2.544669 | lr 1.6700e-03 | norm: 0.5858 | dt: 1652.85ms | img/sec: 2478.15
step 95382 | loss: 2.450320 | lr 1.6681e-03 | norm: 0.5523 | dt: 1712.31ms | img/sec: 2392.09
step 95383 | loss: 2.596697 | lr 1.6662e-03 | norm: 0.5861 | dt: 1712.99ms | img/sec: 2391.14
step 95384 | loss: 2.590429 | lr 1.6644e-03 | norm: 0.5029 | dt: 1654.38ms | img/sec: 2475.85
step 95385 | loss: 2.548470 | lr 1.6625e-03 | norm: 0.5770 | dt: 1711.07ms | img/sec: 2393.82
step 95386 | loss: 2.585581 | lr 1.6606e-03 | norm: 0.5547 | dt: 1646.73ms | img/sec: 2487.36
step 95387 | loss: 2.480334 | lr 1.6587e-03 | norm: 0.5544 | dt: 1677.87ms | img/sec: 2441.19
step 95388 | loss: 2.551486 | lr 1.6569e-03 | norm: 0.5588 | dt: 1713.81ms | img/sec: 2390.00
step 95389 | loss: 2.572755 | lr 1.6550e-03 | norm: 0.5370 | dt: 1651.47ms | img/sec: 2480.21
step 95390 | loss: 2.532427 | lr 1.6531e-03 | norm: 0.5856 | dt: 1661.09ms | img/sec: 2465.85
step 95391 | loss: 2.479947 | lr 1.6512e-03 | norm: 0.5372 | dt: 1661.77ms | img/sec: 2464.84
step 95392 | loss: 2.536735 | lr 1.6494e-03 | norm: 0.5522 | dt: 1713.78ms | img/sec: 2390.04
step 95393 | loss: 2.461320 | lr 1.6475e-03 | norm: 0.5831 | dt: 1680.80ms | img/sec: 2436.94
step 95394 | loss: 2.532633 | lr 1.6456e-03 | norm: 0.5329 | dt: 1649.37ms | img/sec: 2483.38
step 95395 | loss: 2.475193 | lr 1.6437e-03 | norm: 0.6158 | dt: 1709.84ms | img/sec: 2395.54
step 95396 | loss: 2.530675 | lr 1.6418e-03 | norm: 0.5275 | dt: 1702.85ms | img/sec: 2405.38
step 95397 | loss: 2.554463 | lr 1.6400e-03 | norm: 0.5465 | dt: 1655.29ms | img/sec: 2474.49
step 95398 | loss: 2.514386 | lr 1.6381e-03 | norm: 0.5640 | dt: 1663.16ms | img/sec: 2462.78
step 95399 | loss: 2.528444 | lr 1.6362e-03 | norm: 0.5629 | dt: 1672.02ms | img/sec: 2449.74
step 95400 | loss: 2.506336 | lr 1.6343e-03 | norm: 0.5860 | dt: 1686.90ms | img/sec: 2428.13
step 95401 | loss: 2.519343 | lr 1.6324e-03 | norm: 0.5220 | dt: 1656.52ms | img/sec: 2472.65
step 95402 | loss: 2.478712 | lr 1.6306e-03 | norm: 0.5599 | dt: 1655.63ms | img/sec: 2473.98
step 95403 | loss: 2.574490 | lr 1.6287e-03 | norm: 0.5771 | dt: 1663.17ms | img/sec: 2462.77
step 95404 | loss: 2.538639 | lr 1.6268e-03 | norm: 0.5646 | dt: 1694.60ms | img/sec: 2417.09
step 95405 | loss: 2.549765 | lr 1.6249e-03 | norm: 0.5774 | dt: 1682.60ms | img/sec: 2434.32
step 95406 | loss: 2.465121 | lr 1.6230e-03 | norm: 0.6109 | dt: 1663.83ms | img/sec: 2461.79
step 95407 | loss: 2.524533 | lr 1.6212e-03 | norm: 0.5705 | dt: 1647.76ms | img/sec: 2485.80
step 95408 | loss: 2.389041 | lr 1.6193e-03 | norm: 0.5877 | dt: 1662.53ms | img/sec: 2463.72
step 95409 | loss: 2.450541 | lr 1.6174e-03 | norm: 0.5519 | dt: 1686.80ms | img/sec: 2428.27
step 95410 | loss: 2.414049 | lr 1.6155e-03 | norm: 0.5462 | dt: 1686.18ms | img/sec: 2429.16
step 95411 | loss: 2.437608 | lr 1.6136e-03 | norm: 0.5545 | dt: 1668.98ms | img/sec: 2454.19
step 95412 | loss: 2.527426 | lr 1.6118e-03 | norm: 0.5511 | dt: 1666.19ms | img/sec: 2458.30
step 95413 | loss: 2.641780 | lr 1.6099e-03 | norm: 0.6060 | dt: 1701.42ms | img/sec: 2407.40
step 95414 | loss: 2.473941 | lr 1.6080e-03 | norm: 0.5829 | dt: 1654.71ms | img/sec: 2475.36
step 95415 | loss: 2.427969 | lr 1.6061e-03 | norm: 0.5218 | dt: 1659.51ms | img/sec: 2468.20
step 95416 | loss: 2.466642 | lr 1.6042e-03 | norm: 0.5757 | dt: 1655.31ms | img/sec: 2474.47
step 95417 | loss: 2.532868 | lr 1.6023e-03 | norm: 0.6081 | dt: 1790.18ms | img/sec: 2288.04
step 95418 | loss: 2.552809 | lr 1.6005e-03 | norm: 0.5851 | dt: 1763.68ms | img/sec: 2322.41
step 95419 | loss: 2.460149 | lr 1.5986e-03 | norm: 0.5585 | dt: 1708.96ms | img/sec: 2396.78
step 95420 | loss: 2.568757 | lr 1.5967e-03 | norm: 0.5874 | dt: 1673.39ms | img/sec: 2447.73
step 95421 | loss: 2.483703 | lr 1.5948e-03 | norm: 0.5666 | dt: 1730.46ms | img/sec: 2366.99
step 95422 | loss: 2.430665 | lr 1.5929e-03 | norm: 0.5558 | dt: 1656.99ms | img/sec: 2471.95
step 95423 | loss: 2.527640 | lr 1.5910e-03 | norm: 0.5660 | dt: 1657.70ms | img/sec: 2470.89
step 95424 | loss: 2.486797 | lr 1.5892e-03 | norm: 0.5921 | dt: 1672.26ms | img/sec: 2449.37
step 95425 | loss: 2.408754 | lr 1.5873e-03 | norm: 0.5630 | dt: 1770.98ms | img/sec: 2312.85
step 95426 | loss: 2.461718 | lr 1.5854e-03 | norm: 0.5488 | dt: 1720.79ms | img/sec: 2380.30
step 95427 | loss: 2.516693 | lr 1.5835e-03 | norm: 0.5825 | dt: 1700.36ms | img/sec: 2408.91
step 95428 | loss: 2.487084 | lr 1.5816e-03 | norm: 0.6041 | dt: 1664.05ms | img/sec: 2461.46
step 95429 | loss: 2.485685 | lr 1.5797e-03 | norm: 0.5476 | dt: 1656.14ms | img/sec: 2473.22
step 95430 | loss: 2.563677 | lr 1.5778e-03 | norm: 0.5658 | dt: 1660.72ms | img/sec: 2466.40
step 95431 | loss: 2.443497 | lr 1.5760e-03 | norm: 0.5201 | dt: 1661.66ms | img/sec: 2465.00
step 95432 | loss: 2.472270 | lr 1.5741e-03 | norm: 0.5327 | dt: 1654.63ms | img/sec: 2475.47
step 95433 | loss: 2.517433 | lr 1.5722e-03 | norm: 0.5460 | dt: 1679.85ms | img/sec: 2438.31
step 95434 | loss: 2.463111 | lr 1.5703e-03 | norm: 0.5545 | dt: 1654.53ms | img/sec: 2475.63
step 95435 | loss: 2.555451 | lr 1.5684e-03 | norm: 0.6054 | dt: 1652.75ms | img/sec: 2478.29
step 95436 | loss: 2.508880 | lr 1.5665e-03 | norm: 0.5373 | dt: 1648.35ms | img/sec: 2484.91
step 95437 | loss: 2.515245 | lr 1.5647e-03 | norm: 0.5664 | dt: 1659.30ms | img/sec: 2468.52
step 95438 | loss: 2.542964 | lr 1.5628e-03 | norm: 0.5615 | dt: 1673.18ms | img/sec: 2448.03
step 95439 | loss: 2.447281 | lr 1.5609e-03 | norm: 0.5192 | dt: 1654.81ms | img/sec: 2475.21
step 95440 | loss: 2.500633 | lr 1.5590e-03 | norm: 0.5472 | dt: 1664.97ms | img/sec: 2460.10
step 95441 | loss: 2.493686 | lr 1.5571e-03 | norm: 0.5509 | dt: 1660.91ms | img/sec: 2466.11
step 95442 | loss: 2.393147 | lr 1.5552e-03 | norm: 0.5459 | dt: 1661.58ms | img/sec: 2465.12
step 95443 | loss: 2.550737 | lr 1.5533e-03 | norm: 0.5613 | dt: 1719.35ms | img/sec: 2382.30
step 95444 | loss: 2.468744 | lr 1.5514e-03 | norm: 0.5591 | dt: 1658.12ms | img/sec: 2470.26
step 95445 | loss: 2.494537 | lr 1.5496e-03 | norm: 0.5572 | dt: 1668.32ms | img/sec: 2455.16
step 95446 | loss: 2.564940 | lr 1.5477e-03 | norm: 0.6223 | dt: 1652.54ms | img/sec: 2478.61
step 95447 | loss: 2.541589 | lr 1.5458e-03 | norm: 0.5734 | dt: 1663.29ms | img/sec: 2462.58
step 95448 | loss: 2.519183 | lr 1.5439e-03 | norm: 0.5513 | dt: 1665.50ms | img/sec: 2459.32
step 95449 | loss: 2.455505 | lr 1.5420e-03 | norm: 0.6251 | dt: 1704.51ms | img/sec: 2403.03
step 95450 | loss: 2.513451 | lr 1.5401e-03 | norm: 0.5078 | dt: 1650.24ms | img/sec: 2482.06
step 95451 | loss: 2.452570 | lr 1.5382e-03 | norm: 0.5600 | dt: 1702.43ms | img/sec: 2405.97
step 95452 | loss: 2.509559 | lr 1.5364e-03 | norm: 0.5824 | dt: 1659.69ms | img/sec: 2467.94
step 95453 | loss: 2.487102 | lr 1.5345e-03 | norm: 0.5306 | dt: 1686.36ms | img/sec: 2428.90
step 95454 | loss: 2.495658 | lr 1.5326e-03 | norm: 0.6787 | dt: 1680.78ms | img/sec: 2436.96
step 95455 | loss: 2.464999 | lr 1.5307e-03 | norm: 0.5850 | dt: 1684.36ms | img/sec: 2431.79
step 95456 | loss: 2.396201 | lr 1.5288e-03 | norm: 0.5707 | dt: 1652.94ms | img/sec: 2478.01
step 95457 | loss: 2.548393 | lr 1.5269e-03 | norm: 0.6351 | dt: 1661.57ms | img/sec: 2465.13
step 95458 | loss: 2.524965 | lr 1.5250e-03 | norm: 0.5215 | dt: 1682.36ms | img/sec: 2434.68
step 95459 | loss: 2.463737 | lr 1.5231e-03 | norm: 0.5460 | dt: 1652.61ms | img/sec: 2478.50
step 95460 | loss: 2.358903 | lr 1.5213e-03 | norm: 0.5488 | dt: 1655.51ms | img/sec: 2474.16
step 95461 | loss: 2.486208 | lr 1.5194e-03 | norm: 0.5397 | dt: 1657.94ms | img/sec: 2470.54
step 95462 | loss: 2.413502 | lr 1.5175e-03 | norm: 0.5574 | dt: 1672.21ms | img/sec: 2449.45
step 95463 | loss: 2.424924 | lr 1.5156e-03 | norm: 0.5535 | dt: 1704.93ms | img/sec: 2402.45
step 95464 | loss: 2.512637 | lr 1.5137e-03 | norm: 0.5334 | dt: 1658.06ms | img/sec: 2470.36
step 95465 | loss: 2.472632 | lr 1.5118e-03 | norm: 0.5793 | dt: 1668.18ms | img/sec: 2455.36
step 95466 | loss: 2.420715 | lr 1.5099e-03 | norm: 0.5478 | dt: 1654.15ms | img/sec: 2476.20
step 95467 | loss: 2.507750 | lr 1.5080e-03 | norm: 0.5318 | dt: 1660.23ms | img/sec: 2467.13
step 95468 | loss: 2.477057 | lr 1.5062e-03 | norm: 0.5365 | dt: 1653.72ms | img/sec: 2476.84
step 95469 | loss: 2.465071 | lr 1.5043e-03 | norm: 0.5749 | dt: 1659.94ms | img/sec: 2467.56
step 95470 | loss: 2.488080 | lr 1.5024e-03 | norm: 0.5208 | dt: 1652.89ms | img/sec: 2478.08
step 95471 | loss: 2.445817 | lr 1.5005e-03 | norm: 0.6022 | dt: 4159.67ms | img/sec: 984.69
step 95472 | loss: 2.372116 | lr 1.4986e-03 | norm: 0.5580 | dt: 1707.48ms | img/sec: 2398.85
step 95473 | loss: 2.473477 | lr 1.4967e-03 | norm: 0.5813 | dt: 1696.68ms | img/sec: 2414.13
step 95474 | loss: 2.412911 | lr 1.4948e-03 | norm: 0.5578 | dt: 1659.81ms | img/sec: 2467.75
step 95475 | loss: 2.544360 | lr 1.4930e-03 | norm: 0.5382 | dt: 1663.08ms | img/sec: 2462.90
step 95476 | loss: 2.379846 | lr 1.4911e-03 | norm: 0.5260 | dt: 1651.54ms | img/sec: 2480.10
step 95477 | loss: 2.374768 | lr 1.4892e-03 | norm: 0.5299 | dt: 1682.68ms | img/sec: 2434.21
step 95478 | loss: 2.431054 | lr 1.4873e-03 | norm: 0.5579 | dt: 1658.69ms | img/sec: 2469.42
step 95479 | loss: 2.467210 | lr 1.4854e-03 | norm: 0.5277 | dt: 1647.41ms | img/sec: 2486.33
step 95480 | loss: 2.508271 | lr 1.4835e-03 | norm: 0.5805 | dt: 1718.08ms | img/sec: 2384.05
step 95481 | loss: 2.552483 | lr 1.4816e-03 | norm: 0.5510 | dt: 1648.72ms | img/sec: 2484.35
step 95482 | loss: 2.475858 | lr 1.4797e-03 | norm: 0.5502 | dt: 1666.31ms | img/sec: 2458.13
step 95483 | loss: 2.518371 | lr 1.4779e-03 | norm: 0.6077 | dt: 1657.95ms | img/sec: 2470.52
step 95484 | loss: 2.480800 | lr 1.4760e-03 | norm: 0.5323 | dt: 1659.59ms | img/sec: 2468.09
step 95485 | loss: 2.499326 | lr 1.4741e-03 | norm: 0.5244 | dt: 1644.85ms | img/sec: 2490.20
step 95486 | loss: 2.451101 | lr 1.4722e-03 | norm: 0.5533 | dt: 1654.84ms | img/sec: 2475.16
step 95487 | loss: 2.443310 | lr 1.4703e-03 | norm: 0.5767 | dt: 1652.23ms | img/sec: 2479.08
step 95488 | loss: 2.453293 | lr 1.4684e-03 | norm: 0.5601 | dt: 1724.63ms | img/sec: 2375.00
step 95489 | loss: 2.358090 | lr 1.4665e-03 | norm: 0.5420 | dt: 1662.91ms | img/sec: 2463.16
step 95490 | loss: 2.477525 | lr 1.4646e-03 | norm: 0.5367 | dt: 1658.72ms | img/sec: 2469.38
step 95491 | loss: 2.377352 | lr 1.4628e-03 | norm: 0.5794 | dt: 1663.03ms | img/sec: 2462.97
step 95492 | loss: 2.359794 | lr 1.4609e-03 | norm: 0.5355 | dt: 1651.04ms | img/sec: 2480.86
step 95493 | loss: 2.473124 | lr 1.4590e-03 | norm: 0.5677 | dt: 1685.05ms | img/sec: 2430.78
step 95494 | loss: 2.452581 | lr 1.4571e-03 | norm: 0.5375 | dt: 1654.81ms | img/sec: 2475.20
step 95495 | loss: 2.425515 | lr 1.4552e-03 | norm: 0.5368 | dt: 1656.28ms | img/sec: 2473.01
step 95496 | loss: 2.410863 | lr 1.4533e-03 | norm: 0.5354 | dt: 1723.19ms | img/sec: 2376.98
step 95497 | loss: 2.393787 | lr 1.4514e-03 | norm: 0.5234 | dt: 1677.17ms | img/sec: 2442.21
step 95498 | loss: 2.499538 | lr 1.4496e-03 | norm: 0.5340 | dt: 1660.05ms | img/sec: 2467.40
step 95499 | loss: 2.459824 | lr 1.4477e-03 | norm: 0.5438 | dt: 1758.37ms | img/sec: 2329.43
step 95500 | val_loss 2.1248 | val_acc 50.87%
step 95500 | loss: 2.523221 | lr 1.4458e-03 | norm: 0.5361 | dt: 4111.58ms | img/sec: 996.21
step 95501 | loss: 2.421597 | lr 1.4439e-03 | norm: 0.5450 | dt: 1649.84ms | img/sec: 2482.67
step 95502 | loss: 2.399463 | lr 1.4420e-03 | norm: 0.5305 | dt: 1661.95ms | img/sec: 2464.58
step 95503 | loss: 2.433729 | lr 1.4401e-03 | norm: 0.5152 | dt: 1657.03ms | img/sec: 2471.89
step 95504 | loss: 2.398563 | lr 1.4382e-03 | norm: 0.5159 | dt: 1725.27ms | img/sec: 2374.13
step 95505 | loss: 2.348995 | lr 1.4363e-03 | norm: 0.5341 | dt: 1649.66ms | img/sec: 2482.93
step 95506 | loss: 2.459084 | lr 1.4345e-03 | norm: 0.5374 | dt: 1652.10ms | img/sec: 2479.27
step 95507 | loss: 2.458606 | lr 1.4326e-03 | norm: 0.5369 | dt: 1667.74ms | img/sec: 2456.02
step 95508 | loss: 2.425888 | lr 1.4307e-03 | norm: 0.5370 | dt: 1656.34ms | img/sec: 2472.92
step 95509 | loss: 2.405825 | lr 1.4288e-03 | norm: 0.5550 | dt: 1659.36ms | img/sec: 2468.42
step 95510 | loss: 2.368833 | lr 1.4269e-03 | norm: 0.5163 | dt: 1723.01ms | img/sec: 2377.23
step 95511 | loss: 2.381792 | lr 1.4250e-03 | norm: 0.5403 | dt: 1749.69ms | img/sec: 2340.99
step 95512 | loss: 2.453057 | lr 1.4232e-03 | norm: 0.5482 | dt: 1715.96ms | img/sec: 2387.00
step 95513 | loss: 2.407870 | lr 1.4213e-03 | norm: 0.5190 | dt: 1648.21ms | img/sec: 2485.12
step 95514 | loss: 2.401126 | lr 1.4194e-03 | norm: 0.5619 | dt: 1657.09ms | img/sec: 2471.81
step 95515 | loss: 2.437168 | lr 1.4175e-03 | norm: 0.5537 | dt: 1653.17ms | img/sec: 2477.67
step 95516 | loss: 2.464221 | lr 1.4156e-03 | norm: 0.5537 | dt: 1658.26ms | img/sec: 2470.06
step 95517 | loss: 2.356039 | lr 1.4137e-03 | norm: 0.5041 | dt: 1698.52ms | img/sec: 2411.51
step 95518 | loss: 2.425636 | lr 1.4118e-03 | norm: 0.5493 | dt: 1657.57ms | img/sec: 2471.08
step 95519 | loss: 2.428798 | lr 1.4100e-03 | norm: 0.5796 | dt: 1649.69ms | img/sec: 2482.89
step 95520 | loss: 2.436357 | lr 1.4081e-03 | norm: 0.5356 | dt: 1652.92ms | img/sec: 2478.04
step 95521 | loss: 2.516834 | lr 1.4062e-03 | norm: 0.5900 | dt: 1680.29ms | img/sec: 2437.67
step 95522 | loss: 2.385602 | lr 1.4043e-03 | norm: 0.5545 | dt: 1650.81ms | img/sec: 2481.21
step 95523 | loss: 2.488822 | lr 1.4024e-03 | norm: 0.5768 | dt: 1700.65ms | img/sec: 2408.49
step 95524 | loss: 2.477111 | lr 1.4005e-03 | norm: 0.5338 | dt: 1670.43ms | img/sec: 2452.06
step 95525 | loss: 2.408166 | lr 1.3987e-03 | norm: 0.5748 | dt: 1696.59ms | img/sec: 2414.25
step 95526 | loss: 2.358598 | lr 1.3968e-03 | norm: 0.5466 | dt: 1705.20ms | img/sec: 2402.06
step 95527 | loss: 2.484102 | lr 1.3949e-03 | norm: 0.5740 | dt: 1704.47ms | img/sec: 2403.10
step 95528 | loss: 2.393817 | lr 1.3930e-03 | norm: 0.5297 | dt: 1651.48ms | img/sec: 2480.21
step 95529 | loss: 2.459939 | lr 1.3911e-03 | norm: 0.5562 | dt: 1648.03ms | img/sec: 2485.39
step 95530 | loss: 2.415691 | lr 1.3892e-03 | norm: 0.5238 | dt: 1659.87ms | img/sec: 2467.67
step 95531 | loss: 2.426309 | lr 1.3874e-03 | norm: 0.5315 | dt: 1663.78ms | img/sec: 2461.87
step 95532 | loss: 2.407516 | lr 1.3855e-03 | norm: 0.5021 | dt: 1701.65ms | img/sec: 2407.07
step 95533 | loss: 2.403940 | lr 1.3836e-03 | norm: 0.5346 | dt: 1730.97ms | img/sec: 2366.31
step 95534 | loss: 2.340413 | lr 1.3817e-03 | norm: 0.5146 | dt: 1697.34ms | img/sec: 2413.18
step 95535 | loss: 2.476718 | lr 1.3798e-03 | norm: 0.5520 | dt: 1664.74ms | img/sec: 2460.44
step 95536 | loss: 2.376948 | lr 1.3780e-03 | norm: 0.5120 | dt: 1647.96ms | img/sec: 2485.49
step 95537 | loss: 2.405160 | lr 1.3761e-03 | norm: 0.5454 | dt: 1663.42ms | img/sec: 2462.39
step 95538 | loss: 2.401341 | lr 1.3742e-03 | norm: 0.5522 | dt: 1659.46ms | img/sec: 2468.27
step 95539 | loss: 2.388327 | lr 1.3723e-03 | norm: 0.5393 | dt: 1709.12ms | img/sec: 2396.56
step 95540 | loss: 2.358526 | lr 1.3704e-03 | norm: 0.5214 | dt: 1705.58ms | img/sec: 2401.53
step 95541 | loss: 2.356812 | lr 1.3686e-03 | norm: 0.5428 | dt: 1708.25ms | img/sec: 2397.77
step 95542 | loss: 2.384061 | lr 1.3667e-03 | norm: 0.5680 | dt: 1650.87ms | img/sec: 2481.12
step 95543 | loss: 2.453348 | lr 1.3648e-03 | norm: 0.5653 | dt: 1654.41ms | img/sec: 2475.80
step 95544 | loss: 2.443046 | lr 1.3629e-03 | norm: 0.5260 | dt: 1710.25ms | img/sec: 2394.97
step 95545 | loss: 2.450811 | lr 1.3610e-03 | norm: 0.5436 | dt: 1654.78ms | img/sec: 2475.25
step 95546 | loss: 2.475646 | lr 1.3592e-03 | norm: 0.5371 | dt: 1660.42ms | img/sec: 2466.85
step 95547 | loss: 2.436860 | lr 1.3573e-03 | norm: 0.5248 | dt: 1668.78ms | img/sec: 2454.49
step 95548 | loss: 2.374307 | lr 1.3554e-03 | norm: 0.5481 | dt: 1664.71ms | img/sec: 2460.48
step 95549 | loss: 2.415961 | lr 1.3535e-03 | norm: 0.5140 | dt: 1794.39ms | img/sec: 2282.66
step 95550 | loss: 2.403327 | lr 1.3516e-03 | norm: 0.5192 | dt: 1717.28ms | img/sec: 2385.17
step 95551 | loss: 2.391545 | lr 1.3498e-03 | norm: 0.5440 | dt: 1676.84ms | img/sec: 2442.69
step 95552 | loss: 2.444493 | lr 1.3479e-03 | norm: 0.5230 | dt: 1745.74ms | img/sec: 2346.28
step 95553 | loss: 2.379741 | lr 1.3460e-03 | norm: 0.5469 | dt: 1660.71ms | img/sec: 2466.41
step 95554 | loss: 2.373795 | lr 1.3441e-03 | norm: 0.5595 | dt: 1646.73ms | img/sec: 2487.36
step 95555 | loss: 2.417122 | lr 1.3423e-03 | norm: 0.4908 | dt: 1649.39ms | img/sec: 2483.33
step 95556 | loss: 2.513356 | lr 1.3404e-03 | norm: 0.5373 | dt: 1648.77ms | img/sec: 2484.28
step 95557 | loss: 2.426415 | lr 1.3385e-03 | norm: 0.5814 | dt: 1660.67ms | img/sec: 2466.48
step 95558 | loss: 2.442096 | lr 1.3366e-03 | norm: 0.5123 | dt: 1648.78ms | img/sec: 2484.26
step 95559 | loss: 2.401014 | lr 1.3348e-03 | norm: 0.5336 | dt: 1665.06ms | img/sec: 2459.97
step 95560 | loss: 2.398268 | lr 1.3329e-03 | norm: 0.5496 | dt: 1662.59ms | img/sec: 2463.62
step 95561 | loss: 2.486805 | lr 1.3310e-03 | norm: 0.5717 | dt: 1647.45ms | img/sec: 2486.26
step 95562 | loss: 2.352029 | lr 1.3291e-03 | norm: 0.5343 | dt: 1664.13ms | img/sec: 2461.35
step 95563 | loss: 2.304455 | lr 1.3273e-03 | norm: 0.5200 | dt: 1745.51ms | img/sec: 2346.60
step 95564 | loss: 2.486565 | lr 1.3254e-03 | norm: 0.5254 | dt: 1689.58ms | img/sec: 2424.27
step 95565 | loss: 2.375328 | lr 1.3235e-03 | norm: 0.5933 | dt: 1674.82ms | img/sec: 2445.63
step 95566 | loss: 2.405785 | lr 1.3216e-03 | norm: 0.5328 | dt: 1712.62ms | img/sec: 2391.66
step 95567 | loss: 2.310891 | lr 1.3198e-03 | norm: 0.5394 | dt: 1674.47ms | img/sec: 2446.14
step 95568 | loss: 2.369509 | lr 1.3179e-03 | norm: 0.5882 | dt: 1702.44ms | img/sec: 2405.96
step 95569 | loss: 2.388364 | lr 1.3160e-03 | norm: 0.5197 | dt: 1675.20ms | img/sec: 2445.08
step 95570 | loss: 2.387177 | lr 1.3141e-03 | norm: 0.5381 | dt: 1651.81ms | img/sec: 2479.70
step 95571 | loss: 2.423142 | lr 1.3123e-03 | norm: 0.5817 | dt: 1646.99ms | img/sec: 2486.96
step 95572 | loss: 2.380567 | lr 1.3104e-03 | norm: 0.5098 | dt: 1657.47ms | img/sec: 2471.24
step 95573 | loss: 2.484601 | lr 1.3085e-03 | norm: 0.5898 | dt: 1654.46ms | img/sec: 2475.73
step 95574 | loss: 2.370914 | lr 1.3066e-03 | norm: 0.5490 | dt: 1706.13ms | img/sec: 2400.75
step 95575 | loss: 2.417271 | lr 1.3048e-03 | norm: 0.5381 | dt: 1667.44ms | img/sec: 2456.47
step 95576 | loss: 2.460803 | lr 1.3029e-03 | norm: 0.5613 | dt: 1654.50ms | img/sec: 2475.67
step 95577 | loss: 2.343014 | lr 1.3010e-03 | norm: 0.5712 | dt: 1813.63ms | img/sec: 2258.45
step 95578 | loss: 2.375517 | lr 1.2992e-03 | norm: 0.5399 | dt: 1679.37ms | img/sec: 2439.00
step 95579 | loss: 2.357816 | lr 1.2973e-03 | norm: 0.6224 | dt: 1701.73ms | img/sec: 2406.96
step 95580 | loss: 2.320626 | lr 1.2954e-03 | norm: 0.5326 | dt: 1749.36ms | img/sec: 2341.43
step 95581 | loss: 2.325428 | lr 1.2936e-03 | norm: 0.5776 | dt: 1652.80ms | img/sec: 2478.22
step 95582 | loss: 2.271788 | lr 1.2917e-03 | norm: 0.5423 | dt: 1719.12ms | img/sec: 2382.61
step 95583 | loss: 2.361059 | lr 1.2898e-03 | norm: 0.5870 | dt: 1669.47ms | img/sec: 2453.48
step 95584 | loss: 2.364774 | lr 1.2879e-03 | norm: 0.6263 | dt: 1659.57ms | img/sec: 2468.10
step 95585 | loss: 2.471144 | lr 1.2861e-03 | norm: 0.5594 | dt: 1650.49ms | img/sec: 2481.69
step 95586 | loss: 2.352435 | lr 1.2842e-03 | norm: 0.5617 | dt: 1766.12ms | img/sec: 2319.21
step 95587 | loss: 2.500726 | lr 1.2823e-03 | norm: 0.5771 | dt: 1650.15ms | img/sec: 2482.20
step 95588 | loss: 2.375849 | lr 1.2805e-03 | norm: 0.5142 | dt: 1678.38ms | img/sec: 2440.45
step 95589 | loss: 2.321591 | lr 1.2786e-03 | norm: 0.5442 | dt: 1652.39ms | img/sec: 2478.84
step 95590 | loss: 2.372591 | lr 1.2767e-03 | norm: 0.5462 | dt: 1691.99ms | img/sec: 2420.82
step 95591 | loss: 2.402093 | lr 1.2749e-03 | norm: 0.5319 | dt: 1650.21ms | img/sec: 2482.11
step 95592 | loss: 2.371722 | lr 1.2730e-03 | norm: 0.5301 | dt: 1685.05ms | img/sec: 2430.79
step 95593 | loss: 2.439055 | lr 1.2711e-03 | norm: 0.5335 | dt: 1651.57ms | img/sec: 2480.06
step 95594 | loss: 2.298661 | lr 1.2693e-03 | norm: 0.5114 | dt: 1785.39ms | img/sec: 2294.17
step 95595 | loss: 2.344756 | lr 1.2674e-03 | norm: 0.5443 | dt: 1653.12ms | img/sec: 2477.74
step 95596 | loss: 2.408839 | lr 1.2656e-03 | norm: 0.5265 | dt: 1690.58ms | img/sec: 2422.84
step 95597 | loss: 2.413532 | lr 1.2637e-03 | norm: 0.5391 | dt: 1681.48ms | img/sec: 2435.95
step 95598 | loss: 2.380882 | lr 1.2618e-03 | norm: 0.5384 | dt: 1657.63ms | img/sec: 2471.00
step 95599 | loss: 2.423319 | lr 1.2600e-03 | norm: 0.5192 | dt: 1653.60ms | img/sec: 2477.02
step 95600 | loss: 2.340968 | lr 1.2581e-03 | norm: 0.4963 | dt: 1652.22ms | img/sec: 2479.08
step 95601 | loss: 2.385119 | lr 1.2562e-03 | norm: 0.5472 | dt: 1653.35ms | img/sec: 2477.39
step 95602 | loss: 2.453327 | lr 1.2544e-03 | norm: 0.5583 | dt: 1650.76ms | img/sec: 2481.28
step 95603 | loss: 2.454799 | lr 1.2525e-03 | norm: 0.5363 | dt: 1708.69ms | img/sec: 2397.16
step 95604 | loss: 2.349425 | lr 1.2507e-03 | norm: 0.5351 | dt: 1651.09ms | img/sec: 2480.79
step 95605 | loss: 2.335776 | lr 1.2488e-03 | norm: 0.5496 | dt: 1651.70ms | img/sec: 2479.87
step 95606 | loss: 2.290980 | lr 1.2469e-03 | norm: 0.5698 | dt: 1693.09ms | img/sec: 2419.24
step 95607 | loss: 2.354687 | lr 1.2451e-03 | norm: 0.5331 | dt: 1653.95ms | img/sec: 2476.49
step 95608 | loss: 2.308300 | lr 1.2432e-03 | norm: 0.5257 | dt: 1652.84ms | img/sec: 2478.16
step 95609 | loss: 2.292971 | lr 1.2414e-03 | norm: 0.5237 | dt: 1688.97ms | img/sec: 2425.15
step 95610 | loss: 2.506601 | lr 1.2395e-03 | norm: 0.5877 | dt: 1647.95ms | img/sec: 2485.51
step 95611 | loss: 2.372825 | lr 1.2376e-03 | norm: 0.5125 | dt: 1681.20ms | img/sec: 2436.36
step 95612 | loss: 2.503359 | lr 1.2358e-03 | norm: 0.5642 | dt: 1704.07ms | img/sec: 2403.66
step 95613 | loss: 2.379579 | lr 1.2339e-03 | norm: 0.5387 | dt: 1645.01ms | img/sec: 2489.96
step 95614 | loss: 2.350875 | lr 1.2321e-03 | norm: 0.5420 | dt: 1703.53ms | img/sec: 2404.43
step 95615 | loss: 2.394425 | lr 1.2302e-03 | norm: 0.5361 | dt: 1651.81ms | img/sec: 2479.71
step 95616 | loss: 2.312410 | lr 1.2284e-03 | norm: 0.5291 | dt: 1712.44ms | img/sec: 2391.91
step 95617 | loss: 2.378911 | lr 1.2265e-03 | norm: 0.6016 | dt: 1704.91ms | img/sec: 2402.48
step 95618 | loss: 2.366140 | lr 1.2246e-03 | norm: 0.5908 | dt: 1647.47ms | img/sec: 2486.24
step 95619 | loss: 2.355395 | lr 1.2228e-03 | norm: 0.5566 | dt: 1656.24ms | img/sec: 2473.08
step 95620 | loss: 2.375424 | lr 1.2209e-03 | norm: 0.5646 | dt: 1683.61ms | img/sec: 2432.86
step 95621 | loss: 2.278896 | lr 1.2191e-03 | norm: 0.5166 | dt: 1657.78ms | img/sec: 2470.77
step 95622 | loss: 2.363966 | lr 1.2172e-03 | norm: 0.5761 | dt: 1679.56ms | img/sec: 2438.73
step 95623 | loss: 2.466293 | lr 1.2154e-03 | norm: 0.5357 | dt: 1676.72ms | img/sec: 2442.86
step 95624 | loss: 2.295375 | lr 1.2135e-03 | norm: 0.5587 | dt: 1745.49ms | img/sec: 2346.61
step 95625 | loss: 2.201076 | lr 1.2117e-03 | norm: 0.5565 | dt: 1644.83ms | img/sec: 2490.23
step 95626 | loss: 2.389468 | lr 1.2098e-03 | norm: 0.5568 | dt: 1691.50ms | img/sec: 2421.52
step 95627 | loss: 2.401408 | lr 1.2080e-03 | norm: 0.5274 | dt: 1711.27ms | img/sec: 2393.55
step 95628 | loss: 2.347284 | lr 1.2061e-03 | norm: 0.5459 | dt: 1686.87ms | img/sec: 2428.16
step 95629 | loss: 2.328666 | lr 1.2043e-03 | norm: 0.5616 | dt: 1651.26ms | img/sec: 2480.52
step 95630 | loss: 2.419920 | lr 1.2024e-03 | norm: 0.5542 | dt: 1677.89ms | img/sec: 2441.16
step 95631 | loss: 2.390829 | lr 1.2006e-03 | norm: 0.5769 | dt: 1674.17ms | img/sec: 2446.58
step 95632 | loss: 2.304484 | lr 1.1987e-03 | norm: 0.5940 | dt: 1695.84ms | img/sec: 2415.32
step 95633 | loss: 2.338896 | lr 1.1969e-03 | norm: 0.5385 | dt: 1750.45ms | img/sec: 2339.97
step 95634 | loss: 2.272409 | lr 1.1950e-03 | norm: 0.5583 | dt: 1648.78ms | img/sec: 2484.26
step 95635 | loss: 2.375205 | lr 1.1932e-03 | norm: 0.5251 | dt: 1658.52ms | img/sec: 2469.66
step 95636 | loss: 2.440683 | lr 1.1913e-03 | norm: 0.6038 | dt: 1648.20ms | img/sec: 2485.13
step 95637 | loss: 2.228043 | lr 1.1895e-03 | norm: 0.5422 | dt: 1703.82ms | img/sec: 2404.01
step 95638 | loss: 2.427259 | lr 1.1876e-03 | norm: 0.5205 | dt: 1648.35ms | img/sec: 2484.92
step 95639 | loss: 2.296380 | lr 1.1858e-03 | norm: 0.5345 | dt: 1648.46ms | img/sec: 2484.74
step 95640 | loss: 2.340405 | lr 1.1839e-03 | norm: 0.5692 | dt: 1670.55ms | img/sec: 2451.89
step 95641 | loss: 2.361901 | lr 1.1821e-03 | norm: 0.5823 | dt: 1646.67ms | img/sec: 2487.44
step 95642 | loss: 2.410794 | lr 1.1802e-03 | norm: 0.5650 | dt: 1726.65ms | img/sec: 2372.22
step 95643 | loss: 2.459294 | lr 1.1784e-03 | norm: 0.5546 | dt: 1660.12ms | img/sec: 2467.30
step 95644 | loss: 2.449130 | lr 1.1766e-03 | norm: 0.5841 | dt: 1653.09ms | img/sec: 2477.78
step 95645 | loss: 2.237246 | lr 1.1747e-03 | norm: 0.5589 | dt: 1646.96ms | img/sec: 2487.01
step 95646 | loss: 2.332417 | lr 1.1729e-03 | norm: 0.5724 | dt: 1699.96ms | img/sec: 2409.47
step 95647 | loss: 2.356090 | lr 1.1710e-03 | norm: 0.5489 | dt: 1751.33ms | img/sec: 2338.79
step 95648 | loss: 2.403481 | lr 1.1692e-03 | norm: 0.5344 | dt: 1648.78ms | img/sec: 2484.26
step 95649 | loss: 2.340894 | lr 1.1674e-03 | norm: 0.5502 | dt: 1655.29ms | img/sec: 2474.49
step 95650 | loss: 2.355043 | lr 1.1655e-03 | norm: 0.5387 | dt: 1696.40ms | img/sec: 2414.53
step 95651 | loss: 2.311691 | lr 1.1637e-03 | norm: 0.5657 | dt: 1724.58ms | img/sec: 2375.08
step 95652 | loss: 2.415686 | lr 1.1618e-03 | norm: 0.6141 | dt: 1711.32ms | img/sec: 2393.47
step 95653 | loss: 2.339221 | lr 1.1600e-03 | norm: 0.6047 | dt: 1690.68ms | img/sec: 2422.69
step 95654 | loss: 2.404318 | lr 1.1582e-03 | norm: 0.5363 | dt: 1700.19ms | img/sec: 2409.14
step 95655 | loss: 2.296398 | lr 1.1563e-03 | norm: 0.5838 | dt: 1647.36ms | img/sec: 2486.41
step 95656 | loss: 2.393800 | lr 1.1545e-03 | norm: 0.5896 | dt: 1657.47ms | img/sec: 2471.23
step 95657 | loss: 2.403622 | lr 1.1527e-03 | norm: 0.5407 | dt: 1685.26ms | img/sec: 2430.48
step 95658 | loss: 2.392208 | lr 1.1508e-03 | norm: 0.5469 | dt: 1681.78ms | img/sec: 2435.52
step 95659 | loss: 2.403919 | lr 1.1490e-03 | norm: 0.5738 | dt: 1652.84ms | img/sec: 2478.15
step 95660 | loss: 2.303452 | lr 1.1471e-03 | norm: 0.5374 | dt: 1677.15ms | img/sec: 2442.23
step 95661 | loss: 2.322338 | lr 1.1453e-03 | norm: 0.5963 | dt: 1652.31ms | img/sec: 2478.96
step 95662 | loss: 2.393467 | lr 1.1435e-03 | norm: 0.5951 | dt: 1673.12ms | img/sec: 2448.12
step 95663 | loss: 2.393352 | lr 1.1416e-03 | norm: 0.5863 | dt: 1655.61ms | img/sec: 2474.01
step 95664 | loss: 2.304384 | lr 1.1398e-03 | norm: 0.5628 | dt: 1709.20ms | img/sec: 2396.45
step 95665 | loss: 2.301140 | lr 1.1380e-03 | norm: 0.5421 | dt: 1693.54ms | img/sec: 2418.61
step 95666 | loss: 2.238383 | lr 1.1362e-03 | norm: 0.5321 | dt: 1711.80ms | img/sec: 2392.80
step 95667 | loss: 2.436356 | lr 1.1343e-03 | norm: 0.5779 | dt: 1649.37ms | img/sec: 2483.38
step 95668 | loss: 2.276325 | lr 1.1325e-03 | norm: 0.5476 | dt: 1701.46ms | img/sec: 2407.35
step 95669 | loss: 2.343025 | lr 1.1307e-03 | norm: 0.5673 | dt: 1681.72ms | img/sec: 2435.60
step 95670 | loss: 2.354071 | lr 1.1288e-03 | norm: 0.5680 | dt: 1708.93ms | img/sec: 2396.83
step 95671 | loss: 2.344802 | lr 1.1270e-03 | norm: 0.5048 | dt: 1700.14ms | img/sec: 2409.22
step 95672 | loss: 2.280497 | lr 1.1252e-03 | norm: 0.5471 | dt: 1663.44ms | img/sec: 2462.36
step 95673 | loss: 2.367131 | lr 1.1234e-03 | norm: 0.5655 | dt: 1658.19ms | img/sec: 2470.16
step 95674 | loss: 2.236426 | lr 1.1215e-03 | norm: 0.5523 | dt: 1680.85ms | img/sec: 2436.86
step 95675 | loss: 2.284440 | lr 1.1197e-03 | norm: 0.5394 | dt: 1655.03ms | img/sec: 2474.87
step 95676 | loss: 2.289440 | lr 1.1179e-03 | norm: 0.5390 | dt: 1650.04ms | img/sec: 2482.37
step 95677 | loss: 2.217466 | lr 1.1160e-03 | norm: 0.5149 | dt: 1663.12ms | img/sec: 2462.84
step 95678 | loss: 2.389021 | lr 1.1142e-03 | norm: 0.5559 | dt: 1689.33ms | img/sec: 2424.63
step 95679 | loss: 2.352945 | lr 1.1124e-03 | norm: 0.5380 | dt: 1647.61ms | img/sec: 2486.03
step 95680 | loss: 2.232532 | lr 1.1106e-03 | norm: 0.5221 | dt: 1717.53ms | img/sec: 2384.81
step 95681 | loss: 2.382848 | lr 1.1088e-03 | norm: 0.5656 | dt: 1673.45ms | img/sec: 2447.63
step 95682 | loss: 2.323246 | lr 1.1069e-03 | norm: 0.5382 | dt: 1657.33ms | img/sec: 2471.45
step 95683 | loss: 2.338588 | lr 1.1051e-03 | norm: 0.5364 | dt: 1725.03ms | img/sec: 2374.45
step 95684 | loss: 2.368864 | lr 1.1033e-03 | norm: 0.5563 | dt: 1681.42ms | img/sec: 2436.03
step 95685 | loss: 2.295082 | lr 1.1015e-03 | norm: 0.5661 | dt: 1671.76ms | img/sec: 2450.11
step 95686 | loss: 2.376268 | lr 1.0997e-03 | norm: 0.5353 | dt: 1653.28ms | img/sec: 2477.50
step 95687 | loss: 2.305563 | lr 1.0978e-03 | norm: 0.5871 | dt: 1650.05ms | img/sec: 2482.35
step 95688 | loss: 2.319190 | lr 1.0960e-03 | norm: 0.5740 | dt: 1690.58ms | img/sec: 2422.84
step 95689 | loss: 2.350119 | lr 1.0942e-03 | norm: 0.5526 | dt: 1651.71ms | img/sec: 2479.85
step 95690 | loss: 2.426945 | lr 1.0924e-03 | norm: 0.5377 | dt: 1729.57ms | img/sec: 2368.21
step 95691 | loss: 2.340869 | lr 1.0906e-03 | norm: 0.5966 | dt: 1727.67ms | img/sec: 2370.82
step 95692 | loss: 2.310116 | lr 1.0888e-03 | norm: 0.5234 | dt: 1703.03ms | img/sec: 2405.13
step 95693 | loss: 2.418878 | lr 1.0869e-03 | norm: 0.6099 | dt: 1680.09ms | img/sec: 2437.97
step 95694 | loss: 2.336311 | lr 1.0851e-03 | norm: 0.6177 | dt: 1716.85ms | img/sec: 2385.77
step 95695 | loss: 2.376936 | lr 1.0833e-03 | norm: 0.5653 | dt: 1691.92ms | img/sec: 2420.92
step 95696 | loss: 2.307342 | lr 1.0815e-03 | norm: 0.5601 | dt: 1682.09ms | img/sec: 2435.07
step 95697 | loss: 2.280106 | lr 1.0797e-03 | norm: 0.5644 | dt: 1647.79ms | img/sec: 2485.75
step 95698 | loss: 2.360280 | lr 1.0779e-03 | norm: 0.5371 | dt: 1680.58ms | img/sec: 2437.25
step 95699 | loss: 2.289911 | lr 1.0761e-03 | norm: 0.5473 | dt: 1648.98ms | img/sec: 2483.97
step 95700 | loss: 2.270434 | lr 1.0743e-03 | norm: 0.5599 | dt: 1708.29ms | img/sec: 2397.71
step 95701 | loss: 2.301783 | lr 1.0724e-03 | norm: 0.5514 | dt: 1649.27ms | img/sec: 2483.52
step 95702 | loss: 2.344625 | lr 1.0706e-03 | norm: 0.5446 | dt: 1733.51ms | img/sec: 2362.83
step 95703 | loss: 2.322731 | lr 1.0688e-03 | norm: 0.5867 | dt: 1677.34ms | img/sec: 2441.97
step 95704 | loss: 2.372960 | lr 1.0670e-03 | norm: 0.5435 | dt: 1707.41ms | img/sec: 2398.95
step 95705 | loss: 2.283844 | lr 1.0652e-03 | norm: 0.5497 | dt: 1670.19ms | img/sec: 2452.42
step 95706 | loss: 2.324279 | lr 1.0634e-03 | norm: 0.5333 | dt: 1656.69ms | img/sec: 2472.40
step 95707 | loss: 2.394859 | lr 1.0616e-03 | norm: 0.5503 | dt: 1704.89ms | img/sec: 2402.51
step 95708 | loss: 2.348917 | lr 1.0598e-03 | norm: 0.5435 | dt: 1676.78ms | img/sec: 2442.78
step 95709 | loss: 2.258331 | lr 1.0580e-03 | norm: 0.5476 | dt: 1680.56ms | img/sec: 2437.29
step 95710 | loss: 2.299351 | lr 1.0562e-03 | norm: 0.5311 | dt: 1712.24ms | img/sec: 2392.19
step 95711 | loss: 2.291083 | lr 1.0544e-03 | norm: 0.5364 | dt: 1649.53ms | img/sec: 2483.13
step 95712 | loss: 2.291056 | lr 1.0526e-03 | norm: 0.5288 | dt: 1794.55ms | img/sec: 2282.46
step 95713 | loss: 2.305885 | lr 1.0508e-03 | norm: 0.5372 | dt: 1657.49ms | img/sec: 2471.20
step 95714 | loss: 2.293012 | lr 1.0490e-03 | norm: 0.5956 | dt: 1650.95ms | img/sec: 2481.00
step 95715 | loss: 2.238991 | lr 1.0472e-03 | norm: 0.5373 | dt: 1699.53ms | img/sec: 2410.08
step 95716 | loss: 2.326020 | lr 1.0454e-03 | norm: 0.5448 | dt: 1699.09ms | img/sec: 2410.71
step 95717 | loss: 2.254215 | lr 1.0436e-03 | norm: 0.5641 | dt: 1654.13ms | img/sec: 2476.22
step 95718 | loss: 2.252068 | lr 1.0418e-03 | norm: 0.5540 | dt: 1667.57ms | img/sec: 2456.27
step 95719 | loss: 2.260627 | lr 1.0400e-03 | norm: 0.5425 | dt: 1648.81ms | img/sec: 2484.21
step 95720 | loss: 2.302921 | lr 1.0382e-03 | norm: 0.6257 | dt: 1732.33ms | img/sec: 2364.44
step 95721 | loss: 2.228540 | lr 1.0364e-03 | norm: 0.5665 | dt: 1706.26ms | img/sec: 2400.57
step 95722 | loss: 2.406258 | lr 1.0346e-03 | norm: 0.5653 | dt: 1663.52ms | img/sec: 2462.24
step 95723 | loss: 2.333544 | lr 1.0328e-03 | norm: 0.5711 | dt: 1732.56ms | img/sec: 2364.13
step 95724 | loss: 2.261138 | lr 1.0310e-03 | norm: 0.5489 | dt: 1652.27ms | img/sec: 2479.02
step 95725 | loss: 2.309632 | lr 1.0292e-03 | norm: 0.5449 | dt: 1701.11ms | img/sec: 2407.84
step 95726 | loss: 2.266760 | lr 1.0274e-03 | norm: 0.5500 | dt: 1671.11ms | img/sec: 2451.07
step 95727 | loss: 2.275850 | lr 1.0257e-03 | norm: 0.5167 | dt: 1732.06ms | img/sec: 2364.81
step 95728 | loss: 2.288645 | lr 1.0239e-03 | norm: 0.5387 | dt: 1662.58ms | img/sec: 2463.65
step 95729 | loss: 2.266101 | lr 1.0221e-03 | norm: 0.5522 | dt: 1646.55ms | img/sec: 2487.62
step 95730 | loss: 2.324844 | lr 1.0203e-03 | norm: 0.5669 | dt: 1655.64ms | img/sec: 2473.97
step 95731 | loss: 2.322229 | lr 1.0185e-03 | norm: 0.5512 | dt: 1678.11ms | img/sec: 2440.85
step 95732 | loss: 2.310376 | lr 1.0167e-03 | norm: 0.5415 | dt: 1717.70ms | img/sec: 2384.59
step 95733 | loss: 2.230786 | lr 1.0149e-03 | norm: 0.5422 | dt: 1658.97ms | img/sec: 2469.00
step 95734 | loss: 2.346938 | lr 1.0131e-03 | norm: 0.5353 | dt: 1697.93ms | img/sec: 2412.35
step 95735 | loss: 2.177807 | lr 1.0114e-03 | norm: 0.5324 | dt: 1668.58ms | img/sec: 2454.78
step 95736 | loss: 2.297309 | lr 1.0096e-03 | norm: 0.5578 | dt: 1685.31ms | img/sec: 2430.41
step 95737 | loss: 2.260840 | lr 1.0078e-03 | norm: 0.5152 | dt: 1653.44ms | img/sec: 2477.26
step 95738 | loss: 2.323148 | lr 1.0060e-03 | norm: 0.5385 | dt: 1643.99ms | img/sec: 2491.50
step 95739 | loss: 2.307266 | lr 1.0042e-03 | norm: 0.5302 | dt: 1651.81ms | img/sec: 2479.70
step 95740 | loss: 2.274831 | lr 1.0024e-03 | norm: 0.5177 | dt: 1648.35ms | img/sec: 2484.91
step 95741 | loss: 2.322073 | lr 1.0007e-03 | norm: 0.5532 | dt: 1659.60ms | img/sec: 2468.07
step 95742 | loss: 2.264421 | lr 9.9889e-04 | norm: 0.5662 | dt: 1712.17ms | img/sec: 2392.28
step 95743 | loss: 2.267888 | lr 9.9711e-04 | norm: 0.5071 | dt: 1704.08ms | img/sec: 2403.64
step 95744 | loss: 2.309200 | lr 9.9533e-04 | norm: 0.5260 | dt: 1775.13ms | img/sec: 2307.44
step 95745 | loss: 2.193779 | lr 9.9356e-04 | norm: 0.5378 | dt: 1714.07ms | img/sec: 2389.63
step 95746 | loss: 2.297674 | lr 9.9178e-04 | norm: 0.5267 | dt: 1652.07ms | img/sec: 2479.31
step 95747 | loss: 2.250721 | lr 9.9001e-04 | norm: 0.5515 | dt: 1684.08ms | img/sec: 2432.19
step 95748 | loss: 2.295491 | lr 9.8823e-04 | norm: 0.5257 | dt: 1687.49ms | img/sec: 2427.28
step 95749 | loss: 2.284347 | lr 9.8646e-04 | norm: 0.5758 | dt: 1656.92ms | img/sec: 2472.06
step 95750 | loss: 2.197403 | lr 9.8469e-04 | norm: 0.5429 | dt: 1730.77ms | img/sec: 2366.58
step 95751 | loss: 2.360316 | lr 9.8291e-04 | norm: 0.5140 | dt: 1649.73ms | img/sec: 2482.83
step 95752 | loss: 2.322723 | lr 9.8114e-04 | norm: 0.6149 | dt: 1725.24ms | img/sec: 2374.16
step 95753 | loss: 2.233151 | lr 9.7937e-04 | norm: 0.5294 | dt: 1685.93ms | img/sec: 2429.53
step 95754 | loss: 2.276349 | lr 9.7760e-04 | norm: 0.5366 | dt: 1752.98ms | img/sec: 2336.60
step 95755 | loss: 2.360682 | lr 9.7584e-04 | norm: 0.5654 | dt: 1655.75ms | img/sec: 2473.80
step 95756 | loss: 2.316801 | lr 9.7407e-04 | norm: 0.5343 | dt: 1705.32ms | img/sec: 2401.89
step 95757 | loss: 2.245205 | lr 9.7230e-04 | norm: 0.5344 | dt: 1683.68ms | img/sec: 2432.77
step 95758 | loss: 2.290619 | lr 9.7054e-04 | norm: 0.5339 | dt: 1678.68ms | img/sec: 2440.01
step 95759 | loss: 2.241705 | lr 9.6877e-04 | norm: 0.5642 | dt: 1675.74ms | img/sec: 2444.29
step 95760 | loss: 2.310159 | lr 9.6701e-04 | norm: 0.5642 | dt: 1650.24ms | img/sec: 2482.06
step 95761 | loss: 2.219736 | lr 9.6524e-04 | norm: 0.5424 | dt: 1695.42ms | img/sec: 2415.93
step 95762 | loss: 2.223639 | lr 9.6348e-04 | norm: 0.5470 | dt: 1657.07ms | img/sec: 2471.84
step 95763 | loss: 2.291716 | lr 9.6172e-04 | norm: 0.5381 | dt: 1697.90ms | img/sec: 2412.39
step 95764 | loss: 2.222169 | lr 9.5996e-04 | norm: 0.4984 | dt: 1698.31ms | img/sec: 2411.81
step 95765 | loss: 2.250774 | lr 9.5820e-04 | norm: 0.5526 | dt: 1651.69ms | img/sec: 2479.89
step 95766 | loss: 2.375378 | lr 9.5644e-04 | norm: 0.5581 | dt: 1707.69ms | img/sec: 2398.56
step 95767 | loss: 2.286388 | lr 9.5468e-04 | norm: 0.5498 | dt: 1700.41ms | img/sec: 2408.84
step 95768 | loss: 2.266469 | lr 9.5292e-04 | norm: 0.5194 | dt: 1654.25ms | img/sec: 2476.04
step 95769 | loss: 2.254166 | lr 9.5117e-04 | norm: 0.5456 | dt: 1679.00ms | img/sec: 2439.54
step 95770 | loss: 2.227574 | lr 9.4941e-04 | norm: 0.5028 | dt: 1649.64ms | img/sec: 2482.97
step 95771 | loss: 2.268981 | lr 9.4766e-04 | norm: 0.5668 | dt: 1681.62ms | img/sec: 2435.74
step 95772 | loss: 2.223420 | lr 9.4590e-04 | norm: 0.5246 | dt: 1690.44ms | img/sec: 2423.04
step 95773 | loss: 2.275660 | lr 9.4415e-04 | norm: 0.5298 | dt: 1660.00ms | img/sec: 2467.46
step 95774 | loss: 2.290026 | lr 9.4240e-04 | norm: 0.5568 | dt: 1694.79ms | img/sec: 2416.82
step 95775 | loss: 2.206892 | lr 9.4064e-04 | norm: 0.5610 | dt: 1710.58ms | img/sec: 2394.50
step 95776 | loss: 2.319842 | lr 9.3889e-04 | norm: 0.5519 | dt: 1719.06ms | img/sec: 2382.69
step 95777 | loss: 2.201588 | lr 9.3714e-04 | norm: 0.5101 | dt: 1655.51ms | img/sec: 2474.15
step 95778 | loss: 2.295028 | lr 9.3540e-04 | norm: 0.5540 | dt: 1688.94ms | img/sec: 2425.20
step 95779 | loss: 2.280642 | lr 9.3365e-04 | norm: 0.5365 | dt: 1656.20ms | img/sec: 2473.14
step 95780 | loss: 2.210751 | lr 9.3190e-04 | norm: 0.5299 | dt: 1654.50ms | img/sec: 2475.68
step 95781 | loss: 2.224539 | lr 9.3016e-04 | norm: 0.5719 | dt: 1689.82ms | img/sec: 2423.92
step 95782 | loss: 2.424441 | lr 9.2841e-04 | norm: 0.5569 | dt: 1696.53ms | img/sec: 2414.34
step 95783 | loss: 2.289350 | lr 9.2667e-04 | norm: 0.5807 | dt: 1719.41ms | img/sec: 2382.21
step 95784 | loss: 2.417999 | lr 9.2492e-04 | norm: 0.5231 | dt: 1649.17ms | img/sec: 2483.67
step 95785 | loss: 2.136514 | lr 9.2318e-04 | norm: 0.5214 | dt: 1704.27ms | img/sec: 2403.38
step 95786 | loss: 2.262279 | lr 9.2144e-04 | norm: 0.5325 | dt: 1730.40ms | img/sec: 2367.08
step 95787 | loss: 2.221485 | lr 9.1970e-04 | norm: 0.5289 | dt: 1704.78ms | img/sec: 2402.65
step 95788 | loss: 2.293552 | lr 9.1796e-04 | norm: 0.5690 | dt: 1656.52ms | img/sec: 2472.65
step 95789 | loss: 2.198659 | lr 9.1622e-04 | norm: 0.5610 | dt: 1654.35ms | img/sec: 2475.89
step 95790 | loss: 2.239619 | lr 9.1448e-04 | norm: 0.5804 | dt: 1664.42ms | img/sec: 2460.92
step 95791 | loss: 2.239407 | lr 9.1275e-04 | norm: 0.5477 | dt: 1657.64ms | img/sec: 2470.98
step 95792 | loss: 2.301884 | lr 9.1101e-04 | norm: 0.5421 | dt: 1721.30ms | img/sec: 2379.60
step 95793 | loss: 2.214952 | lr 9.0928e-04 | norm: 0.6264 | dt: 1658.10ms | img/sec: 2470.30
step 95794 | loss: 2.325009 | lr 9.0754e-04 | norm: 0.5435 | dt: 1654.89ms | img/sec: 2475.09
step 95795 | loss: 2.269946 | lr 9.0581e-04 | norm: 0.5625 | dt: 1650.41ms | img/sec: 2481.81
step 95796 | loss: 2.178163 | lr 9.0408e-04 | norm: 0.5910 | dt: 1651.34ms | img/sec: 2480.40
step 95797 | loss: 2.267009 | lr 9.0235e-04 | norm: 0.5394 | dt: 1655.25ms | img/sec: 2474.56
step 95798 | loss: 2.251596 | lr 9.0061e-04 | norm: 0.5718 | dt: 1659.79ms | img/sec: 2467.78
step 95799 | loss: 2.260123 | lr 8.9889e-04 | norm: 0.6063 | dt: 1655.70ms | img/sec: 2473.88
step 95800 | loss: 2.263019 | lr 8.9716e-04 | norm: 0.5233 | dt: 1656.68ms | img/sec: 2472.42
step 95801 | loss: 2.062733 | lr 8.9543e-04 | norm: 0.4964 | dt: 1699.95ms | img/sec: 2409.48
step 95802 | loss: 2.201718 | lr 8.9370e-04 | norm: 0.5541 | dt: 1650.87ms | img/sec: 2481.11
step 95803 | loss: 2.193904 | lr 8.9198e-04 | norm: 0.5615 | dt: 1651.54ms | img/sec: 2480.11
step 95804 | loss: 2.278871 | lr 8.9025e-04 | norm: 0.5382 | dt: 1730.10ms | img/sec: 2367.50
step 95805 | loss: 2.305769 | lr 8.8853e-04 | norm: 0.5633 | dt: 1672.99ms | img/sec: 2448.31
step 95806 | loss: 2.189464 | lr 8.8681e-04 | norm: 0.5216 | dt: 1671.23ms | img/sec: 2450.89
step 95807 | loss: 2.259926 | lr 8.8509e-04 | norm: 0.5408 | dt: 1696.65ms | img/sec: 2414.17
step 95808 | loss: 2.203219 | lr 8.8337e-04 | norm: 0.5354 | dt: 1706.13ms | img/sec: 2400.76
step 95809 | loss: 2.201916 | lr 8.8165e-04 | norm: 0.5207 | dt: 1647.01ms | img/sec: 2486.93
step 95810 | loss: 2.138506 | lr 8.7993e-04 | norm: 0.5087 | dt: 1721.11ms | img/sec: 2379.86
step 95811 | loss: 2.247812 | lr 8.7821e-04 | norm: 0.5140 | dt: 1659.57ms | img/sec: 2468.10
step 95812 | loss: 2.260784 | lr 8.7649e-04 | norm: 0.5168 | dt: 1656.84ms | img/sec: 2472.18
step 95813 | loss: 2.289254 | lr 8.7478e-04 | norm: 0.5263 | dt: 1708.16ms | img/sec: 2397.91
step 95814 | loss: 2.176341 | lr 8.7306e-04 | norm: 0.5585 | dt: 1703.81ms | img/sec: 2404.03
step 95815 | loss: 2.180095 | lr 8.7135e-04 | norm: 0.5354 | dt: 1701.92ms | img/sec: 2406.69
step 95816 | loss: 2.178761 | lr 8.6964e-04 | norm: 0.5321 | dt: 1672.35ms | img/sec: 2449.25
step 95817 | loss: 2.155312 | lr 8.6792e-04 | norm: 0.5213 | dt: 1714.75ms | img/sec: 2388.69
step 95818 | loss: 2.232476 | lr 8.6621e-04 | norm: 0.5604 | dt: 1716.02ms | img/sec: 2386.92
step 95819 | loss: 2.285398 | lr 8.6450e-04 | norm: 0.5346 | dt: 1652.23ms | img/sec: 2479.07
step 95820 | loss: 2.239565 | lr 8.6280e-04 | norm: 0.5241 | dt: 1652.72ms | img/sec: 2478.34
step 95821 | loss: 2.201877 | lr 8.6109e-04 | norm: 0.5584 | dt: 1657.83ms | img/sec: 2470.69
step 95822 | loss: 2.230333 | lr 8.5938e-04 | norm: 0.5166 | dt: 1688.36ms | img/sec: 2426.02
step 95823 | loss: 2.306622 | lr 8.5768e-04 | norm: 0.5250 | dt: 1651.35ms | img/sec: 2480.40
step 95824 | loss: 2.299251 | lr 8.5597e-04 | norm: 0.5214 | dt: 1655.00ms | img/sec: 2474.93
step 95825 | loss: 2.227366 | lr 8.5427e-04 | norm: 0.5488 | dt: 1700.16ms | img/sec: 2409.19
step 95826 | loss: 2.160582 | lr 8.5256e-04 | norm: 0.5370 | dt: 1659.11ms | img/sec: 2468.79
step 95827 | loss: 2.213132 | lr 8.5086e-04 | norm: 0.5238 | dt: 1652.48ms | img/sec: 2478.70
step 95828 | loss: 2.316265 | lr 8.4916e-04 | norm: 0.5407 | dt: 1661.25ms | img/sec: 2465.61
step 95829 | loss: 2.140623 | lr 8.4746e-04 | norm: 0.5383 | dt: 1672.08ms | img/sec: 2449.64
step 95830 | loss: 2.122616 | lr 8.4576e-04 | norm: 0.5306 | dt: 1659.06ms | img/sec: 2468.87
step 95831 | loss: 2.358771 | lr 8.4407e-04 | norm: 0.5324 | dt: 1768.59ms | img/sec: 2315.97
step 95832 | loss: 2.300514 | lr 8.4237e-04 | norm: 0.5438 | dt: 1658.58ms | img/sec: 2469.58
step 95833 | loss: 2.320128 | lr 8.4068e-04 | norm: 0.5558 | dt: 1659.90ms | img/sec: 2467.61
step 95834 | loss: 2.196522 | lr 8.3898e-04 | norm: 0.5162 | dt: 1703.93ms | img/sec: 2403.85
step 95835 | loss: 2.198650 | lr 8.3729e-04 | norm: 0.5424 | dt: 1692.94ms | img/sec: 2419.46
step 95836 | loss: 2.176537 | lr 8.3560e-04 | norm: 0.5151 | dt: 1696.42ms | img/sec: 2414.50
step 95837 | loss: 2.145612 | lr 8.3390e-04 | norm: 0.5143 | dt: 1668.87ms | img/sec: 2454.35
step 95838 | loss: 2.232966 | lr 8.3221e-04 | norm: 0.5138 | dt: 1783.11ms | img/sec: 2297.11
step 95839 | loss: 2.259991 | lr 8.3053e-04 | norm: 0.5209 | dt: 1660.84ms | img/sec: 2466.22
step 95840 | loss: 2.161897 | lr 8.2884e-04 | norm: 0.5126 | dt: 1709.62ms | img/sec: 2395.85
step 95841 | loss: 2.142401 | lr 8.2715e-04 | norm: 0.5307 | dt: 1669.49ms | img/sec: 2453.44
step 95842 | loss: 2.274545 | lr 8.2547e-04 | norm: 0.5249 | dt: 1693.68ms | img/sec: 2418.40
step 95843 | loss: 2.092477 | lr 8.2378e-04 | norm: 0.5184 | dt: 1651.09ms | img/sec: 2480.78
step 95844 | loss: 2.210167 | lr 8.2210e-04 | norm: 0.5108 | dt: 1691.07ms | img/sec: 2422.13
step 95845 | loss: 2.244486 | lr 8.2041e-04 | norm: 0.5339 | dt: 1656.65ms | img/sec: 2472.46
step 95846 | loss: 2.188597 | lr 8.1873e-04 | norm: 0.5286 | dt: 1658.24ms | img/sec: 2470.09
step 95847 | loss: 2.300632 | lr 8.1705e-04 | norm: 0.5087 | dt: 1653.62ms | img/sec: 2477.00
step 95848 | loss: 2.239043 | lr 8.1537e-04 | norm: 0.5497 | dt: 1647.98ms | img/sec: 2485.47
step 95849 | loss: 2.250838 | lr 8.1369e-04 | norm: 0.5391 | dt: 1673.56ms | img/sec: 2447.47
step 95850 | loss: 2.247236 | lr 8.1202e-04 | norm: 0.5320 | dt: 1702.62ms | img/sec: 2405.71
step 95851 | loss: 2.267468 | lr 8.1034e-04 | norm: 0.5313 | dt: 1708.36ms | img/sec: 2397.62
step 95852 | loss: 2.248968 | lr 8.0867e-04 | norm: 0.5139 | dt: 1711.51ms | img/sec: 2393.20
step 95853 | loss: 2.315815 | lr 8.0699e-04 | norm: 0.5286 | dt: 1662.70ms | img/sec: 2463.46
step 95854 | loss: 2.277318 | lr 8.0532e-04 | norm: 0.5389 | dt: 1718.33ms | img/sec: 2383.71
step 95855 | loss: 2.168480 | lr 8.0365e-04 | norm: 0.5314 | dt: 1655.77ms | img/sec: 2473.78
step 95856 | loss: 2.223534 | lr 8.0198e-04 | norm: 0.5261 | dt: 1765.11ms | img/sec: 2320.53
step 95857 | loss: 2.208803 | lr 8.0031e-04 | norm: 0.5275 | dt: 1650.91ms | img/sec: 2481.05
step 95858 | loss: 2.262711 | lr 7.9864e-04 | norm: 0.5352 | dt: 1754.57ms | img/sec: 2334.47
step 95859 | loss: 2.249850 | lr 7.9697e-04 | norm: 0.5451 | dt: 1716.67ms | img/sec: 2386.02
step 95860 | loss: 2.298815 | lr 7.9531e-04 | norm: 0.5301 | dt: 1656.03ms | img/sec: 2473.39
step 95861 | loss: 2.175982 | lr 7.9364e-04 | norm: 0.5290 | dt: 1722.17ms | img/sec: 2378.39
step 95862 | loss: 2.182370 | lr 7.9198e-04 | norm: 0.5323 | dt: 1715.91ms | img/sec: 2387.07
step 95863 | loss: 2.266034 | lr 7.9031e-04 | norm: 0.5385 | dt: 1695.05ms | img/sec: 2416.44
step 95864 | loss: 2.225073 | lr 7.8865e-04 | norm: 0.5159 | dt: 1647.97ms | img/sec: 2485.48
step 95865 | loss: 2.241970 | lr 7.8699e-04 | norm: 0.5229 | dt: 1769.55ms | img/sec: 2314.71
step 95866 | loss: 2.189908 | lr 7.8533e-04 | norm: 0.5300 | dt: 1655.38ms | img/sec: 2474.35
step 95867 | loss: 2.251301 | lr 7.8367e-04 | norm: 0.5447 | dt: 1655.13ms | img/sec: 2474.72
step 95868 | loss: 2.238359 | lr 7.8202e-04 | norm: 0.5813 | dt: 1659.73ms | img/sec: 2467.87
step 95869 | loss: 2.227851 | lr 7.8036e-04 | norm: 0.5278 | dt: 1662.14ms | img/sec: 2464.29
step 95870 | loss: 2.166168 | lr 7.7871e-04 | norm: 0.5335 | dt: 1703.26ms | img/sec: 2404.80
step 95871 | loss: 2.196119 | lr 7.7705e-04 | norm: 0.5376 | dt: 1700.14ms | img/sec: 2409.21
step 95872 | loss: 2.173331 | lr 7.7540e-04 | norm: 0.5160 | dt: 1655.14ms | img/sec: 2474.71
step 95873 | loss: 2.111126 | lr 7.7375e-04 | norm: 0.5122 | dt: 1660.94ms | img/sec: 2466.07
step 95874 | loss: 2.177347 | lr 7.7210e-04 | norm: 0.5176 | dt: 1726.08ms | img/sec: 2373.00
step 95875 | loss: 2.111010 | lr 7.7045e-04 | norm: 0.4944 | dt: 1713.40ms | img/sec: 2390.56
step 95876 | loss: 2.223049 | lr 7.6880e-04 | norm: 0.5505 | dt: 1711.90ms | img/sec: 2392.67
step 95877 | loss: 2.194520 | lr 7.6715e-04 | norm: 0.5348 | dt: 1655.81ms | img/sec: 2473.71
step 95878 | loss: 2.177533 | lr 7.6551e-04 | norm: 0.5650 | dt: 1715.95ms | img/sec: 2387.02
step 95879 | loss: 2.123424 | lr 7.6386e-04 | norm: 0.5154 | dt: 1659.02ms | img/sec: 2468.92
step 95880 | loss: 2.071533 | lr 7.6222e-04 | norm: 0.5248 | dt: 1660.24ms | img/sec: 2467.12
step 95881 | loss: 2.116558 | lr 7.6058e-04 | norm: 0.5294 | dt: 1646.87ms | img/sec: 2487.14
step 95882 | loss: 2.152822 | lr 7.5894e-04 | norm: 0.5283 | dt: 1700.84ms | img/sec: 2408.23
step 95883 | loss: 2.170088 | lr 7.5730e-04 | norm: 0.5372 | dt: 1651.20ms | img/sec: 2480.62
step 95884 | loss: 2.223860 | lr 7.5566e-04 | norm: 0.5254 | dt: 1653.27ms | img/sec: 2477.51
step 95885 | loss: 2.266532 | lr 7.5402e-04 | norm: 0.5254 | dt: 1677.89ms | img/sec: 2441.17
step 95886 | loss: 2.103680 | lr 7.5239e-04 | norm: 0.5243 | dt: 1757.42ms | img/sec: 2330.69
step 95887 | loss: 2.115767 | lr 7.5075e-04 | norm: 0.5472 | dt: 1658.30ms | img/sec: 2470.00
step 95888 | loss: 2.135913 | lr 7.4912e-04 | norm: 0.5506 | dt: 1665.60ms | img/sec: 2459.18
step 95889 | loss: 2.199760 | lr 7.4748e-04 | norm: 0.5867 | dt: 1662.04ms | img/sec: 2464.45
step 95890 | loss: 2.144798 | lr 7.4585e-04 | norm: 0.5735 | dt: 1706.39ms | img/sec: 2400.38
step 95891 | loss: 2.268967 | lr 7.4422e-04 | norm: 0.5596 | dt: 1685.68ms | img/sec: 2429.88
step 95892 | loss: 2.131738 | lr 7.4259e-04 | norm: 0.5282 | dt: 1719.69ms | img/sec: 2381.82
step 95893 | loss: 2.218832 | lr 7.4096e-04 | norm: 0.5787 | dt: 1666.53ms | img/sec: 2457.79
step 95894 | loss: 2.145948 | lr 7.3934e-04 | norm: 0.5480 | dt: 1657.54ms | img/sec: 2471.13
step 95895 | loss: 2.228883 | lr 7.3771e-04 | norm: 0.5287 | dt: 1644.31ms | img/sec: 2491.02
step 95896 | loss: 2.197283 | lr 7.3609e-04 | norm: 0.5085 | dt: 1726.81ms | img/sec: 2372.00
step 95897 | loss: 2.164074 | lr 7.3446e-04 | norm: 0.5472 | dt: 1726.25ms | img/sec: 2372.77
step 95898 | loss: 2.143241 | lr 7.3284e-04 | norm: 0.5315 | dt: 1698.81ms | img/sec: 2411.10
step 95899 | loss: 2.264200 | lr 7.3122e-04 | norm: 0.5669 | dt: 1746.80ms | img/sec: 2344.86
step 95900 | loss: 2.205169 | lr 7.2960e-04 | norm: 0.5246 | dt: 1662.64ms | img/sec: 2463.55
step 95901 | loss: 2.218857 | lr 7.2798e-04 | norm: 0.5595 | dt: 1744.08ms | img/sec: 2348.52
step 95902 | loss: 2.168115 | lr 7.2637e-04 | norm: 0.5384 | dt: 1666.73ms | img/sec: 2457.51
step 95903 | loss: 2.218707 | lr 7.2475e-04 | norm: 0.5305 | dt: 1657.21ms | img/sec: 2471.62
step 95904 | loss: 2.206311 | lr 7.2314e-04 | norm: 0.5326 | dt: 1657.38ms | img/sec: 2471.37
step 95905 | loss: 2.158688 | lr 7.2152e-04 | norm: 0.5322 | dt: 1650.09ms | img/sec: 2482.28
step 95906 | loss: 2.250937 | lr 7.1991e-04 | norm: 0.5296 | dt: 1654.32ms | img/sec: 2475.95
step 95907 | loss: 2.250694 | lr 7.1830e-04 | norm: 0.5641 | dt: 1662.07ms | img/sec: 2464.40
step 95908 | loss: 2.164469 | lr 7.1669e-04 | norm: 0.5408 | dt: 1677.68ms | img/sec: 2441.46
step 95909 | loss: 2.314203 | lr 7.1508e-04 | norm: 0.5613 | dt: 1705.75ms | img/sec: 2401.29
step 95910 | loss: 2.199711 | lr 7.1348e-04 | norm: 0.5215 | dt: 1680.50ms | img/sec: 2437.37
step 95911 | loss: 2.226087 | lr 7.1187e-04 | norm: 0.5210 | dt: 1656.20ms | img/sec: 2473.12
step 95912 | loss: 2.147759 | lr 7.1027e-04 | norm: 0.5156 | dt: 1690.54ms | img/sec: 2422.89
step 95913 | loss: 2.086338 | lr 7.0866e-04 | norm: 0.5130 | dt: 1648.75ms | img/sec: 2484.31
step 95914 | loss: 2.279280 | lr 7.0706e-04 | norm: 0.5609 | dt: 1672.12ms | img/sec: 2449.59
step 95915 | loss: 2.290481 | lr 7.0546e-04 | norm: 0.5324 | dt: 1670.70ms | img/sec: 2451.67
step 95916 | loss: 2.125762 | lr 7.0386e-04 | norm: 0.4862 | dt: 1700.67ms | img/sec: 2408.46
step 95917 | loss: 2.168839 | lr 7.0226e-04 | norm: 0.5219 | dt: 1653.12ms | img/sec: 2477.74
step 95918 | loss: 2.213258 | lr 7.0066e-04 | norm: 0.5385 | dt: 1655.99ms | img/sec: 2473.45
step 95919 | loss: 2.188679 | lr 6.9907e-04 | norm: 0.5620 | dt: 1658.63ms | img/sec: 2469.51
step 95920 | loss: 2.166273 | lr 6.9747e-04 | norm: 0.5434 | dt: 1654.55ms | img/sec: 2475.60
step 95921 | loss: 2.106519 | lr 6.9588e-04 | norm: 0.5539 | dt: 1663.43ms | img/sec: 2462.39
step 95922 | loss: 2.161741 | lr 6.9429e-04 | norm: 0.5377 | dt: 1651.42ms | img/sec: 2480.28
step 95923 | loss: 2.184484 | lr 6.9270e-04 | norm: 0.5519 | dt: 1661.64ms | img/sec: 2465.03
step 95924 | loss: 2.147980 | lr 6.9111e-04 | norm: 0.5406 | dt: 1657.82ms | img/sec: 2470.72
step 95925 | loss: 2.180205 | lr 6.8952e-04 | norm: 0.5577 | dt: 1682.56ms | img/sec: 2434.38
step 95926 | loss: 2.192648 | lr 6.8793e-04 | norm: 0.5281 | dt: 1658.91ms | img/sec: 2469.09
step 95927 | loss: 2.151620 | lr 6.8635e-04 | norm: 0.5475 | dt: 1701.43ms | img/sec: 2407.38
step 95928 | loss: 2.227744 | lr 6.8476e-04 | norm: 0.5384 | dt: 1661.04ms | img/sec: 2465.92
step 95929 | loss: 2.204760 | lr 6.8318e-04 | norm: 0.5345 | dt: 1646.76ms | img/sec: 2487.31
step 95930 | loss: 2.168497 | lr 6.8160e-04 | norm: 0.5496 | dt: 1650.15ms | img/sec: 2482.20
step 95931 | loss: 2.259858 | lr 6.8002e-04 | norm: 0.5689 | dt: 1684.58ms | img/sec: 2431.47
step 95932 | loss: 2.148975 | lr 6.7844e-04 | norm: 0.5496 | dt: 1680.38ms | img/sec: 2437.55
step 95933 | loss: 2.134051 | lr 6.7686e-04 | norm: 0.5257 | dt: 1706.45ms | img/sec: 2400.30
step 95934 | loss: 2.183014 | lr 6.7529e-04 | norm: 0.5656 | dt: 1694.67ms | img/sec: 2416.99
step 95935 | loss: 2.075435 | lr 6.7371e-04 | norm: 0.5904 | dt: 1651.40ms | img/sec: 2480.31
step 95936 | loss: 2.211056 | lr 6.7214e-04 | norm: 0.5260 | dt: 1727.22ms | img/sec: 2371.44
step 95937 | loss: 2.182880 | lr 6.7056e-04 | norm: 0.5495 | dt: 1688.68ms | img/sec: 2425.56
step 95938 | loss: 2.140661 | lr 6.6899e-04 | norm: 0.5501 | dt: 1707.85ms | img/sec: 2398.34
step 95939 | loss: 2.152449 | lr 6.6742e-04 | norm: 0.5339 | dt: 1660.25ms | img/sec: 2467.09
step 95940 | loss: 2.230525 | lr 6.6585e-04 | norm: 0.5507 | dt: 1652.49ms | img/sec: 2478.68
step 95941 | loss: 2.167550 | lr 6.6429e-04 | norm: 0.5464 | dt: 1758.28ms | img/sec: 2329.54
step 95942 | loss: 2.125278 | lr 6.6272e-04 | norm: 0.5367 | dt: 1653.61ms | img/sec: 2477.01
step 95943 | loss: 2.150957 | lr 6.6116e-04 | norm: 0.5473 | dt: 1647.90ms | img/sec: 2485.59
step 95944 | loss: 2.146693 | lr 6.5959e-04 | norm: 0.5359 | dt: 1657.79ms | img/sec: 2470.76
step 95945 | loss: 2.171859 | lr 6.5803e-04 | norm: 0.5334 | dt: 1688.56ms | img/sec: 2425.74
step 95946 | loss: 2.210476 | lr 6.5647e-04 | norm: 0.5448 | dt: 1659.99ms | img/sec: 2467.49
step 95947 | loss: 1.989715 | lr 6.5491e-04 | norm: 0.5399 | dt: 1648.47ms | img/sec: 2484.72
step 95948 | loss: 2.048143 | lr 6.5335e-04 | norm: 0.5363 | dt: 1657.71ms | img/sec: 2470.88
step 95949 | loss: 2.104923 | lr 6.5180e-04 | norm: 0.5282 | dt: 1715.49ms | img/sec: 2387.66
step 95950 | loss: 2.166042 | lr 6.5024e-04 | norm: 0.5454 | dt: 1685.38ms | img/sec: 2430.31
step 95951 | loss: 2.172347 | lr 6.4869e-04 | norm: 0.5390 | dt: 1707.00ms | img/sec: 2399.53
step 95952 | loss: 2.211029 | lr 6.4713e-04 | norm: 0.5283 | dt: 1681.92ms | img/sec: 2435.32
step 95953 | loss: 2.161277 | lr 6.4558e-04 | norm: 0.5641 | dt: 1657.77ms | img/sec: 2470.79
step 95954 | loss: 2.127621 | lr 6.4403e-04 | norm: 0.5454 | dt: 1732.92ms | img/sec: 2363.63
step 95955 | loss: 2.143021 | lr 6.4248e-04 | norm: 0.5217 | dt: 1654.68ms | img/sec: 2475.40
step 95956 | loss: 2.168963 | lr 6.4094e-04 | norm: 0.5340 | dt: 1734.89ms | img/sec: 2360.96
step 95957 | loss: 2.163636 | lr 6.3939e-04 | norm: 0.5345 | dt: 1648.89ms | img/sec: 2484.10
step 95958 | loss: 2.163048 | lr 6.3785e-04 | norm: 0.5234 | dt: 1715.05ms | img/sec: 2388.27
step 95959 | loss: 2.103688 | lr 6.3630e-04 | norm: 0.5187 | dt: 1664.04ms | img/sec: 2461.48
step 95960 | loss: 2.220948 | lr 6.3476e-04 | norm: 0.5249 | dt: 1693.82ms | img/sec: 2418.20
step 95961 | loss: 2.199772 | lr 6.3322e-04 | norm: 0.5416 | dt: 1697.30ms | img/sec: 2413.24
step 95962 | loss: 2.130504 | lr 6.3168e-04 | norm: 0.5051 | dt: 1661.42ms | img/sec: 2465.36
step 95963 | loss: 2.136078 | lr 6.3015e-04 | norm: 0.5017 | dt: 1650.77ms | img/sec: 2481.27
step 95964 | loss: 2.135711 | lr 6.2861e-04 | norm: 0.5280 | dt: 1651.08ms | img/sec: 2480.80
step 95965 | loss: 2.189555 | lr 6.2707e-04 | norm: 0.5470 | dt: 1653.46ms | img/sec: 2477.24
step 95966 | loss: 2.103563 | lr 6.2554e-04 | norm: 0.5334 | dt: 1738.64ms | img/sec: 2355.87
step 95967 | loss: 2.124632 | lr 6.2401e-04 | norm: 0.5427 | dt: 1662.77ms | img/sec: 2463.36
step 95968 | loss: 2.128512 | lr 6.2248e-04 | norm: 0.5236 | dt: 1651.05ms | img/sec: 2480.85
step 95969 | loss: 2.205137 | lr 6.2095e-04 | norm: 0.5401 | dt: 1671.01ms | img/sec: 2451.22
step 95970 | loss: 2.149645 | lr 6.1942e-04 | norm: 0.5300 | dt: 1654.03ms | img/sec: 2476.38
step 95971 | loss: 2.156658 | lr 6.1789e-04 | norm: 0.5361 | dt: 1644.50ms | img/sec: 2490.73
step 95972 | loss: 2.086349 | lr 6.1637e-04 | norm: 0.5222 | dt: 1661.22ms | img/sec: 2465.66
step 95973 | loss: 2.088694 | lr 6.1485e-04 | norm: 0.4977 | dt: 1699.62ms | img/sec: 2409.95
step 95974 | loss: 2.101993 | lr 6.1332e-04 | norm: 0.5332 | dt: 1679.60ms | img/sec: 2438.68
step 95975 | loss: 2.156927 | lr 6.1180e-04 | norm: 0.5002 | dt: 1694.40ms | img/sec: 2417.38
step 95976 | loss: 2.151925 | lr 6.1028e-04 | norm: 0.5594 | dt: 1658.35ms | img/sec: 2469.93
step 95977 | loss: 2.112658 | lr 6.0877e-04 | norm: 0.5285 | dt: 1651.79ms | img/sec: 2479.73
step 95978 | loss: 2.169775 | lr 6.0725e-04 | norm: 0.5188 | dt: 1644.43ms | img/sec: 2490.83
step 95979 | loss: 2.161816 | lr 6.0573e-04 | norm: 0.5464 | dt: 1657.99ms | img/sec: 2470.46
step 95980 | loss: 2.243276 | lr 6.0422e-04 | norm: 0.5927 | dt: 1682.92ms | img/sec: 2433.86
step 95981 | loss: 2.121801 | lr 6.0271e-04 | norm: 0.5185 | dt: 1705.69ms | img/sec: 2401.38
step 95982 | loss: 2.116028 | lr 6.0120e-04 | norm: 0.5197 | dt: 1666.12ms | img/sec: 2458.41
step 95983 | loss: 2.167289 | lr 5.9969e-04 | norm: 0.5332 | dt: 1764.24ms | img/sec: 2321.68
step 95984 | loss: 2.134190 | lr 5.9818e-04 | norm: 0.5794 | dt: 1651.60ms | img/sec: 2480.02
step 95985 | loss: 2.114928 | lr 5.9667e-04 | norm: 0.5621 | dt: 1738.75ms | img/sec: 2355.72
step 95986 | loss: 2.200634 | lr 5.9517e-04 | norm: 0.5365 | dt: 1735.89ms | img/sec: 2359.59
step 95987 | loss: 2.239016 | lr 5.9366e-04 | norm: 0.5396 | dt: 1698.11ms | img/sec: 2412.09
step 95988 | loss: 2.167345 | lr 5.9216e-04 | norm: 0.5679 | dt: 1664.47ms | img/sec: 2460.85
step 95989 | loss: 2.080029 | lr 5.9066e-04 | norm: 0.5426 | dt: 1670.61ms | img/sec: 2451.80
step 95990 | loss: 2.082587 | lr 5.8916e-04 | norm: 0.5065 | dt: 1716.60ms | img/sec: 2386.11
step 95991 | loss: 2.122552 | lr 5.8766e-04 | norm: 0.5362 | dt: 1653.11ms | img/sec: 2477.75
step 95992 | loss: 2.074591 | lr 5.8617e-04 | norm: 0.5252 | dt: 1690.70ms | img/sec: 2422.67
step 95993 | loss: 2.186693 | lr 5.8467e-04 | norm: 0.5254 | dt: 1651.84ms | img/sec: 2479.66
step 95994 | loss: 2.036314 | lr 5.8318e-04 | norm: 0.5146 | dt: 1661.81ms | img/sec: 2464.79
step 95995 | loss: 2.095055 | lr 5.8168e-04 | norm: 0.5151 | dt: 1678.01ms | img/sec: 2440.99
step 95996 | loss: 2.089416 | lr 5.8019e-04 | norm: 0.5286 | dt: 1650.72ms | img/sec: 2481.34
step 95997 | loss: 2.089963 | lr 5.7870e-04 | norm: 0.5571 | dt: 1658.16ms | img/sec: 2470.20
step 95998 | loss: 2.103076 | lr 5.7722e-04 | norm: 0.5235 | dt: 1697.34ms | img/sec: 2413.19
step 95999 | loss: 2.170032 | lr 5.7573e-04 | norm: 0.5511 | dt: 1670.11ms | img/sec: 2452.53
step 96000 | val_loss 1.8914 | val_acc 55.71%
step 96000 | loss: 2.153266 | lr 5.7425e-04 | norm: 0.5316 | dt: 7266.41ms | img/sec: 563.69
step 96001 | loss: 2.080218 | lr 5.7276e-04 | norm: 0.5114 | dt: 1857.59ms | img/sec: 2205.00
step 96002 | loss: 2.167303 | lr 5.7128e-04 | norm: 0.5227 | dt: 1728.20ms | img/sec: 2370.09
step 96003 | loss: 2.113662 | lr 5.6980e-04 | norm: 0.5629 | dt: 1649.37ms | img/sec: 2483.37
step 96004 | loss: 2.172710 | lr 5.6832e-04 | norm: 0.5566 | dt: 1665.93ms | img/sec: 2458.69
step 96005 | loss: 2.130146 | lr 5.6684e-04 | norm: 0.5445 | dt: 1652.56ms | img/sec: 2478.58
step 96006 | loss: 2.120979 | lr 5.6537e-04 | norm: 0.5505 | dt: 1698.79ms | img/sec: 2411.13
step 96007 | loss: 2.103704 | lr 5.6389e-04 | norm: 0.5515 | dt: 1651.56ms | img/sec: 2480.07
step 96008 | loss: 2.071385 | lr 5.6242e-04 | norm: 0.5387 | dt: 1747.12ms | img/sec: 2344.43
step 96009 | loss: 2.101730 | lr 5.6095e-04 | norm: 0.5163 | dt: 1670.35ms | img/sec: 2452.18
step 96010 | loss: 2.102752 | lr 5.5948e-04 | norm: 0.5365 | dt: 1657.80ms | img/sec: 2470.75
step 96011 | loss: 2.074869 | lr 5.5801e-04 | norm: 0.5468 | dt: 1670.34ms | img/sec: 2452.20
step 96012 | loss: 2.107689 | lr 5.5654e-04 | norm: 0.5443 | dt: 1648.13ms | img/sec: 2485.24
step 96013 | loss: 2.063272 | lr 5.5508e-04 | norm: 0.5331 | dt: 1748.59ms | img/sec: 2342.46
step 96014 | loss: 2.166886 | lr 5.5361e-04 | norm: 0.5274 | dt: 1697.78ms | img/sec: 2412.56
step 96015 | loss: 2.049804 | lr 5.5215e-04 | norm: 0.5556 | dt: 1667.14ms | img/sec: 2456.91
step 96016 | loss: 2.082855 | lr 5.5069e-04 | norm: 0.5223 | dt: 1659.40ms | img/sec: 2468.37
step 96017 | loss: 2.089568 | lr 5.4923e-04 | norm: 0.5320 | dt: 1677.43ms | img/sec: 2441.83
step 96018 | loss: 2.043906 | lr 5.4777e-04 | norm: 0.5408 | dt: 1651.79ms | img/sec: 2479.74
step 96019 | loss: 2.131528 | lr 5.4631e-04 | norm: 0.5243 | dt: 1707.37ms | img/sec: 2399.02
step 96020 | loss: 2.135146 | lr 5.4486e-04 | norm: 0.5395 | dt: 1671.19ms | img/sec: 2450.95
step 96021 | loss: 2.076409 | lr 5.4340e-04 | norm: 0.5274 | dt: 1679.80ms | img/sec: 2438.38
step 96022 | loss: 2.139651 | lr 5.4195e-04 | norm: 0.5421 | dt: 1664.44ms | img/sec: 2460.88
step 96023 | loss: 2.105661 | lr 5.4050e-04 | norm: 0.5394 | dt: 1661.92ms | img/sec: 2464.62
step 96024 | loss: 2.228572 | lr 5.3905e-04 | norm: 0.5487 | dt: 1658.48ms | img/sec: 2469.73
step 96025 | loss: 2.114846 | lr 5.3760e-04 | norm: 0.5489 | dt: 1651.91ms | img/sec: 2479.56
step 96026 | loss: 2.117419 | lr 5.3616e-04 | norm: 0.5317 | dt: 1765.89ms | img/sec: 2319.51
step 96027 | loss: 2.186013 | lr 5.3471e-04 | norm: 0.5504 | dt: 1680.29ms | img/sec: 2437.67
step 96028 | loss: 2.126099 | lr 5.3327e-04 | norm: 0.5587 | dt: 1698.00ms | img/sec: 2412.25
step 96029 | loss: 2.197609 | lr 5.3183e-04 | norm: 0.5414 | dt: 1654.15ms | img/sec: 2476.19
step 96030 | loss: 2.069296 | lr 5.3039e-04 | norm: 0.5278 | dt: 1703.84ms | img/sec: 2403.98
step 96031 | loss: 2.156556 | lr 5.2895e-04 | norm: 0.5382 | dt: 1713.70ms | img/sec: 2390.15
step 96032 | loss: 2.132936 | lr 5.2751e-04 | norm: 0.5717 | dt: 1740.84ms | img/sec: 2352.89
step 96033 | loss: 2.107336 | lr 5.2608e-04 | norm: 0.5253 | dt: 1651.04ms | img/sec: 2480.86
step 96034 | loss: 2.038633 | lr 5.2464e-04 | norm: 0.5317 | dt: 1691.28ms | img/sec: 2421.83
step 96035 | loss: 2.131209 | lr 5.2321e-04 | norm: 0.5312 | dt: 1644.34ms | img/sec: 2490.97
step 96036 | loss: 2.174377 | lr 5.2178e-04 | norm: 0.5524 | dt: 1692.86ms | img/sec: 2419.58
step 96037 | loss: 2.226776 | lr 5.2035e-04 | norm: 0.5741 | dt: 1661.54ms | img/sec: 2465.19
step 96038 | loss: 2.123070 | lr 5.1893e-04 | norm: 0.5304 | dt: 1715.20ms | img/sec: 2388.05
step 96039 | loss: 2.063918 | lr 5.1750e-04 | norm: 0.5146 | dt: 1696.19ms | img/sec: 2414.82
step 96040 | loss: 2.113575 | lr 5.1607e-04 | norm: 0.5337 | dt: 1736.02ms | img/sec: 2359.42
step 96041 | loss: 2.246994 | lr 5.1465e-04 | norm: 0.5370 | dt: 1647.68ms | img/sec: 2485.91
step 96042 | loss: 2.101306 | lr 5.1323e-04 | norm: 0.5282 | dt: 1683.96ms | img/sec: 2432.36
step 96043 | loss: 2.128650 | lr 5.1181e-04 | norm: 0.5657 | dt: 1685.22ms | img/sec: 2430.54
step 96044 | loss: 2.016923 | lr 5.1039e-04 | norm: 0.5357 | dt: 1723.78ms | img/sec: 2376.17
step 96045 | loss: 2.137292 | lr 5.0898e-04 | norm: 0.5608 | dt: 1688.76ms | img/sec: 2425.44
step 96046 | loss: 2.116502 | lr 5.0756e-04 | norm: 0.5377 | dt: 1662.65ms | img/sec: 2463.54
step 96047 | loss: 2.157284 | lr 5.0615e-04 | norm: 0.5614 | dt: 1648.46ms | img/sec: 2484.74
step 96048 | loss: 2.063938 | lr 5.0474e-04 | norm: 0.5248 | dt: 1645.95ms | img/sec: 2488.53
step 96049 | loss: 2.039624 | lr 5.0333e-04 | norm: 0.5335 | dt: 1645.90ms | img/sec: 2488.60
step 96050 | loss: 2.103326 | lr 5.0192e-04 | norm: 0.5303 | dt: 1687.77ms | img/sec: 2426.87
step 96051 | loss: 2.029076 | lr 5.0051e-04 | norm: 0.5298 | dt: 1704.13ms | img/sec: 2403.57
step 96052 | loss: 2.112321 | lr 4.9910e-04 | norm: 0.5440 | dt: 1660.28ms | img/sec: 2467.05
step 96053 | loss: 2.085536 | lr 4.9770e-04 | norm: 0.5474 | dt: 1661.98ms | img/sec: 2464.53
step 96054 | loss: 2.044214 | lr 4.9630e-04 | norm: 0.5188 | dt: 1650.86ms | img/sec: 2481.13
step 96055 | loss: 2.079043 | lr 4.9490e-04 | norm: 0.5630 | dt: 1650.67ms | img/sec: 2481.41
step 96056 | loss: 2.094290 | lr 4.9350e-04 | norm: 0.5486 | dt: 1645.29ms | img/sec: 2489.53
step 96057 | loss: 2.149922 | lr 4.9210e-04 | norm: 0.5504 | dt: 1678.52ms | img/sec: 2440.25
step 96058 | loss: 2.039046 | lr 4.9070e-04 | norm: 0.5247 | dt: 1660.59ms | img/sec: 2466.60
step 96059 | loss: 2.078961 | lr 4.8931e-04 | norm: 0.5511 | dt: 1709.01ms | img/sec: 2396.71
step 96060 | loss: 2.091215 | lr 4.8792e-04 | norm: 0.5444 | dt: 1682.02ms | img/sec: 2435.16
step 96061 | loss: 2.153242 | lr 4.8653e-04 | norm: 0.5317 | dt: 1647.71ms | img/sec: 2485.87
step 96062 | loss: 2.086346 | lr 4.8514e-04 | norm: 0.5465 | dt: 1706.76ms | img/sec: 2399.87
step 96063 | loss: 2.054709 | lr 4.8375e-04 | norm: 0.5869 | dt: 1648.02ms | img/sec: 2485.40
step 96064 | loss: 2.109034 | lr 4.8236e-04 | norm: 0.5450 | dt: 1684.57ms | img/sec: 2431.48
step 96065 | loss: 2.110312 | lr 4.8098e-04 | norm: 0.5470 | dt: 1720.48ms | img/sec: 2380.73
step 96066 | loss: 2.125266 | lr 4.7959e-04 | norm: 0.5555 | dt: 1702.72ms | img/sec: 2405.56
step 96067 | loss: 2.085948 | lr 4.7821e-04 | norm: 0.5278 | dt: 1675.57ms | img/sec: 2444.55
step 96068 | loss: 1.953530 | lr 4.7683e-04 | norm: 0.5405 | dt: 1696.15ms | img/sec: 2414.88
step 96069 | loss: 2.066983 | lr 4.7545e-04 | norm: 0.5298 | dt: 1707.56ms | img/sec: 2398.74
step 96070 | loss: 2.077256 | lr 4.7408e-04 | norm: 0.5406 | dt: 1646.28ms | img/sec: 2488.03
step 96071 | loss: 2.006672 | lr 4.7270e-04 | norm: 0.5481 | dt: 1696.28ms | img/sec: 2414.69
step 96072 | loss: 2.084943 | lr 4.7133e-04 | norm: 0.5422 | dt: 1668.88ms | img/sec: 2454.34
step 96073 | loss: 2.035513 | lr 4.6996e-04 | norm: 0.5210 | dt: 1680.79ms | img/sec: 2436.94
step 96074 | loss: 2.088032 | lr 4.6859e-04 | norm: 0.5320 | dt: 1729.50ms | img/sec: 2368.31
step 96075 | loss: 2.113364 | lr 4.6722e-04 | norm: 0.5248 | dt: 1659.71ms | img/sec: 2467.90
step 96076 | loss: 2.096194 | lr 4.6585e-04 | norm: 0.5435 | dt: 1652.78ms | img/sec: 2478.25
step 96077 | loss: 2.094730 | lr 4.6449e-04 | norm: 0.5220 | dt: 1644.87ms | img/sec: 2490.16
step 96078 | loss: 2.034322 | lr 4.6312e-04 | norm: 0.5289 | dt: 1708.04ms | img/sec: 2398.07
step 96079 | loss: 2.077680 | lr 4.6176e-04 | norm: 0.5302 | dt: 1653.23ms | img/sec: 2477.58
step 96080 | loss: 2.081563 | lr 4.6040e-04 | norm: 0.5706 | dt: 1664.69ms | img/sec: 2460.52
step 96081 | loss: 2.192834 | lr 4.5904e-04 | norm: 0.5309 | dt: 1657.47ms | img/sec: 2471.24
step 96082 | loss: 2.096671 | lr 4.5768e-04 | norm: 0.5454 | dt: 1650.64ms | img/sec: 2481.46
step 96083 | loss: 2.060798 | lr 4.5633e-04 | norm: 0.5281 | dt: 1718.65ms | img/sec: 2383.27
step 96084 | loss: 2.123582 | lr 4.5497e-04 | norm: 0.5412 | dt: 1722.47ms | img/sec: 2377.97
step 96085 | loss: 2.050533 | lr 4.5362e-04 | norm: 0.5389 | dt: 1697.44ms | img/sec: 2413.04
step 96086 | loss: 2.072601 | lr 4.5227e-04 | norm: 0.5316 | dt: 1654.16ms | img/sec: 2476.19
step 96087 | loss: 1.935752 | lr 4.5092e-04 | norm: 0.4907 | dt: 1670.72ms | img/sec: 2451.63
step 96088 | loss: 2.051886 | lr 4.4958e-04 | norm: 0.5155 | dt: 1656.50ms | img/sec: 2472.69
step 96089 | loss: 2.011440 | lr 4.4823e-04 | norm: 0.5325 | dt: 1652.26ms | img/sec: 2479.02
step 96090 | loss: 2.110504 | lr 4.4689e-04 | norm: 0.5150 | dt: 1656.01ms | img/sec: 2473.42
step 96091 | loss: 2.059077 | lr 4.4555e-04 | norm: 0.5131 | dt: 1645.36ms | img/sec: 2489.43
step 96092 | loss: 2.016644 | lr 4.4420e-04 | norm: 0.5225 | dt: 1652.57ms | img/sec: 2478.56
step 96093 | loss: 2.191805 | lr 4.4287e-04 | norm: 0.5627 | dt: 1654.81ms | img/sec: 2475.20
step 96094 | loss: 2.177789 | lr 4.4153e-04 | norm: 0.5435 | dt: 1665.74ms | img/sec: 2458.97
step 96095 | loss: 2.007788 | lr 4.4019e-04 | norm: 0.5126 | dt: 5133.41ms | img/sec: 797.91
step 96096 | loss: 2.085409 | lr 4.3886e-04 | norm: 0.5443 | dt: 1710.77ms | img/sec: 2394.24
step 96097 | loss: 2.016114 | lr 4.3753e-04 | norm: 0.5299 | dt: 1673.05ms | img/sec: 2448.22
step 96098 | loss: 2.107061 | lr 4.3620e-04 | norm: 0.5204 | dt: 1662.02ms | img/sec: 2464.47
step 96099 | loss: 2.011435 | lr 4.3487e-04 | norm: 0.5287 | dt: 1681.93ms | img/sec: 2435.30
step 96100 | loss: 2.085201 | lr 4.3354e-04 | norm: 0.5515 | dt: 1645.96ms | img/sec: 2488.51
step 96101 | loss: 2.014765 | lr 4.3222e-04 | norm: 0.5169 | dt: 1706.80ms | img/sec: 2399.82
step 96102 | loss: 2.058526 | lr 4.3089e-04 | norm: 0.5245 | dt: 1782.20ms | img/sec: 2298.29
step 96103 | loss: 2.216665 | lr 4.2957e-04 | norm: 0.5296 | dt: 1695.49ms | img/sec: 2415.82
step 96104 | loss: 2.057450 | lr 4.2825e-04 | norm: 0.5040 | dt: 1657.75ms | img/sec: 2470.82
step 96105 | loss: 2.150883 | lr 4.2693e-04 | norm: 0.5346 | dt: 1654.85ms | img/sec: 2475.14
step 96106 | loss: 2.060637 | lr 4.2562e-04 | norm: 0.5114 | dt: 1653.25ms | img/sec: 2477.55
step 96107 | loss: 2.104667 | lr 4.2430e-04 | norm: 0.5479 | dt: 1647.68ms | img/sec: 2485.92
step 96108 | loss: 2.048511 | lr 4.2299e-04 | norm: 0.5022 | dt: 1654.18ms | img/sec: 2476.15
step 96109 | loss: 2.000882 | lr 4.2168e-04 | norm: 0.5129 | dt: 1659.39ms | img/sec: 2468.37
step 96110 | loss: 2.086505 | lr 4.2037e-04 | norm: 0.5232 | dt: 1661.62ms | img/sec: 2465.06
step 96111 | loss: 2.066069 | lr 4.1906e-04 | norm: 0.5359 | dt: 1714.59ms | img/sec: 2388.91
step 96112 | loss: 2.046766 | lr 4.1775e-04 | norm: 0.5309 | dt: 1650.61ms | img/sec: 2481.51
step 96113 | loss: 2.130029 | lr 4.1645e-04 | norm: 0.5378 | dt: 1654.04ms | img/sec: 2476.37
step 96114 | loss: 1.986317 | lr 4.1514e-04 | norm: 0.5132 | dt: 1650.64ms | img/sec: 2481.47
step 96115 | loss: 2.085175 | lr 4.1384e-04 | norm: 0.5374 | dt: 1653.79ms | img/sec: 2476.73
step 96116 | loss: 2.022285 | lr 4.1254e-04 | norm: 0.5145 | dt: 1659.73ms | img/sec: 2467.88
step 96117 | loss: 1.944095 | lr 4.1124e-04 | norm: 0.5117 | dt: 1658.88ms | img/sec: 2469.14
step 96118 | loss: 2.039967 | lr 4.0995e-04 | norm: 0.5260 | dt: 1652.44ms | img/sec: 2478.76
step 96119 | loss: 2.087045 | lr 4.0865e-04 | norm: 0.5247 | dt: 1703.20ms | img/sec: 2404.88
step 96120 | loss: 1.970304 | lr 4.0736e-04 | norm: 0.5190 | dt: 1648.92ms | img/sec: 2484.05
step 96121 | loss: 2.137444 | lr 4.0607e-04 | norm: 0.5262 | dt: 1676.38ms | img/sec: 2443.35
step 96122 | loss: 2.079098 | lr 4.0478e-04 | norm: 0.5563 | dt: 1738.37ms | img/sec: 2356.23
step 96123 | loss: 2.077329 | lr 4.0349e-04 | norm: 0.5617 | dt: 1746.16ms | img/sec: 2345.72
step 96124 | loss: 1.996308 | lr 4.0221e-04 | norm: 0.5155 | dt: 1663.16ms | img/sec: 2462.78
step 96125 | loss: 2.092557 | lr 4.0092e-04 | norm: 0.5289 | dt: 1668.22ms | img/sec: 2455.32
step 96126 | loss: 2.115190 | lr 3.9964e-04 | norm: 0.5408 | dt: 1660.41ms | img/sec: 2466.85
step 96127 | loss: 2.120721 | lr 3.9836e-04 | norm: 0.5435 | dt: 1655.32ms | img/sec: 2474.45
step 96128 | loss: 2.009595 | lr 3.9708e-04 | norm: 0.5537 | dt: 1670.78ms | img/sec: 2451.56
step 96129 | loss: 2.006974 | lr 3.9580e-04 | norm: 0.5761 | dt: 1706.37ms | img/sec: 2400.42
step 96130 | loss: 2.002988 | lr 3.9453e-04 | norm: 0.5260 | dt: 1692.28ms | img/sec: 2420.40
step 96131 | loss: 2.000043 | lr 3.9325e-04 | norm: 0.5602 | dt: 1687.05ms | img/sec: 2427.91
step 96132 | loss: 2.112798 | lr 3.9198e-04 | norm: 0.5262 | dt: 1697.05ms | img/sec: 2413.60
step 96133 | loss: 2.016045 | lr 3.9071e-04 | norm: 0.5327 | dt: 1861.86ms | img/sec: 2199.95
step 96134 | loss: 2.049447 | lr 3.8944e-04 | norm: 0.5202 | dt: 1723.24ms | img/sec: 2376.92
step 96135 | loss: 2.050541 | lr 3.8818e-04 | norm: 0.5307 | dt: 1780.38ms | img/sec: 2300.63
step 96136 | loss: 2.111558 | lr 3.8691e-04 | norm: 0.5499 | dt: 1703.57ms | img/sec: 2404.37
step 96137 | loss: 2.019325 | lr 3.8565e-04 | norm: 0.5209 | dt: 1662.89ms | img/sec: 2463.18
step 96138 | loss: 1.977178 | lr 3.8439e-04 | norm: 0.5222 | dt: 1667.58ms | img/sec: 2456.25
step 96139 | loss: 2.017778 | lr 3.8313e-04 | norm: 0.5124 | dt: 1648.20ms | img/sec: 2485.14
step 96140 | loss: 2.023655 | lr 3.8187e-04 | norm: 0.5388 | dt: 1744.23ms | img/sec: 2348.31
step 96141 | loss: 2.006185 | lr 3.8061e-04 | norm: 0.5250 | dt: 1652.29ms | img/sec: 2478.99
step 96142 | loss: 1.996559 | lr 3.7936e-04 | norm: 0.5949 | dt: 1793.55ms | img/sec: 2283.74
step 96143 | loss: 2.063866 | lr 3.7811e-04 | norm: 0.5437 | dt: 1835.69ms | img/sec: 2231.31
step 96144 | loss: 2.092833 | lr 3.7686e-04 | norm: 0.5424 | dt: 1657.18ms | img/sec: 2471.67
step 96145 | loss: 2.104505 | lr 3.7561e-04 | norm: 0.5416 | dt: 1655.58ms | img/sec: 2474.06
step 96146 | loss: 2.018952 | lr 3.7436e-04 | norm: 0.5318 | dt: 1698.34ms | img/sec: 2411.77
step 96147 | loss: 2.070991 | lr 3.7312e-04 | norm: 0.5311 | dt: 1651.63ms | img/sec: 2479.98
step 96148 | loss: 2.037641 | lr 3.7187e-04 | norm: 0.5419 | dt: 1713.97ms | img/sec: 2389.78
step 96149 | loss: 2.020642 | lr 3.7063e-04 | norm: 0.5621 | dt: 1648.80ms | img/sec: 2484.23
step 96150 | loss: 2.054566 | lr 3.6939e-04 | norm: 0.5540 | dt: 1652.49ms | img/sec: 2478.69
step 96151 | loss: 2.024488 | lr 3.6815e-04 | norm: 0.5373 | dt: 1749.27ms | img/sec: 2341.55
step 96152 | loss: 2.091960 | lr 3.6692e-04 | norm: 0.5374 | dt: 1802.45ms | img/sec: 2272.46
step 96153 | loss: 2.008535 | lr 3.6568e-04 | norm: 0.5871 | dt: 1708.14ms | img/sec: 2397.93
step 96154 | loss: 2.013977 | lr 3.6445e-04 | norm: 0.5315 | dt: 1654.03ms | img/sec: 2476.38
step 96155 | loss: 2.046237 | lr 3.6322e-04 | norm: 0.5780 | dt: 1654.37ms | img/sec: 2475.87
step 96156 | loss: 2.036967 | lr 3.6199e-04 | norm: 0.5492 | dt: 1664.93ms | img/sec: 2460.17
step 96157 | loss: 2.103937 | lr 3.6076e-04 | norm: 0.5403 | dt: 1694.73ms | img/sec: 2416.90
step 96158 | loss: 1.973157 | lr 3.5954e-04 | norm: 0.5391 | dt: 1723.57ms | img/sec: 2376.47
step 96159 | loss: 1.971357 | lr 3.5831e-04 | norm: 0.5338 | dt: 1684.71ms | img/sec: 2431.28
step 96160 | loss: 2.041762 | lr 3.5709e-04 | norm: 0.5405 | dt: 1652.56ms | img/sec: 2478.58
step 96161 | loss: 2.004083 | lr 3.5587e-04 | norm: 0.5308 | dt: 1655.37ms | img/sec: 2474.37
step 96162 | loss: 2.035968 | lr 3.5465e-04 | norm: 0.5339 | dt: 1655.46ms | img/sec: 2474.23
step 96163 | loss: 2.052100 | lr 3.5344e-04 | norm: 0.5350 | dt: 1654.44ms | img/sec: 2475.76
step 96164 | loss: 2.023716 | lr 3.5222e-04 | norm: 0.5214 | dt: 1727.11ms | img/sec: 2371.60
step 96165 | loss: 1.991776 | lr 3.5101e-04 | norm: 0.5255 | dt: 1649.79ms | img/sec: 2482.75
step 96166 | loss: 2.000242 | lr 3.4980e-04 | norm: 0.5333 | dt: 1661.77ms | img/sec: 2464.85
step 96167 | loss: 2.066713 | lr 3.4859e-04 | norm: 0.5273 | dt: 1676.22ms | img/sec: 2443.60
step 96168 | loss: 2.028047 | lr 3.4738e-04 | norm: 0.5237 | dt: 1730.12ms | img/sec: 2367.46
step 96169 | loss: 2.011261 | lr 3.4617e-04 | norm: 0.5356 | dt: 1660.67ms | img/sec: 2466.48
step 96170 | loss: 1.970454 | lr 3.4497e-04 | norm: 0.5100 | dt: 1725.21ms | img/sec: 2374.21
step 96171 | loss: 2.131607 | lr 3.4377e-04 | norm: 0.5254 | dt: 1718.39ms | img/sec: 2383.62
step 96172 | loss: 2.063663 | lr 3.4257e-04 | norm: 0.5218 | dt: 1762.83ms | img/sec: 2323.54
step 96173 | loss: 2.019288 | lr 3.4137e-04 | norm: 0.5167 | dt: 1717.35ms | img/sec: 2385.07
step 96174 | loss: 2.042350 | lr 3.4017e-04 | norm: 0.5344 | dt: 1731.61ms | img/sec: 2365.43
step 96175 | loss: 2.080045 | lr 3.3898e-04 | norm: 0.5375 | dt: 1707.38ms | img/sec: 2399.00
step 96176 | loss: 1.920557 | lr 3.3779e-04 | norm: 0.5087 | dt: 1646.16ms | img/sec: 2488.21
step 96177 | loss: 1.969462 | lr 3.3660e-04 | norm: 0.5266 | dt: 1768.45ms | img/sec: 2316.15
step 96178 | loss: 2.018481 | lr 3.3541e-04 | norm: 0.5291 | dt: 1678.59ms | img/sec: 2440.15
step 96179 | loss: 1.998659 | lr 3.3422e-04 | norm: 0.5273 | dt: 1673.77ms | img/sec: 2447.17
step 96180 | loss: 2.032770 | lr 3.3303e-04 | norm: 0.5351 | dt: 1721.01ms | img/sec: 2380.00
step 96181 | loss: 1.977588 | lr 3.3185e-04 | norm: 0.5111 | dt: 1647.80ms | img/sec: 2485.74
step 96182 | loss: 2.058558 | lr 3.3067e-04 | norm: 0.5209 | dt: 1731.97ms | img/sec: 2364.94
step 96183 | loss: 1.989480 | lr 3.2949e-04 | norm: 0.5185 | dt: 1700.24ms | img/sec: 2409.07
step 96184 | loss: 1.992810 | lr 3.2831e-04 | norm: 0.5337 | dt: 1734.42ms | img/sec: 2361.59
step 96185 | loss: 2.071398 | lr 3.2714e-04 | norm: 0.5212 | dt: 1651.15ms | img/sec: 2480.70
step 96186 | loss: 2.082319 | lr 3.2596e-04 | norm: 0.5356 | dt: 1652.49ms | img/sec: 2478.69
step 96187 | loss: 2.111190 | lr 3.2479e-04 | norm: 0.5381 | dt: 1730.39ms | img/sec: 2367.10
step 96188 | loss: 1.958237 | lr 3.2362e-04 | norm: 0.5381 | dt: 1655.12ms | img/sec: 2474.75
step 96189 | loss: 2.122233 | lr 3.2245e-04 | norm: 0.5335 | dt: 1655.42ms | img/sec: 2474.30
step 96190 | loss: 2.047413 | lr 3.2128e-04 | norm: 0.5373 | dt: 1652.86ms | img/sec: 2478.12
step 96191 | loss: 2.043789 | lr 3.2012e-04 | norm: 0.5407 | dt: 1752.71ms | img/sec: 2336.95
step 96192 | loss: 2.015558 | lr 3.1896e-04 | norm: 0.5470 | dt: 1650.21ms | img/sec: 2482.11
step 96193 | loss: 1.972184 | lr 3.1779e-04 | norm: 0.5477 | dt: 1670.76ms | img/sec: 2451.58
step 96194 | loss: 2.041805 | lr 3.1663e-04 | norm: 0.5398 | dt: 1737.04ms | img/sec: 2358.03
step 96195 | loss: 2.055620 | lr 3.1548e-04 | norm: 0.5404 | dt: 1752.45ms | img/sec: 2337.29
step 96196 | loss: 2.068330 | lr 3.1432e-04 | norm: 0.5304 | dt: 1763.36ms | img/sec: 2322.84
step 96197 | loss: 2.043127 | lr 3.1317e-04 | norm: 0.5188 | dt: 1654.47ms | img/sec: 2475.72
step 96198 | loss: 1.980171 | lr 3.1202e-04 | norm: 0.5271 | dt: 1685.01ms | img/sec: 2430.85
step 96199 | loss: 2.045197 | lr 3.1087e-04 | norm: 0.5446 | dt: 1756.00ms | img/sec: 2332.57
step 96200 | loss: 1.888642 | lr 3.0972e-04 | norm: 0.5126 | dt: 1743.89ms | img/sec: 2348.77
step 96201 | loss: 1.964003 | lr 3.0857e-04 | norm: 0.5410 | dt: 1757.82ms | img/sec: 2330.16
step 96202 | loss: 2.032871 | lr 3.0743e-04 | norm: 0.5335 | dt: 1711.03ms | img/sec: 2393.88
step 96203 | loss: 2.039449 | lr 3.0629e-04 | norm: 0.5521 | dt: 1723.24ms | img/sec: 2376.91
step 96204 | loss: 1.996855 | lr 3.0515e-04 | norm: 0.5134 | dt: 1722.92ms | img/sec: 2377.35
step 96205 | loss: 1.997609 | lr 3.0401e-04 | norm: 0.5175 | dt: 1713.77ms | img/sec: 2390.05
step 96206 | loss: 1.982801 | lr 3.0287e-04 | norm: 0.5271 | dt: 1768.92ms | img/sec: 2315.54
step 96207 | loss: 1.865527 | lr 3.0174e-04 | norm: 0.5124 | dt: 1805.71ms | img/sec: 2268.36
step 96208 | loss: 2.009539 | lr 3.0060e-04 | norm: 0.5143 | dt: 1783.28ms | img/sec: 2296.89
step 96209 | loss: 1.962142 | lr 2.9947e-04 | norm: 0.5511 | dt: 1712.77ms | img/sec: 2391.45
step 96210 | loss: 1.979240 | lr 2.9834e-04 | norm: 0.5322 | dt: 1656.65ms | img/sec: 2472.45
step 96211 | loss: 2.003860 | lr 2.9722e-04 | norm: 0.5314 | dt: 1647.93ms | img/sec: 2485.55
step 96212 | loss: 2.073085 | lr 2.9609e-04 | norm: 0.5319 | dt: 1670.90ms | img/sec: 2451.37
step 96213 | loss: 2.016969 | lr 2.9497e-04 | norm: 0.5381 | dt: 1685.70ms | img/sec: 2429.86
step 96214 | loss: 1.914737 | lr 2.9385e-04 | norm: 0.5409 | dt: 1715.41ms | img/sec: 2387.77
step 96215 | loss: 2.048325 | lr 2.9273e-04 | norm: 0.5636 | dt: 1689.34ms | img/sec: 2424.61
step 96216 | loss: 2.035821 | lr 2.9161e-04 | norm: 0.5694 | dt: 1654.06ms | img/sec: 2476.34
step 96217 | loss: 1.987769 | lr 2.9049e-04 | norm: 0.5283 | dt: 1700.15ms | img/sec: 2409.20
step 96218 | loss: 1.929202 | lr 2.8938e-04 | norm: 0.5521 | dt: 1645.39ms | img/sec: 2489.38
step 96219 | loss: 1.959630 | lr 2.8827e-04 | norm: 0.5296 | dt: 1657.09ms | img/sec: 2471.81
step 96220 | loss: 2.020246 | lr 2.8716e-04 | norm: 0.5435 | dt: 1725.97ms | img/sec: 2373.16
step 96221 | loss: 1.952210 | lr 2.8605e-04 | norm: 0.5360 | dt: 1659.48ms | img/sec: 2468.24
step 96222 | loss: 2.029658 | lr 2.8494e-04 | norm: 0.5292 | dt: 1654.35ms | img/sec: 2475.90
step 96223 | loss: 2.014068 | lr 2.8384e-04 | norm: 0.5477 | dt: 1696.57ms | img/sec: 2414.29
step 96224 | loss: 2.026067 | lr 2.8274e-04 | norm: 0.4971 | dt: 1654.47ms | img/sec: 2475.72
step 96225 | loss: 2.054612 | lr 2.8164e-04 | norm: 0.5385 | dt: 1645.97ms | img/sec: 2488.50
step 96226 | loss: 1.986879 | lr 2.8054e-04 | norm: 0.5435 | dt: 1649.67ms | img/sec: 2482.92
step 96227 | loss: 2.095553 | lr 2.7944e-04 | norm: 0.5321 | dt: 1660.94ms | img/sec: 2466.07
step 96228 | loss: 2.027247 | lr 2.7835e-04 | norm: 0.5487 | dt: 1655.92ms | img/sec: 2473.54
step 96229 | loss: 2.029942 | lr 2.7725e-04 | norm: 0.5384 | dt: 1654.07ms | img/sec: 2476.31
step 96230 | loss: 1.952660 | lr 2.7616e-04 | norm: 0.5055 | dt: 1701.68ms | img/sec: 2407.04
step 96231 | loss: 1.978454 | lr 2.7508e-04 | norm: 0.5170 | dt: 1646.50ms | img/sec: 2487.70
step 96232 | loss: 2.013640 | lr 2.7399e-04 | norm: 0.5213 | dt: 1669.42ms | img/sec: 2453.55
step 96233 | loss: 2.000329 | lr 2.7290e-04 | norm: 0.5366 | dt: 1657.18ms | img/sec: 2471.67
step 96234 | loss: 2.005435 | lr 2.7182e-04 | norm: 0.5181 | dt: 1653.27ms | img/sec: 2477.52
step 96235 | loss: 2.037843 | lr 2.7074e-04 | norm: 0.5261 | dt: 1680.28ms | img/sec: 2437.68
step 96236 | loss: 2.005854 | lr 2.6966e-04 | norm: 0.5587 | dt: 1750.39ms | img/sec: 2340.05
step 96237 | loss: 1.966058 | lr 2.6858e-04 | norm: 0.5409 | dt: 1653.12ms | img/sec: 2477.73
step 96238 | loss: 2.006149 | lr 2.6751e-04 | norm: 0.5161 | dt: 1699.20ms | img/sec: 2410.55
step 96239 | loss: 1.977092 | lr 2.6644e-04 | norm: 0.5650 | dt: 1675.81ms | img/sec: 2444.20
step 96240 | loss: 2.073508 | lr 2.6536e-04 | norm: 0.5704 | dt: 1695.71ms | img/sec: 2415.50
step 96241 | loss: 1.942980 | lr 2.6430e-04 | norm: 0.5135 | dt: 1713.65ms | img/sec: 2390.21
step 96242 | loss: 2.021689 | lr 2.6323e-04 | norm: 0.5276 | dt: 1689.62ms | img/sec: 2424.21
step 96243 | loss: 2.045770 | lr 2.6216e-04 | norm: 0.5243 | dt: 1724.14ms | img/sec: 2375.67
step 96244 | loss: 2.010307 | lr 2.6110e-04 | norm: 0.5366 | dt: 1648.16ms | img/sec: 2485.20
step 96245 | loss: 1.937611 | lr 2.6004e-04 | norm: 0.5017 | dt: 1706.57ms | img/sec: 2400.14
step 96246 | loss: 1.885065 | lr 2.5898e-04 | norm: 0.5249 | dt: 1648.25ms | img/sec: 2485.07
step 96247 | loss: 1.863715 | lr 2.5792e-04 | norm: 0.5227 | dt: 1789.42ms | img/sec: 2289.02
step 96248 | loss: 2.041363 | lr 2.5687e-04 | norm: 0.5229 | dt: 1662.08ms | img/sec: 2464.38
step 96249 | loss: 2.016982 | lr 2.5581e-04 | norm: 0.5060 | dt: 1653.04ms | img/sec: 2477.86
step 96250 | loss: 1.916004 | lr 2.5476e-04 | norm: 0.5309 | dt: 1797.83ms | img/sec: 2278.31
step 96251 | loss: 2.036381 | lr 2.5371e-04 | norm: 0.5486 | dt: 1686.13ms | img/sec: 2429.23
step 96252 | loss: 2.069843 | lr 2.5266e-04 | norm: 0.5301 | dt: 1712.54ms | img/sec: 2391.76
step 96253 | loss: 1.974604 | lr 2.5162e-04 | norm: 0.5309 | dt: 1710.39ms | img/sec: 2394.77
step 96254 | loss: 2.033518 | lr 2.5057e-04 | norm: 0.5293 | dt: 1703.56ms | img/sec: 2404.38
step 96255 | loss: 2.058389 | lr 2.4953e-04 | norm: 0.5219 | dt: 1779.53ms | img/sec: 2301.73
step 96256 | loss: 2.050973 | lr 2.4849e-04 | norm: 0.5326 | dt: 1771.93ms | img/sec: 2311.60
step 96257 | loss: 1.933268 | lr 2.4746e-04 | norm: 0.5085 | dt: 1662.79ms | img/sec: 2463.33
step 96258 | loss: 1.983837 | lr 2.4642e-04 | norm: 0.5256 | dt: 1654.03ms | img/sec: 2476.38
step 96259 | loss: 2.001478 | lr 2.4539e-04 | norm: 0.5284 | dt: 1801.23ms | img/sec: 2274.01
step 96260 | loss: 1.951701 | lr 2.4435e-04 | norm: 0.5348 | dt: 1717.44ms | img/sec: 2384.95
step 96261 | loss: 2.012716 | lr 2.4332e-04 | norm: 0.5467 | dt: 1651.65ms | img/sec: 2479.95
step 96262 | loss: 1.945547 | lr 2.4230e-04 | norm: 0.5082 | dt: 1647.85ms | img/sec: 2485.66
step 96263 | loss: 2.006794 | lr 2.4127e-04 | norm: 0.5318 | dt: 1777.39ms | img/sec: 2304.51
step 96264 | loss: 1.960711 | lr 2.4025e-04 | norm: 0.5158 | dt: 1671.59ms | img/sec: 2450.36
step 96265 | loss: 1.984898 | lr 2.3923e-04 | norm: 0.5232 | dt: 1668.00ms | img/sec: 2455.63
step 96266 | loss: 1.943378 | lr 2.3821e-04 | norm: 0.5199 | dt: 1656.51ms | img/sec: 2472.67
step 96267 | loss: 2.002052 | lr 2.3719e-04 | norm: 0.5473 | dt: 1751.17ms | img/sec: 2339.00
step 96268 | loss: 1.960600 | lr 2.3617e-04 | norm: 0.5156 | dt: 1656.76ms | img/sec: 2472.30
step 96269 | loss: 2.023573 | lr 2.3516e-04 | norm: 0.5346 | dt: 1687.19ms | img/sec: 2427.70
step 96270 | loss: 1.982529 | lr 2.3415e-04 | norm: 0.5595 | dt: 1650.02ms | img/sec: 2482.40
step 96271 | loss: 1.965900 | lr 2.3314e-04 | norm: 0.5299 | dt: 1667.72ms | img/sec: 2456.05
step 96272 | loss: 1.918545 | lr 2.3213e-04 | norm: 0.5303 | dt: 1743.15ms | img/sec: 2349.77
step 96273 | loss: 1.978729 | lr 2.3112e-04 | norm: 0.5375 | dt: 1655.14ms | img/sec: 2474.72
step 96274 | loss: 2.047730 | lr 2.3012e-04 | norm: 0.5476 | dt: 1697.21ms | img/sec: 2413.38
step 96275 | loss: 1.981301 | lr 2.2912e-04 | norm: 0.5422 | dt: 1677.78ms | img/sec: 2441.33
step 96276 | loss: 1.939623 | lr 2.2812e-04 | norm: 0.5356 | dt: 1729.49ms | img/sec: 2368.34
step 96277 | loss: 2.002400 | lr 2.2712e-04 | norm: 0.5258 | dt: 1677.62ms | img/sec: 2441.55
step 96278 | loss: 2.009387 | lr 2.2613e-04 | norm: 0.5610 | dt: 1667.20ms | img/sec: 2456.82
step 96279 | loss: 1.903777 | lr 2.2513e-04 | norm: 0.5287 | dt: 1736.51ms | img/sec: 2358.76
step 96280 | loss: 1.957559 | lr 2.2414e-04 | norm: 0.5072 | dt: 1734.75ms | img/sec: 2361.15
step 96281 | loss: 2.005508 | lr 2.2315e-04 | norm: 0.5574 | dt: 1706.60ms | img/sec: 2400.09
step 96282 | loss: 1.941640 | lr 2.2216e-04 | norm: 0.5485 | dt: 1648.50ms | img/sec: 2484.68
step 96283 | loss: 2.047546 | lr 2.2118e-04 | norm: 0.5301 | dt: 1649.33ms | img/sec: 2483.43
step 96284 | loss: 2.016969 | lr 2.2019e-04 | norm: 0.5377 | dt: 1717.82ms | img/sec: 2384.41
step 96285 | loss: 1.958597 | lr 2.1921e-04 | norm: 0.5153 | dt: 1691.48ms | img/sec: 2421.55
step 96286 | loss: 1.950653 | lr 2.1823e-04 | norm: 0.5634 | dt: 1768.07ms | img/sec: 2316.65
step 96287 | loss: 1.968648 | lr 2.1726e-04 | norm: 0.5422 | dt: 1673.28ms | img/sec: 2447.89
step 96288 | loss: 1.953129 | lr 2.1628e-04 | norm: 0.5134 | dt: 1696.74ms | img/sec: 2414.05
step 96289 | loss: 1.861833 | lr 2.1531e-04 | norm: 0.5297 | dt: 1681.47ms | img/sec: 2435.96
step 96290 | loss: 2.045840 | lr 2.1434e-04 | norm: 0.5326 | dt: 1649.79ms | img/sec: 2482.75
step 96291 | loss: 1.917066 | lr 2.1337e-04 | norm: 0.5211 | dt: 1727.80ms | img/sec: 2370.64
step 96292 | loss: 2.029853 | lr 2.1240e-04 | norm: 0.5463 | dt: 1683.50ms | img/sec: 2433.03
step 96293 | loss: 1.998358 | lr 2.1143e-04 | norm: 0.5608 | dt: 1654.19ms | img/sec: 2476.14
step 96294 | loss: 1.946309 | lr 2.1047e-04 | norm: 0.5298 | dt: 1699.56ms | img/sec: 2410.03
step 96295 | loss: 1.971133 | lr 2.0951e-04 | norm: 0.5322 | dt: 1745.02ms | img/sec: 2347.26
step 96296 | loss: 1.949053 | lr 2.0855e-04 | norm: 0.5065 | dt: 1653.53ms | img/sec: 2477.13
step 96297 | loss: 1.966417 | lr 2.0759e-04 | norm: 0.5332 | dt: 1658.39ms | img/sec: 2469.87
step 96298 | loss: 1.839062 | lr 2.0664e-04 | norm: 0.5222 | dt: 1655.26ms | img/sec: 2474.54
step 96299 | loss: 1.941247 | lr 2.0569e-04 | norm: 0.5098 | dt: 1703.13ms | img/sec: 2404.99
step 96300 | loss: 1.920639 | lr 2.0474e-04 | norm: 0.5063 | dt: 1655.02ms | img/sec: 2474.90
step 96301 | loss: 1.942988 | lr 2.0379e-04 | norm: 0.5148 | dt: 1715.19ms | img/sec: 2388.07
step 96302 | loss: 2.091662 | lr 2.0284e-04 | norm: 0.5509 | dt: 1643.16ms | img/sec: 2492.75
step 96303 | loss: 1.916451 | lr 2.0189e-04 | norm: 0.5213 | dt: 1650.66ms | img/sec: 2481.43
step 96304 | loss: 2.012715 | lr 2.0095e-04 | norm: 0.5496 | dt: 1724.95ms | img/sec: 2374.57
step 96305 | loss: 1.972236 | lr 2.0001e-04 | norm: 0.5419 | dt: 1699.61ms | img/sec: 2409.96
step 96306 | loss: 2.008473 | lr 1.9907e-04 | norm: 0.5496 | dt: 1660.23ms | img/sec: 2467.12
step 96307 | loss: 1.964653 | lr 1.9814e-04 | norm: 0.5367 | dt: 1649.22ms | img/sec: 2483.60
step 96308 | loss: 1.930507 | lr 1.9720e-04 | norm: 0.5362 | dt: 1649.71ms | img/sec: 2482.86
step 96309 | loss: 1.960717 | lr 1.9627e-04 | norm: 0.5264 | dt: 1648.05ms | img/sec: 2485.36
step 96310 | loss: 2.016474 | lr 1.9534e-04 | norm: 0.5424 | dt: 1697.08ms | img/sec: 2413.55
step 96311 | loss: 1.922626 | lr 1.9441e-04 | norm: 0.5320 | dt: 1750.39ms | img/sec: 2340.05
step 96312 | loss: 1.888146 | lr 1.9349e-04 | norm: 0.5172 | dt: 1671.29ms | img/sec: 2450.80
step 96313 | loss: 1.931429 | lr 1.9256e-04 | norm: 0.5242 | dt: 1653.32ms | img/sec: 2477.43
step 96314 | loss: 1.956969 | lr 1.9164e-04 | norm: 0.5323 | dt: 1686.13ms | img/sec: 2429.23
step 96315 | loss: 1.882086 | lr 1.9072e-04 | norm: 0.5160 | dt: 1700.70ms | img/sec: 2408.42
step 96316 | loss: 1.969366 | lr 1.8980e-04 | norm: 0.5360 | dt: 1723.31ms | img/sec: 2376.82
step 96317 | loss: 1.896637 | lr 1.8889e-04 | norm: 0.5163 | dt: 1647.55ms | img/sec: 2486.12
step 96318 | loss: 1.946869 | lr 1.8797e-04 | norm: 0.5240 | dt: 1664.26ms | img/sec: 2461.15
step 96319 | loss: 2.035663 | lr 1.8706e-04 | norm: 0.5353 | dt: 1712.63ms | img/sec: 2391.64
step 96320 | loss: 1.875111 | lr 1.8615e-04 | norm: 0.5097 | dt: 1681.55ms | img/sec: 2435.85
step 96321 | loss: 1.949623 | lr 1.8524e-04 | norm: 0.5079 | dt: 1650.28ms | img/sec: 2482.00
step 96322 | loss: 1.961189 | lr 1.8434e-04 | norm: 0.5184 | dt: 1684.65ms | img/sec: 2431.37
step 96323 | loss: 1.937572 | lr 1.8343e-04 | norm: 0.5145 | dt: 1700.32ms | img/sec: 2408.96
step 96324 | loss: 1.986587 | lr 1.8253e-04 | norm: 0.5246 | dt: 1692.94ms | img/sec: 2419.47
step 96325 | loss: 1.955094 | lr 1.8163e-04 | norm: 0.5290 | dt: 1645.07ms | img/sec: 2489.86
step 96326 | loss: 1.895963 | lr 1.8074e-04 | norm: 0.5291 | dt: 1701.96ms | img/sec: 2406.64
step 96327 | loss: 1.964161 | lr 1.7984e-04 | norm: 0.5343 | dt: 1755.60ms | img/sec: 2333.10
step 96328 | loss: 2.015808 | lr 1.7895e-04 | norm: 0.5416 | dt: 1691.43ms | img/sec: 2421.62
step 96329 | loss: 1.931605 | lr 1.7806e-04 | norm: 0.5305 | dt: 1705.62ms | img/sec: 2401.48
step 96330 | loss: 1.912097 | lr 1.7717e-04 | norm: 0.5474 | dt: 1647.46ms | img/sec: 2486.25
step 96331 | loss: 2.016608 | lr 1.7628e-04 | norm: 0.5243 | dt: 1661.22ms | img/sec: 2465.66
step 96332 | loss: 1.980339 | lr 1.7540e-04 | norm: 0.5627 | dt: 1695.55ms | img/sec: 2415.73
step 96333 | loss: 2.032383 | lr 1.7452e-04 | norm: 0.5361 | dt: 1652.97ms | img/sec: 2477.96
step 96334 | loss: 1.944279 | lr 1.7364e-04 | norm: 0.5458 | dt: 1656.04ms | img/sec: 2473.37
step 96335 | loss: 1.966989 | lr 1.7276e-04 | norm: 0.5422 | dt: 1649.76ms | img/sec: 2482.78
step 96336 | loss: 1.870426 | lr 1.7188e-04 | norm: 0.5081 | dt: 1650.32ms | img/sec: 2481.94
step 96337 | loss: 2.015857 | lr 1.7101e-04 | norm: 0.5616 | dt: 1658.31ms | img/sec: 2469.99
step 96338 | loss: 1.970079 | lr 1.7014e-04 | norm: 0.5329 | dt: 1653.01ms | img/sec: 2477.90
step 96339 | loss: 1.994550 | lr 1.6927e-04 | norm: 0.5365 | dt: 1712.65ms | img/sec: 2391.62
step 96340 | loss: 1.901570 | lr 1.6840e-04 | norm: 0.5218 | dt: 1723.51ms | img/sec: 2376.54
step 96341 | loss: 1.833829 | lr 1.6753e-04 | norm: 0.5080 | dt: 1694.64ms | img/sec: 2417.04
step 96342 | loss: 1.910057 | lr 1.6667e-04 | norm: 0.5192 | dt: 1651.65ms | img/sec: 2479.94
step 96343 | loss: 1.934557 | lr 1.6581e-04 | norm: 0.5172 | dt: 1657.91ms | img/sec: 2470.59
step 96344 | loss: 1.902295 | lr 1.6495e-04 | norm: 0.5202 | dt: 1674.34ms | img/sec: 2446.34
step 96345 | loss: 1.877328 | lr 1.6409e-04 | norm: 0.5383 | dt: 1668.69ms | img/sec: 2454.63
step 96346 | loss: 1.927788 | lr 1.6324e-04 | norm: 0.5403 | dt: 1683.33ms | img/sec: 2433.27
step 96347 | loss: 2.035747 | lr 1.6239e-04 | norm: 0.5379 | dt: 1691.89ms | img/sec: 2420.97
step 96348 | loss: 1.977848 | lr 1.6153e-04 | norm: 0.5352 | dt: 1737.97ms | img/sec: 2356.77
step 96349 | loss: 1.846265 | lr 1.6069e-04 | norm: 0.5180 | dt: 1654.28ms | img/sec: 2476.00
step 96350 | loss: 1.832715 | lr 1.5984e-04 | norm: 0.5002 | dt: 1681.54ms | img/sec: 2435.87
step 96351 | loss: 1.934703 | lr 1.5900e-04 | norm: 0.5469 | dt: 1649.12ms | img/sec: 2483.74
step 96352 | loss: 1.975090 | lr 1.5815e-04 | norm: 0.5458 | dt: 1726.18ms | img/sec: 2372.87
step 96353 | loss: 1.927788 | lr 1.5731e-04 | norm: 0.5342 | dt: 1745.36ms | img/sec: 2346.79
step 96354 | loss: 1.914251 | lr 1.5648e-04 | norm: 0.5214 | dt: 1649.69ms | img/sec: 2482.89
step 96355 | loss: 1.941439 | lr 1.5564e-04 | norm: 0.5250 | dt: 1738.37ms | img/sec: 2356.24
step 96356 | loss: 1.986343 | lr 1.5481e-04 | norm: 0.5403 | dt: 1655.83ms | img/sec: 2473.68
step 96357 | loss: 1.987854 | lr 1.5397e-04 | norm: 0.5369 | dt: 1742.40ms | img/sec: 2350.79
step 96358 | loss: 1.945261 | lr 1.5314e-04 | norm: 0.5290 | dt: 1646.64ms | img/sec: 2487.49
step 96359 | loss: 1.899667 | lr 1.5232e-04 | norm: 0.5320 | dt: 1692.32ms | img/sec: 2420.34
step 96360 | loss: 1.893529 | lr 1.5149e-04 | norm: 0.5302 | dt: 1732.95ms | img/sec: 2363.61
step 96361 | loss: 1.963874 | lr 1.5067e-04 | norm: 0.5538 | dt: 1746.20ms | img/sec: 2345.67
step 96362 | loss: 1.924742 | lr 1.4985e-04 | norm: 0.5374 | dt: 1758.31ms | img/sec: 2329.51
step 96363 | loss: 1.996939 | lr 1.4903e-04 | norm: 0.5456 | dt: 1651.58ms | img/sec: 2480.05
step 96364 | loss: 1.963274 | lr 1.4821e-04 | norm: 0.5414 | dt: 1668.24ms | img/sec: 2455.28
step 96365 | loss: 1.872577 | lr 1.4740e-04 | norm: 0.5205 | dt: 1718.03ms | img/sec: 2384.13
step 96366 | loss: 1.994988 | lr 1.4659e-04 | norm: 0.5452 | dt: 1646.38ms | img/sec: 2487.89
step 96367 | loss: 1.923501 | lr 1.4578e-04 | norm: 0.5183 | dt: 1652.74ms | img/sec: 2478.30
step 96368 | loss: 1.900200 | lr 1.4497e-04 | norm: 0.5382 | dt: 1725.08ms | img/sec: 2374.39
step 96369 | loss: 2.001179 | lr 1.4416e-04 | norm: 0.5327 | dt: 1663.23ms | img/sec: 2462.67
step 96370 | loss: 1.962075 | lr 1.4336e-04 | norm: 0.5529 | dt: 1692.89ms | img/sec: 2419.53
step 96371 | loss: 2.041996 | lr 1.4256e-04 | norm: 0.5431 | dt: 1733.42ms | img/sec: 2362.96
step 96372 | loss: 1.901436 | lr 1.4176e-04 | norm: 0.5232 | dt: 1712.38ms | img/sec: 2391.99
step 96373 | loss: 1.897988 | lr 1.4096e-04 | norm: 0.5212 | dt: 1646.45ms | img/sec: 2487.78
step 96374 | loss: 1.962124 | lr 1.4017e-04 | norm: 0.5300 | dt: 1647.81ms | img/sec: 2485.73
step 96375 | loss: 1.971917 | lr 1.3937e-04 | norm: 0.5349 | dt: 1652.57ms | img/sec: 2478.57
step 96376 | loss: 1.984945 | lr 1.3858e-04 | norm: 0.5229 | dt: 1726.16ms | img/sec: 2372.90
step 96377 | loss: 1.899563 | lr 1.3779e-04 | norm: 0.5241 | dt: 1691.05ms | img/sec: 2422.16
step 96378 | loss: 1.854732 | lr 1.3701e-04 | norm: 0.5151 | dt: 1660.44ms | img/sec: 2466.82
step 96379 | loss: 2.007967 | lr 1.3622e-04 | norm: 0.5310 | dt: 1694.17ms | img/sec: 2417.70
step 96380 | loss: 1.960831 | lr 1.3544e-04 | norm: 0.5585 | dt: 1652.57ms | img/sec: 2478.56
step 96381 | loss: 1.901756 | lr 1.3466e-04 | norm: 0.5180 | dt: 1648.67ms | img/sec: 2484.43
step 96382 | loss: 2.010438 | lr 1.3388e-04 | norm: 0.5305 | dt: 1687.91ms | img/sec: 2426.67
step 96383 | loss: 1.945643 | lr 1.3311e-04 | norm: 0.5214 | dt: 1737.48ms | img/sec: 2357.44
step 96384 | loss: 1.830217 | lr 1.3233e-04 | norm: 0.5250 | dt: 1649.60ms | img/sec: 2483.02
step 96385 | loss: 1.900997 | lr 1.3156e-04 | norm: 0.5226 | dt: 1652.90ms | img/sec: 2478.06
step 96386 | loss: 1.894019 | lr 1.3079e-04 | norm: 0.5241 | dt: 1650.18ms | img/sec: 2482.15
step 96387 | loss: 2.029679 | lr 1.3003e-04 | norm: 0.5293 | dt: 1688.54ms | img/sec: 2425.76
step 96388 | loss: 1.975818 | lr 1.2926e-04 | norm: 0.5264 | dt: 1651.15ms | img/sec: 2480.70
step 96389 | loss: 1.953501 | lr 1.2850e-04 | norm: 0.5255 | dt: 1747.39ms | img/sec: 2344.07
step 96390 | loss: 1.922271 | lr 1.2774e-04 | norm: 0.5280 | dt: 1658.50ms | img/sec: 2469.71
step 96391 | loss: 1.954887 | lr 1.2698e-04 | norm: 0.5116 | dt: 1649.55ms | img/sec: 2483.11
step 96392 | loss: 1.994372 | lr 1.2622e-04 | norm: 0.5160 | dt: 1653.51ms | img/sec: 2477.15
step 96393 | loss: 1.911923 | lr 1.2547e-04 | norm: 0.5130 | dt: 1649.90ms | img/sec: 2482.58
step 96394 | loss: 2.010262 | lr 1.2472e-04 | norm: 0.5391 | dt: 1646.44ms | img/sec: 2487.80
step 96395 | loss: 1.912109 | lr 1.2397e-04 | norm: 0.5156 | dt: 1681.68ms | img/sec: 2435.66
step 96396 | loss: 1.938691 | lr 1.2322e-04 | norm: 0.5336 | dt: 1721.01ms | img/sec: 2380.00
step 96397 | loss: 1.905415 | lr 1.2247e-04 | norm: 0.5043 | dt: 1656.54ms | img/sec: 2472.63
step 96398 | loss: 1.939914 | lr 1.2173e-04 | norm: 0.5298 | dt: 1646.35ms | img/sec: 2487.93
step 96399 | loss: 1.939017 | lr 1.2099e-04 | norm: 0.5251 | dt: 1710.90ms | img/sec: 2394.06
step 96400 | loss: 1.878058 | lr 1.2025e-04 | norm: 0.5050 | dt: 1664.33ms | img/sec: 2461.06
step 96401 | loss: 1.832607 | lr 1.1952e-04 | norm: 0.5261 | dt: 1653.10ms | img/sec: 2477.77
step 96402 | loss: 1.957335 | lr 1.1878e-04 | norm: 0.5185 | dt: 1659.64ms | img/sec: 2468.01
step 96403 | loss: 1.914178 | lr 1.1805e-04 | norm: 0.5351 | dt: 1650.45ms | img/sec: 2481.75
step 96404 | loss: 1.947966 | lr 1.1732e-04 | norm: 0.5109 | dt: 1675.22ms | img/sec: 2445.05
step 96405 | loss: 1.903797 | lr 1.1659e-04 | norm: 0.5231 | dt: 1686.27ms | img/sec: 2429.02
step 96406 | loss: 1.922902 | lr 1.1587e-04 | norm: 0.5157 | dt: 1691.68ms | img/sec: 2421.27
step 96407 | loss: 1.934597 | lr 1.1514e-04 | norm: 0.5238 | dt: 1706.82ms | img/sec: 2399.79
step 96408 | loss: 2.026259 | lr 1.1442e-04 | norm: 0.5427 | dt: 1787.88ms | img/sec: 2290.98
step 96409 | loss: 1.885139 | lr 1.1370e-04 | norm: 0.5109 | dt: 1656.63ms | img/sec: 2472.49
step 96410 | loss: 1.913993 | lr 1.1299e-04 | norm: 0.5236 | dt: 1702.77ms | img/sec: 2405.49
step 96411 | loss: 1.860027 | lr 1.1227e-04 | norm: 0.5045 | dt: 1712.76ms | img/sec: 2391.46
step 96412 | loss: 1.878349 | lr 1.1156e-04 | norm: 0.5175 | dt: 1742.03ms | img/sec: 2351.28
step 96413 | loss: 1.926199 | lr 1.1085e-04 | norm: 0.5321 | dt: 1654.49ms | img/sec: 2475.69
step 96414 | loss: 1.944452 | lr 1.1014e-04 | norm: 0.5339 | dt: 1650.80ms | img/sec: 2481.22
step 96415 | loss: 1.863844 | lr 1.0943e-04 | norm: 0.5241 | dt: 1644.88ms | img/sec: 2490.16
step 96416 | loss: 1.854849 | lr 1.0873e-04 | norm: 0.5336 | dt: 1703.65ms | img/sec: 2404.25
step 96417 | loss: 1.892297 | lr 1.0803e-04 | norm: 0.5154 | dt: 1663.40ms | img/sec: 2462.43
step 96418 | loss: 1.893944 | lr 1.0733e-04 | norm: 0.5138 | dt: 1713.29ms | img/sec: 2390.73
step 96419 | loss: 1.894880 | lr 1.0663e-04 | norm: 0.5373 | dt: 1674.22ms | img/sec: 2446.51
step 96420 | loss: 2.006453 | lr 1.0594e-04 | norm: 0.5275 | dt: 1772.26ms | img/sec: 2311.17
step 96421 | loss: 1.993419 | lr 1.0525e-04 | norm: 0.5357 | dt: 1656.45ms | img/sec: 2472.75
step 96422 | loss: 1.916259 | lr 1.0456e-04 | norm: 0.5256 | dt: 1645.80ms | img/sec: 2488.76
step 96423 | loss: 1.907166 | lr 1.0387e-04 | norm: 0.5173 | dt: 1747.63ms | img/sec: 2343.75
step 96424 | loss: 1.934447 | lr 1.0318e-04 | norm: 0.5212 | dt: 1655.54ms | img/sec: 2474.12
step 96425 | loss: 1.919821 | lr 1.0250e-04 | norm: 0.5297 | dt: 1653.44ms | img/sec: 2477.26
step 96426 | loss: 1.894682 | lr 1.0182e-04 | norm: 0.5165 | dt: 1751.26ms | img/sec: 2338.89
step 96427 | loss: 1.925163 | lr 1.0114e-04 | norm: 0.5367 | dt: 1683.94ms | img/sec: 2432.39
step 96428 | loss: 1.953206 | lr 1.0046e-04 | norm: 0.5213 | dt: 1712.93ms | img/sec: 2391.22
step 96429 | loss: 1.977111 | lr 9.9786e-05 | norm: 0.5369 | dt: 1696.88ms | img/sec: 2413.85
step 96430 | loss: 1.913242 | lr 9.9114e-05 | norm: 0.5263 | dt: 1737.71ms | img/sec: 2357.13
step 96431 | loss: 1.894503 | lr 9.8443e-05 | norm: 0.5356 | dt: 1656.28ms | img/sec: 2473.02
step 96432 | loss: 1.931643 | lr 9.7775e-05 | norm: 0.5313 | dt: 1775.22ms | img/sec: 2307.32
step 96433 | loss: 1.961428 | lr 9.7109e-05 | norm: 0.5353 | dt: 1648.52ms | img/sec: 2484.66
step 96434 | loss: 1.930482 | lr 9.6445e-05 | norm: 0.5256 | dt: 1703.45ms | img/sec: 2404.54
step 96435 | loss: 1.903259 | lr 9.5784e-05 | norm: 0.5124 | dt: 1688.85ms | img/sec: 2425.32
step 96436 | loss: 2.049047 | lr 9.5125e-05 | norm: 0.5264 | dt: 1684.84ms | img/sec: 2431.09
step 96437 | loss: 1.825781 | lr 9.4468e-05 | norm: 0.5338 | dt: 1649.57ms | img/sec: 2483.07
step 96438 | loss: 1.930323 | lr 9.3813e-05 | norm: 0.5221 | dt: 1651.72ms | img/sec: 2479.85
step 96439 | loss: 1.906153 | lr 9.3160e-05 | norm: 0.5385 | dt: 1692.85ms | img/sec: 2419.58
step 96440 | loss: 1.962244 | lr 9.2510e-05 | norm: 0.5232 | dt: 1725.63ms | img/sec: 2373.63
step 96441 | loss: 1.975612 | lr 9.1862e-05 | norm: 0.5293 | dt: 1693.33ms | img/sec: 2418.90
step 96442 | loss: 1.939719 | lr 9.1216e-05 | norm: 0.5236 | dt: 1702.19ms | img/sec: 2406.32
step 96443 | loss: 1.918016 | lr 9.0572e-05 | norm: 0.5300 | dt: 1658.97ms | img/sec: 2469.00
step 96444 | loss: 1.826866 | lr 8.9931e-05 | norm: 0.5292 | dt: 1700.54ms | img/sec: 2408.64
step 96445 | loss: 1.863163 | lr 8.9292e-05 | norm: 0.5314 | dt: 1707.32ms | img/sec: 2399.08
step 96446 | loss: 1.874167 | lr 8.8655e-05 | norm: 0.5346 | dt: 1653.67ms | img/sec: 2476.92
step 96447 | loss: 1.951498 | lr 8.8020e-05 | norm: 0.5224 | dt: 1692.09ms | img/sec: 2420.67
step 96448 | loss: 1.847545 | lr 8.7387e-05 | norm: 0.5125 | dt: 1704.95ms | img/sec: 2402.42
step 96449 | loss: 1.829571 | lr 8.6757e-05 | norm: 0.5172 | dt: 1663.42ms | img/sec: 2462.39
step 96450 | loss: 1.925611 | lr 8.6129e-05 | norm: 0.5337 | dt: 1657.93ms | img/sec: 2470.54
step 96451 | loss: 1.886474 | lr 8.5504e-05 | norm: 0.5099 | dt: 1646.22ms | img/sec: 2488.13
step 96452 | loss: 1.868511 | lr 8.4880e-05 | norm: 0.5177 | dt: 1662.80ms | img/sec: 2463.32
step 96453 | loss: 1.911936 | lr 8.4259e-05 | norm: 0.5430 | dt: 1651.02ms | img/sec: 2480.89
step 96454 | loss: 1.891593 | lr 8.3640e-05 | norm: 0.5353 | dt: 1687.53ms | img/sec: 2427.22
step 96455 | loss: 2.036928 | lr 8.3023e-05 | norm: 0.5360 | dt: 1682.54ms | img/sec: 2434.42
step 96456 | loss: 1.905499 | lr 8.2408e-05 | norm: 0.5369 | dt: 1659.33ms | img/sec: 2468.46
step 96457 | loss: 1.929456 | lr 8.1796e-05 | norm: 0.5164 | dt: 1663.43ms | img/sec: 2462.38
step 96458 | loss: 1.941283 | lr 8.1186e-05 | norm: 0.5130 | dt: 1705.10ms | img/sec: 2402.21
step 96459 | loss: 1.990668 | lr 8.0578e-05 | norm: 0.5392 | dt: 1658.71ms | img/sec: 2469.39
step 96460 | loss: 1.848867 | lr 7.9973e-05 | norm: 0.5270 | dt: 1649.50ms | img/sec: 2483.18
step 96461 | loss: 1.849546 | lr 7.9369e-05 | norm: 0.5084 | dt: 1649.92ms | img/sec: 2482.54
step 96462 | loss: 1.900456 | lr 7.8768e-05 | norm: 0.5358 | dt: 1656.22ms | img/sec: 2473.10
step 96463 | loss: 1.952195 | lr 7.8170e-05 | norm: 0.5221 | dt: 1683.06ms | img/sec: 2433.66
step 96464 | loss: 1.901357 | lr 7.7573e-05 | norm: 0.5140 | dt: 1647.45ms | img/sec: 2486.27
step 96465 | loss: 1.918757 | lr 7.6979e-05 | norm: 0.5454 | dt: 1646.12ms | img/sec: 2488.27
step 96466 | loss: 1.852590 | lr 7.6387e-05 | norm: 0.5297 | dt: 1723.73ms | img/sec: 2376.25
step 96467 | loss: 1.868787 | lr 7.5797e-05 | norm: 0.5311 | dt: 1725.51ms | img/sec: 2373.79
step 96468 | loss: 1.896505 | lr 7.5209e-05 | norm: 0.5225 | dt: 1654.86ms | img/sec: 2475.14
step 96469 | loss: 1.918872 | lr 7.4624e-05 | norm: 0.5254 | dt: 1681.76ms | img/sec: 2435.54
step 96470 | loss: 1.858198 | lr 7.4041e-05 | norm: 0.5150 | dt: 1645.57ms | img/sec: 2489.11
step 96471 | loss: 1.895703 | lr 7.3460e-05 | norm: 0.5283 | dt: 1668.36ms | img/sec: 2455.11
step 96472 | loss: 1.866976 | lr 7.2882e-05 | norm: 0.5340 | dt: 1692.02ms | img/sec: 2420.78
step 96473 | loss: 1.904854 | lr 7.2306e-05 | norm: 0.5080 | dt: 1659.52ms | img/sec: 2468.18
step 96474 | loss: 1.985875 | lr 7.1732e-05 | norm: 0.5366 | dt: 1661.55ms | img/sec: 2465.17
step 96475 | loss: 1.853497 | lr 7.1160e-05 | norm: 0.5360 | dt: 1653.03ms | img/sec: 2477.87
step 96476 | loss: 1.859861 | lr 7.0591e-05 | norm: 0.5170 | dt: 1719.82ms | img/sec: 2381.64
step 96477 | loss: 1.957528 | lr 7.0024e-05 | norm: 0.5224 | dt: 1646.59ms | img/sec: 2487.56
step 96478 | loss: 1.905048 | lr 6.9459e-05 | norm: 0.5186 | dt: 1682.23ms | img/sec: 2434.86
step 96479 | loss: 1.985528 | lr 6.8896e-05 | norm: 0.5309 | dt: 1651.92ms | img/sec: 2479.54
step 96480 | loss: 1.884940 | lr 6.8336e-05 | norm: 0.5252 | dt: 1663.47ms | img/sec: 2462.32
step 96481 | loss: 1.929148 | lr 6.7778e-05 | norm: 0.5185 | dt: 1713.66ms | img/sec: 2390.20
step 96482 | loss: 1.871548 | lr 6.7222e-05 | norm: 0.5358 | dt: 1666.75ms | img/sec: 2457.48
step 96483 | loss: 1.920260 | lr 6.6668e-05 | norm: 0.5171 | dt: 1677.88ms | img/sec: 2441.17
step 96484 | loss: 1.975852 | lr 6.6117e-05 | norm: 0.5258 | dt: 1700.01ms | img/sec: 2409.40
step 96485 | loss: 1.921710 | lr 6.5568e-05 | norm: 0.5140 | dt: 1748.61ms | img/sec: 2342.43
step 96486 | loss: 1.888868 | lr 6.5021e-05 | norm: 0.5175 | dt: 1698.41ms | img/sec: 2411.67
step 96487 | loss: 2.030207 | lr 6.4477e-05 | norm: 0.5305 | dt: 1733.71ms | img/sec: 2362.57
step 96488 | loss: 1.875694 | lr 6.3935e-05 | norm: 0.5109 | dt: 1696.18ms | img/sec: 2414.85
step 96489 | loss: 1.849096 | lr 6.3395e-05 | norm: 0.5159 | dt: 1685.87ms | img/sec: 2429.60
step 96490 | loss: 1.918133 | lr 6.2857e-05 | norm: 0.5353 | dt: 1649.19ms | img/sec: 2483.65
step 96491 | loss: 1.886618 | lr 6.2322e-05 | norm: 0.5186 | dt: 1679.04ms | img/sec: 2439.49
step 96492 | loss: 1.925167 | lr 6.1789e-05 | norm: 0.5197 | dt: 1713.85ms | img/sec: 2389.94
step 96493 | loss: 1.839383 | lr 6.1258e-05 | norm: 0.5484 | dt: 1715.88ms | img/sec: 2387.11
step 96494 | loss: 1.839887 | lr 6.0729e-05 | norm: 0.5316 | dt: 1749.84ms | img/sec: 2340.79
step 96495 | loss: 1.938562 | lr 6.0203e-05 | norm: 0.5277 | dt: 1649.87ms | img/sec: 2482.61
step 96496 | loss: 1.908974 | lr 5.9679e-05 | norm: 0.5327 | dt: 1700.28ms | img/sec: 2409.01
step 96497 | loss: 1.943659 | lr 5.9157e-05 | norm: 0.5411 | dt: 1715.40ms | img/sec: 2387.78
step 96498 | loss: 1.832115 | lr 5.8638e-05 | norm: 0.5023 | dt: 1661.86ms | img/sec: 2464.71
step 96499 | loss: 1.831308 | lr 5.8121e-05 | norm: 0.5278 | dt: 1685.75ms | img/sec: 2429.79
step 96500 | val_loss 1.7127 | val_acc 59.76%
step 96500 | loss: 1.937074 | lr 5.7606e-05 | norm: 0.5284 | dt: 4125.04ms | img/sec: 992.96
step 96501 | loss: 1.878701 | lr 5.7094e-05 | norm: 0.5243 | dt: 1707.05ms | img/sec: 2399.46
step 96502 | loss: 1.933446 | lr 5.6583e-05 | norm: 0.5304 | dt: 1716.97ms | img/sec: 2385.59
step 96503 | loss: 1.879916 | lr 5.6075e-05 | norm: 0.5320 | dt: 1654.35ms | img/sec: 2475.89
step 96504 | loss: 1.957381 | lr 5.5570e-05 | norm: 0.5320 | dt: 1654.55ms | img/sec: 2475.60
step 96505 | loss: 1.879804 | lr 5.5066e-05 | norm: 0.5290 | dt: 1646.25ms | img/sec: 2488.08
step 96506 | loss: 1.874440 | lr 5.4565e-05 | norm: 0.5170 | dt: 1644.34ms | img/sec: 2490.97
step 96507 | loss: 1.880835 | lr 5.4066e-05 | norm: 0.5146 | dt: 1696.49ms | img/sec: 2414.39
step 96508 | loss: 1.842490 | lr 5.3570e-05 | norm: 0.5327 | dt: 1676.45ms | img/sec: 2443.25
step 96509 | loss: 1.933787 | lr 5.3076e-05 | norm: 0.5337 | dt: 1677.88ms | img/sec: 2441.17
step 96510 | loss: 1.917455 | lr 5.2584e-05 | norm: 0.5454 | dt: 1656.47ms | img/sec: 2472.73
step 96511 | loss: 1.873180 | lr 5.2094e-05 | norm: 0.4937 | dt: 1655.01ms | img/sec: 2474.91
step 96512 | loss: 1.776859 | lr 5.1607e-05 | norm: 0.5120 | dt: 1656.59ms | img/sec: 2472.55
step 96513 | loss: 1.898533 | lr 5.1122e-05 | norm: 0.5150 | dt: 1646.57ms | img/sec: 2487.59
step 96514 | loss: 1.905464 | lr 5.0639e-05 | norm: 0.5247 | dt: 1655.00ms | img/sec: 2474.93
step 96515 | loss: 1.847879 | lr 5.0159e-05 | norm: 0.5194 | dt: 1688.79ms | img/sec: 2425.40
step 96516 | loss: 1.825558 | lr 4.9681e-05 | norm: 0.5062 | dt: 1673.72ms | img/sec: 2447.24
step 96517 | loss: 1.920127 | lr 4.9205e-05 | norm: 0.5106 | dt: 1664.72ms | img/sec: 2460.47
step 96518 | loss: 1.985542 | lr 4.8731e-05 | norm: 0.5309 | dt: 1673.16ms | img/sec: 2448.07
step 96519 | loss: 1.914416 | lr 4.8260e-05 | norm: 0.5214 | dt: 1702.36ms | img/sec: 2406.07
step 96520 | loss: 1.886372 | lr 4.7791e-05 | norm: 0.5389 | dt: 1644.02ms | img/sec: 2491.45
step 96521 | loss: 1.991182 | lr 4.7324e-05 | norm: 0.5262 | dt: 1657.01ms | img/sec: 2471.93
step 96522 | loss: 1.823637 | lr 4.6860e-05 | norm: 0.5024 | dt: 1701.78ms | img/sec: 2406.89
step 96523 | loss: 1.976059 | lr 4.6398e-05 | norm: 0.5289 | dt: 1651.16ms | img/sec: 2480.68
step 96524 | loss: 2.029746 | lr 4.5938e-05 | norm: 0.5378 | dt: 1676.91ms | img/sec: 2442.59
step 96525 | loss: 1.827422 | lr 4.5481e-05 | norm: 0.5084 | dt: 1713.24ms | img/sec: 2390.79
step 96526 | loss: 1.923607 | lr 4.5026e-05 | norm: 0.5137 | dt: 1675.91ms | img/sec: 2444.04
step 96527 | loss: 1.862737 | lr 4.4573e-05 | norm: 0.5259 | dt: 1645.16ms | img/sec: 2489.73
step 96528 | loss: 1.820986 | lr 4.4122e-05 | norm: 0.5217 | dt: 1715.16ms | img/sec: 2388.12
step 96529 | loss: 1.872016 | lr 4.3674e-05 | norm: 0.5202 | dt: 1657.23ms | img/sec: 2471.60
step 96530 | loss: 1.858477 | lr 4.3228e-05 | norm: 0.5354 | dt: 1646.13ms | img/sec: 2488.26
step 96531 | loss: 1.918580 | lr 4.2785e-05 | norm: 0.5235 | dt: 1653.58ms | img/sec: 2477.05
step 96532 | loss: 1.780904 | lr 4.2343e-05 | norm: 0.5266 | dt: 1653.91ms | img/sec: 2476.55
step 96533 | loss: 1.874690 | lr 4.1904e-05 | norm: 0.5259 | dt: 1650.86ms | img/sec: 2481.14
step 96534 | loss: 1.843373 | lr 4.1468e-05 | norm: 0.5192 | dt: 1796.08ms | img/sec: 2280.52
step 96535 | loss: 1.966697 | lr 4.1033e-05 | norm: 0.5308 | dt: 1651.66ms | img/sec: 2479.93
step 96536 | loss: 1.841445 | lr 4.0601e-05 | norm: 0.5149 | dt: 1696.55ms | img/sec: 2414.32
step 96537 | loss: 1.970615 | lr 4.0171e-05 | norm: 0.5202 | dt: 1688.52ms | img/sec: 2425.80
step 96538 | loss: 1.904484 | lr 3.9744e-05 | norm: 0.5239 | dt: 1683.50ms | img/sec: 2433.03
step 96539 | loss: 1.853572 | lr 3.9319e-05 | norm: 0.5281 | dt: 1662.84ms | img/sec: 2463.25
step 96540 | loss: 1.820512 | lr 3.8896e-05 | norm: 0.5180 | dt: 1791.23ms | img/sec: 2286.69
step 96541 | loss: 1.854113 | lr 3.8476e-05 | norm: 0.5191 | dt: 1661.90ms | img/sec: 2464.65
step 96542 | loss: 1.871941 | lr 3.8058e-05 | norm: 0.5246 | dt: 1777.06ms | img/sec: 2304.93
step 96543 | loss: 1.853139 | lr 3.7642e-05 | norm: 0.5306 | dt: 1651.37ms | img/sec: 2480.36
step 96544 | loss: 1.856961 | lr 3.7228e-05 | norm: 0.5125 | dt: 1666.19ms | img/sec: 2458.30
step 96545 | loss: 1.874074 | lr 3.6817e-05 | norm: 0.5207 | dt: 1649.67ms | img/sec: 2482.92
step 96546 | loss: 1.882532 | lr 3.6408e-05 | norm: 0.5273 | dt: 1730.92ms | img/sec: 2366.37
step 96547 | loss: 1.857421 | lr 3.6002e-05 | norm: 0.5090 | dt: 1676.96ms | img/sec: 2442.51
step 96548 | loss: 1.979719 | lr 3.5597e-05 | norm: 0.5414 | dt: 1725.57ms | img/sec: 2373.71
step 96549 | loss: 1.920887 | lr 3.5195e-05 | norm: 0.5169 | dt: 1709.13ms | img/sec: 2396.54
step 96550 | loss: 1.845831 | lr 3.4796e-05 | norm: 0.5059 | dt: 1697.26ms | img/sec: 2413.29
step 96551 | loss: 1.960298 | lr 3.4398e-05 | norm: 0.5196 | dt: 1713.05ms | img/sec: 2391.06
step 96552 | loss: 1.888937 | lr 3.4004e-05 | norm: 0.5248 | dt: 1652.36ms | img/sec: 2478.89
step 96553 | loss: 1.871108 | lr 3.3611e-05 | norm: 0.5191 | dt: 1697.46ms | img/sec: 2413.02
step 96554 | loss: 1.864700 | lr 3.3221e-05 | norm: 0.5068 | dt: 1648.11ms | img/sec: 2485.28
step 96555 | loss: 1.892277 | lr 3.2833e-05 | norm: 0.5266 | dt: 1649.89ms | img/sec: 2482.58
step 96556 | loss: 1.862665 | lr 3.2447e-05 | norm: 0.5124 | dt: 1646.71ms | img/sec: 2487.38
step 96557 | loss: 1.930693 | lr 3.2064e-05 | norm: 0.5317 | dt: 1655.13ms | img/sec: 2474.74
step 96558 | loss: 1.920506 | lr 3.1683e-05 | norm: 0.5265 | dt: 1656.87ms | img/sec: 2472.13
step 96559 | loss: 1.865657 | lr 3.1304e-05 | norm: 0.5151 | dt: 1656.92ms | img/sec: 2472.06
step 96560 | loss: 1.831556 | lr 3.0928e-05 | norm: 0.5081 | dt: 1792.29ms | img/sec: 2285.34
step 96561 | loss: 1.859144 | lr 3.0554e-05 | norm: 0.5157 | dt: 1718.22ms | img/sec: 2383.87
step 96562 | loss: 1.902255 | lr 3.0182e-05 | norm: 0.5259 | dt: 1703.07ms | img/sec: 2405.07
step 96563 | loss: 1.898667 | lr 2.9812e-05 | norm: 0.5294 | dt: 1686.34ms | img/sec: 2428.94
step 96564 | loss: 1.848877 | lr 2.9445e-05 | norm: 0.5268 | dt: 1672.58ms | img/sec: 2448.91
step 96565 | loss: 1.934266 | lr 2.9081e-05 | norm: 0.5170 | dt: 1704.99ms | img/sec: 2402.37
step 96566 | loss: 1.930456 | lr 2.8718e-05 | norm: 0.5223 | dt: 1647.87ms | img/sec: 2485.63
step 96567 | loss: 1.905699 | lr 2.8358e-05 | norm: 0.5216 | dt: 1698.56ms | img/sec: 2411.45
step 96568 | loss: 1.829838 | lr 2.8001e-05 | norm: 0.5245 | dt: 1757.03ms | img/sec: 2331.21
step 96569 | loss: 1.878136 | lr 2.7645e-05 | norm: 0.5091 | dt: 1675.36ms | img/sec: 2444.85
step 96570 | loss: 1.950188 | lr 2.7292e-05 | norm: 0.5350 | dt: 1714.66ms | img/sec: 2388.81
step 96571 | loss: 1.895893 | lr 2.6941e-05 | norm: 0.5224 | dt: 1677.55ms | img/sec: 2441.66
step 96572 | loss: 2.011706 | lr 2.6593e-05 | norm: 0.5332 | dt: 1670.90ms | img/sec: 2451.37
step 96573 | loss: 1.963236 | lr 2.6247e-05 | norm: 0.5274 | dt: 1693.51ms | img/sec: 2418.65
step 96574 | loss: 1.853284 | lr 2.5903e-05 | norm: 0.5230 | dt: 1657.89ms | img/sec: 2470.61
step 96575 | loss: 1.929569 | lr 2.5562e-05 | norm: 0.5296 | dt: 1684.01ms | img/sec: 2432.29
step 96576 | loss: 1.877562 | lr 2.5223e-05 | norm: 0.5188 | dt: 1667.59ms | img/sec: 2456.24
step 96577 | loss: 1.856310 | lr 2.4886e-05 | norm: 0.5054 | dt: 1711.95ms | img/sec: 2392.59
step 96578 | loss: 1.904117 | lr 2.4552e-05 | norm: 0.5335 | dt: 1734.11ms | img/sec: 2362.02
step 96579 | loss: 1.876718 | lr 2.4220e-05 | norm: 0.5257 | dt: 1709.42ms | img/sec: 2396.14
step 96580 | loss: 1.830473 | lr 2.3890e-05 | norm: 0.5230 | dt: 1646.16ms | img/sec: 2488.21
step 96581 | loss: 1.911995 | lr 2.3563e-05 | norm: 0.5277 | dt: 1660.60ms | img/sec: 2466.58
step 96582 | loss: 1.898746 | lr 2.3238e-05 | norm: 0.5199 | dt: 1763.44ms | img/sec: 2322.74
step 96583 | loss: 1.853345 | lr 2.2915e-05 | norm: 0.5221 | dt: 1657.90ms | img/sec: 2470.60
step 96584 | loss: 1.896167 | lr 2.2595e-05 | norm: 0.5226 | dt: 1657.77ms | img/sec: 2470.79
step 96585 | loss: 1.849398 | lr 2.2277e-05 | norm: 0.5158 | dt: 1661.42ms | img/sec: 2465.36
step 96586 | loss: 1.864839 | lr 2.1961e-05 | norm: 0.5108 | dt: 1671.02ms | img/sec: 2451.20
step 96587 | loss: 1.822340 | lr 2.1648e-05 | norm: 0.5270 | dt: 1681.97ms | img/sec: 2435.24
step 96588 | loss: 1.867104 | lr 2.1337e-05 | norm: 0.5276 | dt: 1722.68ms | img/sec: 2377.70
step 96589 | loss: 1.889659 | lr 2.1028e-05 | norm: 0.5073 | dt: 1645.46ms | img/sec: 2489.27
step 96590 | loss: 1.999876 | lr 2.0722e-05 | norm: 0.5217 | dt: 1721.69ms | img/sec: 2379.06
step 96591 | loss: 1.870700 | lr 2.0418e-05 | norm: 0.5052 | dt: 1724.98ms | img/sec: 2374.52
step 96592 | loss: 1.919555 | lr 2.0117e-05 | norm: 0.5301 | dt: 1655.92ms | img/sec: 2473.55
step 96593 | loss: 1.850696 | lr 1.9817e-05 | norm: 0.5231 | dt: 1650.82ms | img/sec: 2481.19
step 96594 | loss: 1.877829 | lr 1.9520e-05 | norm: 0.5168 | dt: 1764.59ms | img/sec: 2321.23
step 96595 | loss: 1.839929 | lr 1.9226e-05 | norm: 0.5212 | dt: 1659.15ms | img/sec: 2468.73
step 96596 | loss: 1.951672 | lr 1.8934e-05 | norm: 0.5220 | dt: 1698.42ms | img/sec: 2411.66
step 96597 | loss: 1.823748 | lr 1.8644e-05 | norm: 0.5356 | dt: 1686.49ms | img/sec: 2428.72
step 96598 | loss: 1.857124 | lr 1.8356e-05 | norm: 0.5219 | dt: 1703.26ms | img/sec: 2404.80
step 96599 | loss: 1.929473 | lr 1.8071e-05 | norm: 0.5219 | dt: 1687.89ms | img/sec: 2426.70
step 96600 | loss: 1.878812 | lr 1.7788e-05 | norm: 0.5246 | dt: 1747.65ms | img/sec: 2343.71
step 96601 | loss: 1.899404 | lr 1.7508e-05 | norm: 0.5172 | dt: 1648.25ms | img/sec: 2485.06
step 96602 | loss: 1.835145 | lr 1.7230e-05 | norm: 0.5277 | dt: 1739.68ms | img/sec: 2354.46
step 96603 | loss: 1.933545 | lr 1.6954e-05 | norm: 0.5270 | dt: 1698.78ms | img/sec: 2411.14
step 96604 | loss: 1.973288 | lr 1.6681e-05 | norm: 0.5171 | dt: 1645.50ms | img/sec: 2489.21
step 96605 | loss: 1.903246 | lr 1.6410e-05 | norm: 0.5142 | dt: 1719.04ms | img/sec: 2382.72
step 96606 | loss: 1.822080 | lr 1.6141e-05 | norm: 0.5162 | dt: 1746.63ms | img/sec: 2345.08
step 96607 | loss: 1.842552 | lr 1.5875e-05 | norm: 0.5062 | dt: 1725.97ms | img/sec: 2373.16
step 96608 | loss: 1.885501 | lr 1.5611e-05 | norm: 0.5252 | dt: 1647.58ms | img/sec: 2486.07
step 96609 | loss: 1.859053 | lr 1.5349e-05 | norm: 0.5127 | dt: 1660.58ms | img/sec: 2466.61
step 96610 | loss: 1.748152 | lr 1.5090e-05 | norm: 0.5123 | dt: 1686.52ms | img/sec: 2428.66
step 96611 | loss: 1.870950 | lr 1.4833e-05 | norm: 0.5212 | dt: 1687.21ms | img/sec: 2427.67
step 96612 | loss: 1.855364 | lr 1.4578e-05 | norm: 0.5197 | dt: 1653.73ms | img/sec: 2476.82
step 96613 | loss: 1.822415 | lr 1.4326e-05 | norm: 0.5201 | dt: 1658.83ms | img/sec: 2469.21
step 96614 | loss: 1.836275 | lr 1.4076e-05 | norm: 0.5234 | dt: 1650.23ms | img/sec: 2482.08
step 96615 | loss: 1.869004 | lr 1.3828e-05 | norm: 0.5428 | dt: 1702.74ms | img/sec: 2405.54
step 96616 | loss: 1.815583 | lr 1.3583e-05 | norm: 0.5219 | dt: 1725.44ms | img/sec: 2373.88
step 96617 | loss: 1.857677 | lr 1.3340e-05 | norm: 0.5141 | dt: 1649.86ms | img/sec: 2482.64
step 96618 | loss: 1.943131 | lr 1.3100e-05 | norm: 0.5224 | dt: 1683.78ms | img/sec: 2432.63
step 96619 | loss: 1.926936 | lr 1.2862e-05 | norm: 0.5239 | dt: 1678.57ms | img/sec: 2440.17
step 96620 | loss: 1.862213 | lr 1.2626e-05 | norm: 0.5173 | dt: 1655.34ms | img/sec: 2474.42
step 96621 | loss: 1.776788 | lr 1.2393e-05 | norm: 0.5089 | dt: 1652.06ms | img/sec: 2479.32
step 96622 | loss: 1.909718 | lr 1.2162e-05 | norm: 0.5276 | dt: 1663.76ms | img/sec: 2461.90
step 96623 | loss: 1.936262 | lr 1.1933e-05 | norm: 0.5312 | dt: 1657.62ms | img/sec: 2471.01
step 96624 | loss: 1.951542 | lr 1.1707e-05 | norm: 0.5245 | dt: 1682.18ms | img/sec: 2434.93
step 96625 | loss: 1.862763 | lr 1.1483e-05 | norm: 0.5163 | dt: 1653.11ms | img/sec: 2477.75
step 96626 | loss: 1.852057 | lr 1.1261e-05 | norm: 0.5151 | dt: 1712.63ms | img/sec: 2391.65
step 96627 | loss: 1.849592 | lr 1.1042e-05 | norm: 0.5301 | dt: 1655.26ms | img/sec: 2474.53
step 96628 | loss: 1.935503 | lr 1.0825e-05 | norm: 0.5300 | dt: 1719.98ms | img/sec: 2381.43
step 96629 | loss: 1.882654 | lr 1.0611e-05 | norm: 0.5368 | dt: 1651.70ms | img/sec: 2479.88
step 96630 | loss: 1.834247 | lr 1.0398e-05 | norm: 0.5103 | dt: 1767.16ms | img/sec: 2317.84
step 96631 | loss: 1.873467 | lr 1.0189e-05 | norm: 0.5330 | dt: 1660.75ms | img/sec: 2466.35
step 96632 | loss: 1.933138 | lr 9.9811e-06 | norm: 0.5157 | dt: 1706.09ms | img/sec: 2400.81
step 96633 | loss: 1.952056 | lr 9.7761e-06 | norm: 0.5298 | dt: 1703.33ms | img/sec: 2404.71
step 96634 | loss: 1.899054 | lr 9.5734e-06 | norm: 0.5088 | dt: 1714.52ms | img/sec: 2389.01
step 96635 | loss: 1.954690 | lr 9.3730e-06 | norm: 0.5252 | dt: 1671.12ms | img/sec: 2451.05
step 96636 | loss: 1.864438 | lr 9.1750e-06 | norm: 0.5230 | dt: 1653.60ms | img/sec: 2477.02
step 96637 | loss: 1.857715 | lr 8.9794e-06 | norm: 0.5175 | dt: 1689.01ms | img/sec: 2425.10
step 96638 | loss: 1.941405 | lr 8.7861e-06 | norm: 0.5345 | dt: 1729.50ms | img/sec: 2368.31
step 96639 | loss: 1.886483 | lr 8.5952e-06 | norm: 0.5220 | dt: 1711.40ms | img/sec: 2393.37
step 96640 | loss: 1.828333 | lr 8.4067e-06 | norm: 0.5121 | dt: 1700.35ms | img/sec: 2408.91
step 96641 | loss: 1.813545 | lr 8.2205e-06 | norm: 0.5240 | dt: 1740.18ms | img/sec: 2353.78
step 96642 | loss: 1.849235 | lr 8.0367e-06 | norm: 0.5009 | dt: 1645.49ms | img/sec: 2489.22
step 96643 | loss: 1.946021 | lr 7.8552e-06 | norm: 0.5073 | dt: 1652.46ms | img/sec: 2478.73
step 96644 | loss: 1.878689 | lr 7.6762e-06 | norm: 0.5196 | dt: 1725.85ms | img/sec: 2373.33
step 96645 | loss: 1.855008 | lr 7.4994e-06 | norm: 0.5124 | dt: 1712.11ms | img/sec: 2392.37
step 96646 | loss: 1.899041 | lr 7.3251e-06 | norm: 0.5136 | dt: 1649.28ms | img/sec: 2483.51
step 96647 | loss: 1.794332 | lr 7.1531e-06 | norm: 0.5039 | dt: 1705.99ms | img/sec: 2400.95
step 96648 | loss: 1.913465 | lr 6.9835e-06 | norm: 0.5194 | dt: 1720.89ms | img/sec: 2380.17
step 96649 | loss: 2.012427 | lr 6.8162e-06 | norm: 0.5604 | dt: 1721.74ms | img/sec: 2378.98
step 96650 | loss: 1.908392 | lr 6.6514e-06 | norm: 0.5266 | dt: 1681.22ms | img/sec: 2436.33
step 96651 | loss: 1.742617 | lr 6.4888e-06 | norm: 0.5116 | dt: 1661.27ms | img/sec: 2465.58
step 96652 | loss: 1.885389 | lr 6.3287e-06 | norm: 0.5167 | dt: 1654.05ms | img/sec: 2476.34
step 96653 | loss: 1.845036 | lr 6.1709e-06 | norm: 0.5184 | dt: 1648.66ms | img/sec: 2484.44
step 96654 | loss: 1.902059 | lr 6.0155e-06 | norm: 0.5146 | dt: 1722.32ms | img/sec: 2378.19
step 96655 | loss: 1.997635 | lr 5.8624e-06 | norm: 0.5441 | dt: 1722.83ms | img/sec: 2377.48
step 96656 | loss: 1.888807 | lr 5.7117e-06 | norm: 0.5152 | dt: 1695.80ms | img/sec: 2415.38
step 96657 | loss: 1.813165 | lr 5.5634e-06 | norm: 0.5230 | dt: 1692.76ms | img/sec: 2419.72
step 96658 | loss: 1.928519 | lr 5.4175e-06 | norm: 0.5209 | dt: 1700.48ms | img/sec: 2408.73
step 96659 | loss: 1.890344 | lr 5.2739e-06 | norm: 0.5236 | dt: 1683.56ms | img/sec: 2432.95
step 96660 | loss: 1.828969 | lr 5.1327e-06 | norm: 0.5159 | dt: 1717.04ms | img/sec: 2385.50
step 96661 | loss: 1.813343 | lr 4.9938e-06 | norm: 0.5023 | dt: 1715.69ms | img/sec: 2387.38
step 96662 | loss: 1.846462 | lr 4.8574e-06 | norm: 0.5026 | dt: 1740.59ms | img/sec: 2353.22
step 96663 | loss: 1.937467 | lr 4.7233e-06 | norm: 0.5340 | dt: 1710.52ms | img/sec: 2394.59
step 96664 | loss: 1.846581 | lr 4.5915e-06 | norm: 0.5009 | dt: 1678.31ms | img/sec: 2440.55
step 96665 | loss: 1.841037 | lr 4.4622e-06 | norm: 0.5210 | dt: 1725.02ms | img/sec: 2374.47
step 96666 | loss: 1.815922 | lr 4.3352e-06 | norm: 0.5168 | dt: 1683.86ms | img/sec: 2432.51
step 96667 | loss: 1.907054 | lr 4.2105e-06 | norm: 0.5083 | dt: 1684.05ms | img/sec: 2432.23
step 96668 | loss: 1.871656 | lr 4.0883e-06 | norm: 0.5269 | dt: 1720.47ms | img/sec: 2380.75
step 96669 | loss: 1.950527 | lr 3.9684e-06 | norm: 0.5234 | dt: 1688.26ms | img/sec: 2426.17
step 96670 | loss: 1.853119 | lr 3.8509e-06 | norm: 0.5241 | dt: 1667.72ms | img/sec: 2456.05
step 96671 | loss: 1.978399 | lr 3.7358e-06 | norm: 0.5555 | dt: 1655.39ms | img/sec: 2474.35
step 96672 | loss: 1.772146 | lr 3.6230e-06 | norm: 0.5076 | dt: 1674.47ms | img/sec: 2446.15
step 96673 | loss: 1.838064 | lr 3.5126e-06 | norm: 0.5066 | dt: 1731.65ms | img/sec: 2365.38
step 96674 | loss: 1.948728 | lr 3.4046e-06 | norm: 0.5433 | dt: 1658.71ms | img/sec: 2469.39
step 96675 | loss: 1.908418 | lr 3.2989e-06 | norm: 0.5292 | dt: 1661.99ms | img/sec: 2464.51
step 96676 | loss: 1.865066 | lr 3.1956e-06 | norm: 0.4990 | dt: 1660.17ms | img/sec: 2467.21
step 96677 | loss: 1.967107 | lr 3.0947e-06 | norm: 0.5216 | dt: 1670.76ms | img/sec: 2451.58
step 96678 | loss: 1.862900 | lr 2.9962e-06 | norm: 0.5053 | dt: 1654.53ms | img/sec: 2475.63
step 96679 | loss: 1.864599 | lr 2.9000e-06 | norm: 0.5186 | dt: 1660.86ms | img/sec: 2466.19
step 96680 | loss: 1.846025 | lr 2.8062e-06 | norm: 0.5131 | dt: 1651.70ms | img/sec: 2479.87
step 96681 | loss: 1.853530 | lr 2.7148e-06 | norm: 0.5167 | dt: 1651.72ms | img/sec: 2479.84
step 96682 | loss: 1.788794 | lr 2.6257e-06 | norm: 0.5084 | dt: 1652.25ms | img/sec: 2479.04
step 96683 | loss: 1.834116 | lr 2.5391e-06 | norm: 0.5265 | dt: 1694.15ms | img/sec: 2417.73
step 96684 | loss: 1.885013 | lr 2.4548e-06 | norm: 0.5101 | dt: 1698.56ms | img/sec: 2411.46
step 96685 | loss: 1.885981 | lr 2.3728e-06 | norm: 0.5181 | dt: 1659.93ms | img/sec: 2467.57
step 96686 | loss: 1.897187 | lr 2.2933e-06 | norm: 0.5243 | dt: 1664.70ms | img/sec: 2460.50
step 96687 | loss: 1.857509 | lr 2.2161e-06 | norm: 0.5271 | dt: 1677.10ms | img/sec: 2442.31
step 96688 | loss: 1.822440 | lr 2.1413e-06 | norm: 0.5077 | dt: 1707.34ms | img/sec: 2399.05
step 96689 | loss: 1.867876 | lr 2.0689e-06 | norm: 0.5214 | dt: 1702.33ms | img/sec: 2406.12
step 96690 | loss: 1.926352 | lr 1.9988e-06 | norm: 0.5185 | dt: 1652.41ms | img/sec: 2478.80
step 96691 | loss: 1.916079 | lr 1.9311e-06 | norm: 0.5253 | dt: 1648.88ms | img/sec: 2484.11
step 96692 | loss: 1.840454 | lr 1.8658e-06 | norm: 0.5178 | dt: 1711.84ms | img/sec: 2392.75
step 96693 | loss: 1.830002 | lr 1.8029e-06 | norm: 0.5181 | dt: 1712.34ms | img/sec: 2392.05
step 96694 | loss: 1.878125 | lr 1.7423e-06 | norm: 0.5191 | dt: 1652.97ms | img/sec: 2477.96
step 96695 | loss: 1.899742 | lr 1.6841e-06 | norm: 0.5217 | dt: 1705.49ms | img/sec: 2401.66
step 96696 | loss: 1.800942 | lr 1.6283e-06 | norm: 0.5252 | dt: 1652.27ms | img/sec: 2479.01
step 96697 | loss: 1.775791 | lr 1.5748e-06 | norm: 0.4972 | dt: 1677.66ms | img/sec: 2441.50
step 96698 | loss: 1.849860 | lr 1.5238e-06 | norm: 0.5064 | dt: 1671.20ms | img/sec: 2450.93
step 96699 | loss: 1.843660 | lr 1.4751e-06 | norm: 0.5164 | dt: 1657.53ms | img/sec: 2471.14
step 96700 | loss: 1.898325 | lr 1.4288e-06 | norm: 0.5183 | dt: 1660.80ms | img/sec: 2466.28
step 96701 | loss: 1.922130 | lr 1.3848e-06 | norm: 0.5194 | dt: 1651.08ms | img/sec: 2480.80
step 96702 | loss: 1.952141 | lr 1.3432e-06 | norm: 0.5276 | dt: 1655.06ms | img/sec: 2474.84
step 96703 | loss: 1.805036 | lr 1.3041e-06 | norm: 0.5122 | dt: 1694.05ms | img/sec: 2417.88
step 96704 | loss: 1.898632 | lr 1.2672e-06 | norm: 0.5272 | dt: 1659.29ms | img/sec: 2468.52
step 96705 | loss: 1.897967 | lr 1.2328e-06 | norm: 0.5000 | dt: 1648.05ms | img/sec: 2485.36
step 96706 | loss: 1.822474 | lr 1.2007e-06 | norm: 0.5146 | dt: 1656.72ms | img/sec: 2472.36
step 96707 | loss: 1.928542 | lr 1.1710e-06 | norm: 0.5285 | dt: 1659.30ms | img/sec: 2468.51
step 96708 | loss: 1.938893 | lr 1.1437e-06 | norm: 0.5288 | dt: 1653.08ms | img/sec: 2477.79
step 96709 | loss: 1.876093 | lr 1.1188e-06 | norm: 0.5230 | dt: 1652.90ms | img/sec: 2478.06
step 96710 | loss: 1.878657 | lr 1.0962e-06 | norm: 0.5327 | dt: 1737.78ms | img/sec: 2357.02
step 96711 | loss: 1.825464 | lr 1.0760e-06 | norm: 0.5075 | dt: 1651.57ms | img/sec: 2480.07
step 96712 | loss: 1.845698 | lr 1.0582e-06 | norm: 0.5258 | dt: 1647.46ms | img/sec: 2486.25
step 96713 | loss: 1.930990 | lr 1.0428e-06 | norm: 0.5240 | dt: 1662.55ms | img/sec: 2463.68
step 96714 | loss: 1.842005 | lr 1.0297e-06 | norm: 0.5157 | dt: 1660.69ms | img/sec: 2466.45
step 96715 | loss: 1.884843 | lr 1.0190e-06 | norm: 0.5169 | dt: 1652.93ms | img/sec: 2478.02
step 96716 | loss: 1.850742 | lr 1.0107e-06 | norm: 0.5174 | dt: 1647.81ms | img/sec: 2485.72
step 96717 | loss: 1.844934 | lr 1.0048e-06 | norm: 0.5120 | dt: 1654.94ms | img/sec: 2475.02
step 96718 | val_loss 1.7033 | val_acc 59.55%
step 96718 | loss: 1.865711 | lr 1.0012e-06 | norm: 0.5051 | dt: 4075.52ms | img/sec: 1005.03
--- Saved checkpoint at step 96718 ---
