Global Batch Size: 4096
Micro Batch Size (B): 1024
Number of GPUs: 1
Gradient Accumulation Steps: 4
/venv/main/lib/python3.12/site-packages/webdataset/compat.py:381: UserWarning: set WebDataset(shardshuffle=...) to a positive integer or 0 or False
  warnings.warn("set WebDataset(shardshuffle=...) to a positive integer or 0 or False")
Decay params: 52 tensors, 86,444,544 elements
Non-decay params: 100 tensors, 123,112 elements
Using fused AdamW: True
SOTA SPRINT: Weights successfully mapped (File -> Model).
Resuming from step 96718. Total tensors loaded: 152
step 96718 | loss: 1.827056 | lr 8.0128e-08 | norm: 0.5004 | dt: 34256.52ms | img/sec: 119.57
step 96719 | loss: 1.877620 | lr 1.6026e-07 | norm: 0.5242 | dt: 1671.36ms | img/sec: 2450.69
step 96720 | loss: 1.893753 | lr 2.4038e-07 | norm: 0.5082 | dt: 1645.49ms | img/sec: 2489.23
step 96721 | loss: 1.874560 | lr 3.2051e-07 | norm: 0.5175 | dt: 1658.78ms | img/sec: 2469.29
step 96722 | loss: 1.834820 | lr 4.0064e-07 | norm: 0.5299 | dt: 1659.15ms | img/sec: 2468.74
step 96723 | loss: 1.794170 | lr 4.8077e-07 | norm: 0.5099 | dt: 1656.98ms | img/sec: 2471.97
step 96724 | loss: 1.830394 | lr 5.6090e-07 | norm: 0.5105 | dt: 1659.72ms | img/sec: 2467.89
step 96725 | loss: 1.841200 | lr 6.4103e-07 | norm: 0.5160 | dt: 1640.33ms | img/sec: 2497.06
step 96726 | loss: 1.873619 | lr 7.2115e-07 | norm: 0.5222 | dt: 1650.21ms | img/sec: 2482.11
step 96727 | loss: 1.829925 | lr 8.0128e-07 | norm: 0.5150 | dt: 1646.44ms | img/sec: 2487.79
step 96728 | loss: 1.831150 | lr 8.8141e-07 | norm: 0.5213 | dt: 1662.89ms | img/sec: 2463.18
step 96729 | loss: 1.843968 | lr 9.6154e-07 | norm: 0.5209 | dt: 1652.32ms | img/sec: 2478.94
step 96730 | loss: 1.842545 | lr 1.0417e-06 | norm: 0.5126 | dt: 1656.28ms | img/sec: 2473.01
step 96731 | loss: 1.864594 | lr 1.1218e-06 | norm: 0.5126 | dt: 1660.78ms | img/sec: 2466.31
step 96732 | loss: 1.836479 | lr 1.2019e-06 | norm: 0.5059 | dt: 1643.67ms | img/sec: 2491.98
step 96733 | loss: 1.868680 | lr 1.2821e-06 | norm: 0.5160 | dt: 1657.74ms | img/sec: 2470.83
step 96734 | loss: 1.804135 | lr 1.3622e-06 | norm: 0.4928 | dt: 1664.70ms | img/sec: 2460.50
step 96735 | loss: 1.844822 | lr 1.4423e-06 | norm: 0.5148 | dt: 1663.92ms | img/sec: 2461.66
step 96736 | loss: 1.872480 | lr 1.5224e-06 | norm: 0.5061 | dt: 1652.80ms | img/sec: 2478.21
step 96737 | loss: 1.737970 | lr 1.6026e-06 | norm: 0.5029 | dt: 1706.48ms | img/sec: 2400.27
step 96738 | loss: 1.791475 | lr 1.6827e-06 | norm: 0.5072 | dt: 1655.89ms | img/sec: 2473.59
step 96739 | loss: 1.873664 | lr 1.7628e-06 | norm: 0.5147 | dt: 1645.79ms | img/sec: 2488.77
step 96740 | loss: 1.802849 | lr 1.8429e-06 | norm: 0.5136 | dt: 1653.00ms | img/sec: 2477.91
step 96741 | loss: 1.801335 | lr 1.9231e-06 | norm: 0.5102 | dt: 1655.82ms | img/sec: 2473.70
step 96742 | loss: 1.891363 | lr 2.0032e-06 | norm: 0.5191 | dt: 1659.47ms | img/sec: 2468.26
step 96743 | loss: 1.734653 | lr 2.0833e-06 | norm: 0.4934 | dt: 1661.24ms | img/sec: 2465.62
step 96744 | loss: 1.750740 | lr 2.1635e-06 | norm: 0.5142 | dt: 1663.94ms | img/sec: 2461.63
step 96745 | loss: 1.844747 | lr 2.2436e-06 | norm: 0.4987 | dt: 1660.93ms | img/sec: 2466.08
step 96746 | loss: 1.888707 | lr 2.3237e-06 | norm: 0.5464 | dt: 1649.78ms | img/sec: 2482.75
step 96747 | loss: 1.766376 | lr 2.4038e-06 | norm: 0.5003 | dt: 1746.78ms | img/sec: 2344.89
step 96748 | loss: 1.859877 | lr 2.4840e-06 | norm: 0.5204 | dt: 1663.82ms | img/sec: 2461.81
step 96749 | loss: 1.789708 | lr 2.5641e-06 | norm: 0.5135 | dt: 1698.48ms | img/sec: 2411.57
step 96750 | loss: 1.814064 | lr 2.6442e-06 | norm: 0.5070 | dt: 1677.12ms | img/sec: 2442.29
step 96751 | loss: 1.793694 | lr 2.7244e-06 | norm: 0.5093 | dt: 1699.38ms | img/sec: 2410.28
step 96752 | loss: 1.828504 | lr 2.8045e-06 | norm: 0.5094 | dt: 1670.01ms | img/sec: 2452.68
step 96753 | loss: 1.917009 | lr 2.8846e-06 | norm: 0.5142 | dt: 1679.52ms | img/sec: 2438.80
step 96754 | loss: 1.859055 | lr 2.9647e-06 | norm: 0.5084 | dt: 1659.75ms | img/sec: 2467.85
step 96755 | loss: 1.860658 | lr 3.0449e-06 | norm: 0.5068 | dt: 1694.18ms | img/sec: 2417.69
step 96756 | loss: 1.879938 | lr 3.1250e-06 | norm: 0.5189 | dt: 1695.38ms | img/sec: 2415.97
step 96757 | loss: 1.930142 | lr 3.2051e-06 | norm: 0.5265 | dt: 1717.82ms | img/sec: 2384.41
step 96758 | loss: 1.766762 | lr 3.2853e-06 | norm: 0.5017 | dt: 1714.23ms | img/sec: 2389.41
step 96759 | loss: 1.857624 | lr 3.3654e-06 | norm: 0.5063 | dt: 1652.04ms | img/sec: 2479.36
step 96760 | loss: 1.937953 | lr 3.4455e-06 | norm: 0.5054 | dt: 1648.85ms | img/sec: 2484.16
step 96761 | loss: 1.860565 | lr 3.5256e-06 | norm: 0.5134 | dt: 1656.03ms | img/sec: 2473.39
step 96762 | loss: 1.836114 | lr 3.6058e-06 | norm: 0.5141 | dt: 1684.25ms | img/sec: 2431.95
step 96763 | loss: 1.742517 | lr 3.6859e-06 | norm: 0.4964 | dt: 1669.65ms | img/sec: 2453.21
step 96764 | loss: 1.765041 | lr 3.7660e-06 | norm: 0.5110 | dt: 1800.28ms | img/sec: 2275.21
step 96765 | loss: 1.885129 | lr 3.8462e-06 | norm: 0.4989 | dt: 1666.36ms | img/sec: 2458.05
step 96766 | loss: 1.754796 | lr 3.9263e-06 | norm: 0.5046 | dt: 1701.92ms | img/sec: 2406.70
step 96767 | loss: 1.769893 | lr 4.0064e-06 | norm: 0.5087 | dt: 1714.35ms | img/sec: 2389.24
step 96768 | loss: 1.809959 | lr 4.0865e-06 | norm: 0.5091 | dt: 1739.46ms | img/sec: 2354.76
step 96769 | loss: 1.877876 | lr 4.1667e-06 | norm: 0.5191 | dt: 1653.10ms | img/sec: 2477.78
step 96770 | loss: 1.817263 | lr 4.2468e-06 | norm: 0.5109 | dt: 1797.55ms | img/sec: 2278.65
step 96771 | loss: 1.853124 | lr 4.3269e-06 | norm: 0.5012 | dt: 1730.67ms | img/sec: 2366.71
step 96772 | loss: 1.815308 | lr 4.4071e-06 | norm: 0.5253 | dt: 1721.86ms | img/sec: 2378.83
step 96773 | loss: 1.775042 | lr 4.4872e-06 | norm: 0.5065 | dt: 1647.22ms | img/sec: 2486.62
step 96774 | loss: 1.863512 | lr 4.5673e-06 | norm: 0.5108 | dt: 1651.25ms | img/sec: 2480.55
step 96775 | loss: 1.842480 | lr 4.6474e-06 | norm: 0.5162 | dt: 1669.44ms | img/sec: 2453.51
step 96776 | loss: 1.726686 | lr 4.7276e-06 | norm: 0.4923 | dt: 1659.40ms | img/sec: 2468.36
step 96777 | loss: 1.828620 | lr 4.8077e-06 | norm: 0.5059 | dt: 1653.79ms | img/sec: 2476.73
step 96778 | loss: 1.726641 | lr 4.8878e-06 | norm: 0.4962 | dt: 1679.77ms | img/sec: 2438.42
step 96779 | loss: 1.757823 | lr 4.9679e-06 | norm: 0.5146 | dt: 1714.88ms | img/sec: 2388.50
step 96780 | loss: 1.824833 | lr 5.0481e-06 | norm: 0.5059 | dt: 1647.91ms | img/sec: 2485.58
step 96781 | loss: 1.815193 | lr 5.1282e-06 | norm: 0.5107 | dt: 1643.38ms | img/sec: 2492.42
step 96782 | loss: 1.928978 | lr 5.2083e-06 | norm: 0.5208 | dt: 1666.92ms | img/sec: 2457.22
step 96783 | loss: 1.853935 | lr 5.2885e-06 | norm: 0.5105 | dt: 1657.65ms | img/sec: 2470.97
step 96784 | loss: 1.821832 | lr 5.3686e-06 | norm: 0.5049 | dt: 1724.73ms | img/sec: 2374.86
step 96785 | loss: 1.848963 | lr 5.4487e-06 | norm: 0.5181 | dt: 1658.64ms | img/sec: 2469.49
step 96786 | loss: 1.913875 | lr 5.5288e-06 | norm: 0.5267 | dt: 1671.46ms | img/sec: 2450.55
step 96787 | loss: 1.776567 | lr 5.6090e-06 | norm: 0.5047 | dt: 1696.70ms | img/sec: 2414.10
step 96788 | loss: 1.833806 | lr 5.6891e-06 | norm: 0.5146 | dt: 1709.62ms | img/sec: 2395.86
step 96789 | loss: 1.884337 | lr 5.7692e-06 | norm: 0.5252 | dt: 1732.23ms | img/sec: 2364.58
step 96790 | loss: 1.817382 | lr 5.8494e-06 | norm: 0.5182 | dt: 1655.52ms | img/sec: 2474.15
step 96791 | loss: 1.946857 | lr 5.9295e-06 | norm: 0.5089 | dt: 1750.48ms | img/sec: 2339.93
step 96792 | loss: 1.769413 | lr 6.0096e-06 | norm: 0.5079 | dt: 1664.79ms | img/sec: 2460.36
step 96793 | loss: 1.935274 | lr 6.0897e-06 | norm: 0.5255 | dt: 1723.65ms | img/sec: 2376.35
step 96794 | loss: 1.862607 | lr 6.1699e-06 | norm: 0.5207 | dt: 1655.39ms | img/sec: 2474.34
step 96795 | loss: 1.761225 | lr 6.2500e-06 | norm: 0.4946 | dt: 1652.94ms | img/sec: 2478.01
step 96796 | loss: 1.753563 | lr 6.3301e-06 | norm: 0.5035 | dt: 1712.96ms | img/sec: 2391.18
step 96797 | loss: 1.845583 | lr 6.4103e-06 | norm: 0.5165 | dt: 1686.05ms | img/sec: 2429.35
step 96798 | loss: 1.912313 | lr 6.4904e-06 | norm: 0.5224 | dt: 1687.45ms | img/sec: 2427.33
step 96799 | loss: 1.807170 | lr 6.5705e-06 | norm: 0.5142 | dt: 1689.15ms | img/sec: 2424.88
step 96800 | loss: 1.836724 | lr 6.6506e-06 | norm: 0.5115 | dt: 1742.87ms | img/sec: 2350.15
step 96801 | loss: 1.771789 | lr 6.7308e-06 | norm: 0.4993 | dt: 1670.29ms | img/sec: 2452.27
step 96802 | loss: 1.831479 | lr 6.8109e-06 | norm: 0.5111 | dt: 1647.26ms | img/sec: 2486.56
step 96803 | loss: 1.746099 | lr 6.8910e-06 | norm: 0.5060 | dt: 1687.74ms | img/sec: 2426.91
step 96804 | loss: 1.842497 | lr 6.9712e-06 | norm: 0.5081 | dt: 1652.51ms | img/sec: 2478.66
step 96805 | loss: 1.875084 | lr 7.0513e-06 | norm: 0.5192 | dt: 1661.60ms | img/sec: 2465.10
step 96806 | loss: 1.788511 | lr 7.1314e-06 | norm: 0.5054 | dt: 1756.27ms | img/sec: 2332.21
step 96807 | loss: 1.833075 | lr 7.2115e-06 | norm: 0.5197 | dt: 1659.69ms | img/sec: 2467.93
step 96808 | loss: 1.817809 | lr 7.2917e-06 | norm: 0.5063 | dt: 1724.48ms | img/sec: 2375.20
step 96809 | loss: 1.772304 | lr 7.3718e-06 | norm: 0.5009 | dt: 1651.87ms | img/sec: 2479.62
step 96810 | loss: 1.858280 | lr 7.4519e-06 | norm: 0.5216 | dt: 1656.19ms | img/sec: 2473.15
step 96811 | loss: 1.859418 | lr 7.5321e-06 | norm: 0.5115 | dt: 1658.43ms | img/sec: 2469.81
step 96812 | loss: 1.912106 | lr 7.6122e-06 | norm: 0.5169 | dt: 1681.23ms | img/sec: 2436.32
step 96813 | loss: 1.864836 | lr 7.6923e-06 | norm: 0.5139 | dt: 1692.48ms | img/sec: 2420.11
step 96814 | loss: 1.808225 | lr 7.7724e-06 | norm: 0.5094 | dt: 1665.83ms | img/sec: 2458.84
step 96815 | loss: 1.849594 | lr 7.8526e-06 | norm: 0.5179 | dt: 1652.84ms | img/sec: 2478.16
step 96816 | loss: 1.890250 | lr 7.9327e-06 | norm: 0.5032 | dt: 1652.86ms | img/sec: 2478.13
step 96817 | loss: 1.783450 | lr 8.0128e-06 | norm: 0.5021 | dt: 1688.41ms | img/sec: 2425.94
step 96818 | loss: 1.850472 | lr 8.0929e-06 | norm: 0.5044 | dt: 1664.34ms | img/sec: 2461.03
step 96819 | loss: 1.827725 | lr 8.1731e-06 | norm: 0.5091 | dt: 1676.96ms | img/sec: 2442.51
step 96820 | loss: 1.819062 | lr 8.2532e-06 | norm: 0.4997 | dt: 1696.32ms | img/sec: 2414.63
step 96821 | loss: 1.853058 | lr 8.3333e-06 | norm: 0.5227 | dt: 1660.90ms | img/sec: 2466.13
step 96822 | loss: 1.882613 | lr 8.4135e-06 | norm: 0.5205 | dt: 1740.55ms | img/sec: 2353.29
step 96823 | loss: 1.923937 | lr 8.4936e-06 | norm: 0.5055 | dt: 1691.62ms | img/sec: 2421.35
step 96824 | loss: 1.816255 | lr 8.5737e-06 | norm: 0.4991 | dt: 1660.14ms | img/sec: 2467.27
step 96825 | loss: 1.812082 | lr 8.6538e-06 | norm: 0.5150 | dt: 1659.29ms | img/sec: 2468.53
step 96826 | loss: 1.836971 | lr 8.7340e-06 | norm: 0.5099 | dt: 1716.98ms | img/sec: 2385.58
step 96827 | loss: 1.855425 | lr 8.8141e-06 | norm: 0.5079 | dt: 1810.20ms | img/sec: 2262.74
step 96828 | loss: 1.770173 | lr 8.8942e-06 | norm: 0.5162 | dt: 1702.68ms | img/sec: 2405.62
step 96829 | loss: 1.802997 | lr 8.9744e-06 | norm: 0.5012 | dt: 1649.48ms | img/sec: 2483.21
step 96830 | loss: 1.874533 | lr 9.0545e-06 | norm: 0.5287 | dt: 1681.30ms | img/sec: 2436.22
step 96831 | loss: 1.735939 | lr 9.1346e-06 | norm: 0.4883 | dt: 1681.94ms | img/sec: 2435.28
step 96832 | loss: 1.737688 | lr 9.2147e-06 | norm: 0.5030 | dt: 1677.21ms | img/sec: 2442.15
step 96833 | loss: 1.871666 | lr 9.2949e-06 | norm: 0.5233 | dt: 1690.43ms | img/sec: 2423.05
step 96834 | loss: 1.783619 | lr 9.3750e-06 | norm: 0.5060 | dt: 1815.89ms | img/sec: 2255.64
step 96835 | loss: 1.873320 | lr 9.4551e-06 | norm: 0.5133 | dt: 1659.66ms | img/sec: 2467.98
step 96836 | loss: 1.767105 | lr 9.5353e-06 | norm: 0.4990 | dt: 1652.45ms | img/sec: 2478.74
step 96837 | loss: 1.839959 | lr 9.6154e-06 | norm: 0.5251 | dt: 1703.38ms | img/sec: 2404.64
step 96838 | loss: 1.829968 | lr 9.6955e-06 | norm: 0.5118 | dt: 1661.46ms | img/sec: 2465.30
step 96839 | loss: 1.820718 | lr 9.7756e-06 | norm: 0.4941 | dt: 1681.64ms | img/sec: 2435.72
step 96840 | loss: 1.841948 | lr 9.8558e-06 | norm: 0.5085 | dt: 1694.19ms | img/sec: 2417.68
step 96841 | loss: 1.881235 | lr 9.9359e-06 | norm: 0.5281 | dt: 1651.49ms | img/sec: 2480.18
step 96842 | loss: 1.821851 | lr 1.0016e-05 | norm: 0.5035 | dt: 1709.84ms | img/sec: 2395.55
step 96843 | loss: 1.831277 | lr 1.0096e-05 | norm: 0.5111 | dt: 1694.86ms | img/sec: 2416.72
step 96844 | loss: 1.796138 | lr 1.0176e-05 | norm: 0.5204 | dt: 1688.10ms | img/sec: 2426.40
step 96845 | loss: 1.750650 | lr 1.0256e-05 | norm: 0.4992 | dt: 1653.86ms | img/sec: 2476.64
step 96846 | loss: 1.779922 | lr 1.0337e-05 | norm: 0.5002 | dt: 1657.82ms | img/sec: 2470.71
step 96847 | loss: 1.811754 | lr 1.0417e-05 | norm: 0.5108 | dt: 1679.18ms | img/sec: 2439.28
step 96848 | loss: 1.755584 | lr 1.0497e-05 | norm: 0.5114 | dt: 1731.77ms | img/sec: 2365.21
step 96849 | loss: 1.816936 | lr 1.0577e-05 | norm: 0.4942 | dt: 1659.67ms | img/sec: 2467.96
step 96850 | loss: 1.835366 | lr 1.0657e-05 | norm: 0.5101 | dt: 1643.63ms | img/sec: 2492.04
step 96851 | loss: 1.836769 | lr 1.0737e-05 | norm: 0.4974 | dt: 1653.63ms | img/sec: 2476.97
step 96852 | loss: 1.819731 | lr 1.0817e-05 | norm: 0.4950 | dt: 1720.86ms | img/sec: 2380.21
step 96853 | loss: 1.882475 | lr 1.0897e-05 | norm: 0.5280 | dt: 1656.08ms | img/sec: 2473.31
step 96854 | loss: 1.839920 | lr 1.0978e-05 | norm: 0.5093 | dt: 1746.65ms | img/sec: 2345.05
step 96855 | loss: 1.848859 | lr 1.1058e-05 | norm: 0.5190 | dt: 1728.14ms | img/sec: 2370.18
step 96856 | loss: 1.925179 | lr 1.1138e-05 | norm: 0.5115 | dt: 1754.07ms | img/sec: 2335.13
step 96857 | loss: 1.885396 | lr 1.1218e-05 | norm: 0.5178 | dt: 1674.40ms | img/sec: 2446.25
step 96858 | loss: 1.847247 | lr 1.1298e-05 | norm: 0.5071 | dt: 1750.97ms | img/sec: 2339.28
step 96859 | loss: 1.837348 | lr 1.1378e-05 | norm: 0.5125 | dt: 1671.89ms | img/sec: 2449.92
step 96860 | loss: 1.897920 | lr 1.1458e-05 | norm: 0.5190 | dt: 1721.08ms | img/sec: 2379.91
step 96861 | loss: 1.777776 | lr 1.1538e-05 | norm: 0.5537 | dt: 1658.37ms | img/sec: 2469.90
step 96862 | loss: 1.845518 | lr 1.1619e-05 | norm: 0.5364 | dt: 1651.48ms | img/sec: 2480.20
step 96863 | loss: 1.845994 | lr 1.1699e-05 | norm: 0.5169 | dt: 1660.71ms | img/sec: 2466.42
step 96864 | loss: 1.800799 | lr 1.1779e-05 | norm: 0.5104 | dt: 1672.68ms | img/sec: 2448.76
step 96865 | loss: 1.702688 | lr 1.1859e-05 | norm: 0.4999 | dt: 1654.18ms | img/sec: 2476.15
step 96866 | loss: 1.845151 | lr 1.1939e-05 | norm: 0.5206 | dt: 1659.02ms | img/sec: 2468.93
step 96867 | loss: 1.836106 | lr 1.2019e-05 | norm: 0.5298 | dt: 1665.74ms | img/sec: 2458.97
step 96868 | loss: 1.839221 | lr 1.2099e-05 | norm: 0.5108 | dt: 1696.43ms | img/sec: 2414.48
step 96869 | loss: 1.928791 | lr 1.2179e-05 | norm: 0.5147 | dt: 1769.08ms | img/sec: 2315.33
step 96870 | loss: 1.865706 | lr 1.2260e-05 | norm: 0.5330 | dt: 1654.96ms | img/sec: 2474.98
step 96871 | loss: 1.854702 | lr 1.2340e-05 | norm: 0.5067 | dt: 1692.88ms | img/sec: 2419.54
step 96872 | loss: 1.799613 | lr 1.2420e-05 | norm: 0.5130 | dt: 1652.88ms | img/sec: 2478.09
step 96873 | loss: 1.856934 | lr 1.2500e-05 | norm: 0.5233 | dt: 1655.85ms | img/sec: 2473.65
step 96874 | loss: 1.921962 | lr 1.2580e-05 | norm: 0.5283 | dt: 1661.15ms | img/sec: 2465.76
step 96875 | loss: 1.810682 | lr 1.2660e-05 | norm: 0.5120 | dt: 1761.91ms | img/sec: 2324.75
step 96876 | loss: 1.795756 | lr 1.2740e-05 | norm: 0.5060 | dt: 1655.94ms | img/sec: 2473.52
step 96877 | loss: 1.845405 | lr 1.2821e-05 | norm: 0.5172 | dt: 1710.70ms | img/sec: 2394.34
step 96878 | loss: 1.717422 | lr 1.2901e-05 | norm: 0.5045 | dt: 1722.89ms | img/sec: 2377.40
step 96879 | loss: 1.817179 | lr 1.2981e-05 | norm: 0.5121 | dt: 1768.96ms | img/sec: 2315.49
step 96880 | loss: 1.750535 | lr 1.3061e-05 | norm: 0.5109 | dt: 1657.46ms | img/sec: 2471.25
step 96881 | loss: 1.832204 | lr 1.3141e-05 | norm: 0.5252 | dt: 1703.63ms | img/sec: 2404.28
step 96882 | loss: 1.820714 | lr 1.3221e-05 | norm: 0.5139 | dt: 1656.15ms | img/sec: 2473.21
step 96883 | loss: 1.918615 | lr 1.3301e-05 | norm: 0.5189 | dt: 1676.60ms | img/sec: 2443.05
step 96884 | loss: 1.824050 | lr 1.3381e-05 | norm: 0.5143 | dt: 1658.00ms | img/sec: 2470.45
step 96885 | loss: 1.788718 | lr 1.3462e-05 | norm: 0.5112 | dt: 1694.72ms | img/sec: 2416.92
step 96886 | loss: 1.819686 | lr 1.3542e-05 | norm: 0.5033 | dt: 1699.97ms | img/sec: 2409.45
step 96887 | loss: 1.727867 | lr 1.3622e-05 | norm: 0.4940 | dt: 1703.56ms | img/sec: 2404.38
step 96888 | loss: 1.777015 | lr 1.3702e-05 | norm: 0.4967 | dt: 1698.14ms | img/sec: 2412.05
step 96889 | loss: 1.853694 | lr 1.3782e-05 | norm: 0.5120 | dt: 1669.70ms | img/sec: 2453.14
step 96890 | loss: 1.953266 | lr 1.3862e-05 | norm: 0.5320 | dt: 1650.78ms | img/sec: 2481.25
step 96891 | loss: 1.890169 | lr 1.3942e-05 | norm: 0.5428 | dt: 1657.55ms | img/sec: 2471.12
step 96892 | loss: 1.728263 | lr 1.4022e-05 | norm: 0.5261 | dt: 1661.36ms | img/sec: 2465.45
step 96893 | loss: 1.761510 | lr 1.4103e-05 | norm: 0.5311 | dt: 1745.59ms | img/sec: 2346.48
step 96894 | loss: 1.857164 | lr 1.4183e-05 | norm: 0.5069 | dt: 1733.06ms | img/sec: 2363.45
step 96895 | loss: 1.765243 | lr 1.4263e-05 | norm: 0.5193 | dt: 1655.80ms | img/sec: 2473.73
step 96896 | loss: 1.868100 | lr 1.4343e-05 | norm: 0.5110 | dt: 1721.72ms | img/sec: 2379.02
step 96897 | loss: 1.843712 | lr 1.4423e-05 | norm: 0.5091 | dt: 1690.29ms | img/sec: 2423.26
step 96898 | loss: 1.913790 | lr 1.4503e-05 | norm: 0.5294 | dt: 1715.52ms | img/sec: 2387.62
step 96899 | loss: 1.737801 | lr 1.4583e-05 | norm: 0.5188 | dt: 1697.38ms | img/sec: 2413.13
step 96900 | loss: 1.782273 | lr 1.4663e-05 | norm: 0.5027 | dt: 1693.31ms | img/sec: 2418.94
step 96901 | loss: 1.828423 | lr 1.4744e-05 | norm: 0.5052 | dt: 1662.37ms | img/sec: 2463.95
step 96902 | loss: 1.855848 | lr 1.4824e-05 | norm: 0.5030 | dt: 1665.06ms | img/sec: 2459.97
step 96903 | loss: 1.871566 | lr 1.4904e-05 | norm: 0.5259 | dt: 1656.93ms | img/sec: 2472.05
step 96904 | loss: 1.766772 | lr 1.4984e-05 | norm: 0.5093 | dt: 1731.66ms | img/sec: 2365.36
step 96905 | loss: 1.767684 | lr 1.5064e-05 | norm: 0.4976 | dt: 1700.86ms | img/sec: 2408.20
step 96906 | loss: 1.894027 | lr 1.5144e-05 | norm: 0.5266 | dt: 1814.03ms | img/sec: 2257.95
step 96907 | loss: 1.843261 | lr 1.5224e-05 | norm: 0.5178 | dt: 1698.08ms | img/sec: 2412.13
step 96908 | loss: 1.849281 | lr 1.5304e-05 | norm: 0.5144 | dt: 1728.88ms | img/sec: 2369.17
step 96909 | loss: 1.827472 | lr 1.5385e-05 | norm: 0.5262 | dt: 1756.74ms | img/sec: 2331.59
step 96910 | loss: 1.832876 | lr 1.5465e-05 | norm: 0.5222 | dt: 1691.62ms | img/sec: 2421.35
step 96911 | loss: 1.834608 | lr 1.5545e-05 | norm: 0.5136 | dt: 1754.26ms | img/sec: 2334.88
step 96912 | loss: 1.836519 | lr 1.5625e-05 | norm: 0.5069 | dt: 1654.00ms | img/sec: 2476.43
step 96913 | loss: 1.757089 | lr 1.5705e-05 | norm: 0.5172 | dt: 1659.48ms | img/sec: 2468.24
step 96914 | loss: 1.802859 | lr 1.5785e-05 | norm: 0.5047 | dt: 1712.69ms | img/sec: 2391.56
step 96915 | loss: 1.807682 | lr 1.5865e-05 | norm: 0.5203 | dt: 1738.67ms | img/sec: 2355.82
step 96916 | loss: 1.759284 | lr 1.5946e-05 | norm: 0.5105 | dt: 1665.28ms | img/sec: 2459.65
step 96917 | loss: 1.722452 | lr 1.6026e-05 | norm: 0.4900 | dt: 1658.30ms | img/sec: 2470.00
step 96918 | loss: 1.829588 | lr 1.6106e-05 | norm: 0.5054 | dt: 1661.35ms | img/sec: 2465.46
step 96919 | loss: 1.881403 | lr 1.6186e-05 | norm: 0.5117 | dt: 1771.52ms | img/sec: 2312.13
step 96920 | loss: 1.783315 | lr 1.6266e-05 | norm: 0.5102 | dt: 1666.89ms | img/sec: 2457.27
step 96921 | loss: 1.938871 | lr 1.6346e-05 | norm: 0.5364 | dt: 1658.95ms | img/sec: 2469.03
step 96922 | loss: 1.820874 | lr 1.6426e-05 | norm: 0.5072 | dt: 1737.77ms | img/sec: 2357.05
step 96923 | loss: 1.717653 | lr 1.6506e-05 | norm: 0.4920 | dt: 1709.71ms | img/sec: 2395.72
step 96924 | loss: 1.830054 | lr 1.6587e-05 | norm: 0.5279 | dt: 1735.93ms | img/sec: 2359.54
step 96925 | loss: 1.819070 | lr 1.6667e-05 | norm: 0.5037 | dt: 1715.69ms | img/sec: 2387.38
step 96926 | loss: 1.747490 | lr 1.6747e-05 | norm: 0.5012 | dt: 1704.12ms | img/sec: 2403.59
step 96927 | loss: 1.815027 | lr 1.6827e-05 | norm: 0.5144 | dt: 1651.35ms | img/sec: 2480.40
step 96928 | loss: 1.821618 | lr 1.6907e-05 | norm: 0.5100 | dt: 1722.31ms | img/sec: 2378.20
step 96929 | loss: 1.778177 | lr 1.6987e-05 | norm: 0.5069 | dt: 1694.72ms | img/sec: 2416.92
step 96930 | loss: 1.727527 | lr 1.7067e-05 | norm: 0.5195 | dt: 1717.66ms | img/sec: 2384.64
step 96931 | loss: 1.815238 | lr 1.7147e-05 | norm: 0.5029 | dt: 1680.76ms | img/sec: 2436.99
step 96932 | loss: 1.830946 | lr 1.7228e-05 | norm: 0.5145 | dt: 1719.93ms | img/sec: 2381.49
step 96933 | loss: 1.858267 | lr 1.7308e-05 | norm: 0.5225 | dt: 1656.11ms | img/sec: 2473.27
step 96934 | loss: 1.804401 | lr 1.7388e-05 | norm: 0.5203 | dt: 1657.28ms | img/sec: 2471.51
step 96935 | loss: 1.841224 | lr 1.7468e-05 | norm: 0.5019 | dt: 1653.54ms | img/sec: 2477.11
step 96936 | loss: 1.868295 | lr 1.7548e-05 | norm: 0.5001 | dt: 1681.53ms | img/sec: 2435.88
step 96937 | loss: 1.904245 | lr 1.7628e-05 | norm: 0.5224 | dt: 1671.17ms | img/sec: 2450.97
step 96938 | loss: 1.876065 | lr 1.7708e-05 | norm: 0.5083 | dt: 1652.12ms | img/sec: 2479.24
step 96939 | loss: 1.792835 | lr 1.7788e-05 | norm: 0.5067 | dt: 1789.65ms | img/sec: 2288.71
step 96940 | loss: 1.766106 | lr 1.7869e-05 | norm: 0.5097 | dt: 1654.22ms | img/sec: 2476.09
step 96941 | loss: 1.836378 | lr 1.7949e-05 | norm: 0.5055 | dt: 1744.69ms | img/sec: 2347.70
step 96942 | loss: 1.849764 | lr 1.8029e-05 | norm: 0.5212 | dt: 1761.25ms | img/sec: 2325.62
step 96943 | loss: 1.828614 | lr 1.8109e-05 | norm: 0.5091 | dt: 1659.85ms | img/sec: 2467.69
step 96944 | loss: 1.861611 | lr 1.8189e-05 | norm: 0.5058 | dt: 1702.56ms | img/sec: 2405.79
step 96945 | loss: 1.790674 | lr 1.8269e-05 | norm: 0.5054 | dt: 1657.39ms | img/sec: 2471.35
step 96946 | loss: 1.815274 | lr 1.8349e-05 | norm: 0.5051 | dt: 1701.06ms | img/sec: 2407.91
step 96947 | loss: 1.767757 | lr 1.8429e-05 | norm: 0.5205 | dt: 1655.87ms | img/sec: 2473.63
step 96948 | loss: 1.863798 | lr 1.8510e-05 | norm: 0.5247 | dt: 1656.67ms | img/sec: 2472.43
step 96949 | loss: 1.841271 | lr 1.8590e-05 | norm: 0.5078 | dt: 1659.31ms | img/sec: 2468.50
step 96950 | loss: 1.813806 | lr 1.8670e-05 | norm: 0.5005 | dt: 1694.63ms | img/sec: 2417.05
step 96951 | loss: 1.858753 | lr 1.8750e-05 | norm: 0.5169 | dt: 1672.00ms | img/sec: 2449.77
step 96952 | loss: 1.781920 | lr 1.8830e-05 | norm: 0.5141 | dt: 1738.02ms | img/sec: 2356.70
step 96953 | loss: 1.730862 | lr 1.8910e-05 | norm: 0.4938 | dt: 1696.64ms | img/sec: 2414.18
step 96954 | loss: 1.833411 | lr 1.8990e-05 | norm: 0.5061 | dt: 1785.85ms | img/sec: 2293.59
step 96955 | loss: 1.938384 | lr 1.9071e-05 | norm: 0.5396 | dt: 1645.58ms | img/sec: 2489.09
step 96956 | loss: 1.764586 | lr 1.9151e-05 | norm: 0.5002 | dt: 1759.83ms | img/sec: 2327.50
step 96957 | loss: 1.832502 | lr 1.9231e-05 | norm: 0.5096 | dt: 1700.69ms | img/sec: 2408.43
step 96958 | loss: 1.808128 | lr 1.9311e-05 | norm: 0.5239 | dt: 1676.34ms | img/sec: 2443.42
step 96959 | loss: 1.885388 | lr 1.9391e-05 | norm: 0.5168 | dt: 1744.46ms | img/sec: 2348.00
step 96960 | loss: 1.828678 | lr 1.9471e-05 | norm: 0.5069 | dt: 1658.00ms | img/sec: 2470.45
step 96961 | loss: 1.801213 | lr 1.9551e-05 | norm: 0.5283 | dt: 1747.99ms | img/sec: 2343.26
step 96962 | loss: 1.717357 | lr 1.9631e-05 | norm: 0.4991 | dt: 1656.37ms | img/sec: 2472.87
step 96963 | loss: 1.907668 | lr 1.9712e-05 | norm: 0.5072 | dt: 1664.06ms | img/sec: 2461.45
step 96964 | loss: 1.866006 | lr 1.9792e-05 | norm: 0.5262 | dt: 1722.06ms | img/sec: 2378.54
step 96965 | loss: 1.784626 | lr 1.9872e-05 | norm: 0.4978 | dt: 1661.87ms | img/sec: 2464.70
step 96966 | loss: 1.784922 | lr 1.9952e-05 | norm: 0.4922 | dt: 1666.14ms | img/sec: 2458.37
step 96967 | loss: 1.845083 | lr 2.0032e-05 | norm: 0.5057 | dt: 1691.86ms | img/sec: 2421.01
step 96968 | loss: 1.769234 | lr 2.0112e-05 | norm: 0.5136 | dt: 1714.58ms | img/sec: 2388.93
step 96969 | loss: 1.771508 | lr 2.0192e-05 | norm: 0.5131 | dt: 1648.13ms | img/sec: 2485.24
step 96970 | loss: 1.861358 | lr 2.0272e-05 | norm: 0.5045 | dt: 1677.38ms | img/sec: 2441.90
step 96971 | loss: 1.921245 | lr 2.0353e-05 | norm: 0.5246 | dt: 1660.85ms | img/sec: 2466.20
step 96972 | loss: 1.751998 | lr 2.0433e-05 | norm: 0.5106 | dt: 1679.00ms | img/sec: 2439.55
step 96973 | loss: 1.821552 | lr 2.0513e-05 | norm: 0.5051 | dt: 1657.43ms | img/sec: 2471.29
step 96974 | loss: 1.789670 | lr 2.0593e-05 | norm: 0.5174 | dt: 1783.86ms | img/sec: 2296.14
step 96975 | loss: 1.845790 | lr 2.0673e-05 | norm: 0.5233 | dt: 1667.73ms | img/sec: 2456.03
step 96976 | loss: 1.846393 | lr 2.0753e-05 | norm: 0.5344 | dt: 1696.88ms | img/sec: 2413.85
step 96977 | loss: 1.822042 | lr 2.0833e-05 | norm: 0.5106 | dt: 1734.29ms | img/sec: 2361.77
step 96978 | loss: 1.809872 | lr 2.0913e-05 | norm: 0.5168 | dt: 1648.78ms | img/sec: 2484.26
step 96979 | loss: 1.878759 | lr 2.0994e-05 | norm: 0.5288 | dt: 1667.32ms | img/sec: 2456.64
step 96980 | loss: 1.873150 | lr 2.1074e-05 | norm: 0.5052 | dt: 1653.14ms | img/sec: 2477.71
step 96981 | loss: 1.789400 | lr 2.1154e-05 | norm: 0.4929 | dt: 1811.15ms | img/sec: 2261.55
step 96982 | loss: 1.843488 | lr 2.1234e-05 | norm: 0.5172 | dt: 1726.38ms | img/sec: 2372.59
step 96983 | loss: 1.796635 | lr 2.1314e-05 | norm: 0.5125 | dt: 1652.65ms | img/sec: 2478.44
step 96984 | loss: 1.704762 | lr 2.1394e-05 | norm: 0.4997 | dt: 1734.08ms | img/sec: 2362.06
step 96985 | loss: 1.851715 | lr 2.1474e-05 | norm: 0.5233 | dt: 1654.55ms | img/sec: 2475.59
step 96986 | loss: 1.763738 | lr 2.1554e-05 | norm: 0.4994 | dt: 1710.71ms | img/sec: 2394.33
step 96987 | loss: 1.796857 | lr 2.1635e-05 | norm: 0.5177 | dt: 1656.04ms | img/sec: 2473.36
step 96988 | loss: 1.916164 | lr 2.1715e-05 | norm: 0.5231 | dt: 1698.79ms | img/sec: 2411.12
step 96989 | loss: 1.845880 | lr 2.1795e-05 | norm: 0.5215 | dt: 1732.46ms | img/sec: 2364.27
step 96990 | loss: 1.863045 | lr 2.1875e-05 | norm: 0.5113 | dt: 1705.80ms | img/sec: 2401.21
step 96991 | loss: 1.805515 | lr 2.1955e-05 | norm: 0.5142 | dt: 1725.05ms | img/sec: 2374.43
step 96992 | loss: 1.807726 | lr 2.2035e-05 | norm: 0.5301 | dt: 1658.81ms | img/sec: 2469.24
step 96993 | loss: 1.793035 | lr 2.2115e-05 | norm: 0.5113 | dt: 1695.66ms | img/sec: 2415.57
step 96994 | loss: 1.895716 | lr 2.2196e-05 | norm: 0.5138 | dt: 1667.46ms | img/sec: 2456.43
step 96995 | loss: 1.819784 | lr 2.2276e-05 | norm: 0.5147 | dt: 1663.54ms | img/sec: 2462.21
step 96996 | loss: 1.852754 | lr 2.2356e-05 | norm: 0.5121 | dt: 1693.91ms | img/sec: 2418.08
step 96997 | loss: 1.787170 | lr 2.2436e-05 | norm: 0.5042 | dt: 1685.91ms | img/sec: 2429.55
step 96998 | loss: 1.819852 | lr 2.2516e-05 | norm: 0.5192 | dt: 1683.36ms | img/sec: 2433.23
step 96999 | loss: 1.844298 | lr 2.2596e-05 | norm: 0.5113 | dt: 1725.15ms | img/sec: 2374.29
step 97000 | val_loss 1.7058 | val_acc 59.85%
step 97000 | loss: 1.855463 | lr 2.2676e-05 | norm: 0.5001 | dt: 8255.79ms | img/sec: 496.14
step 97001 | loss: 1.856411 | lr 2.2756e-05 | norm: 0.5169 | dt: 1877.16ms | img/sec: 2182.02
step 97002 | loss: 1.811198 | lr 2.2837e-05 | norm: 0.5151 | dt: 1658.05ms | img/sec: 2470.37
step 97003 | loss: 1.898285 | lr 2.2917e-05 | norm: 0.5369 | dt: 1681.56ms | img/sec: 2435.84
step 97004 | loss: 1.801952 | lr 2.2997e-05 | norm: 0.5050 | dt: 1649.63ms | img/sec: 2482.98
step 97005 | loss: 1.816147 | lr 2.3077e-05 | norm: 0.5098 | dt: 1659.15ms | img/sec: 2468.73
step 97006 | loss: 1.814864 | lr 2.3157e-05 | norm: 0.4981 | dt: 1703.49ms | img/sec: 2404.47
step 97007 | loss: 1.874034 | lr 2.3237e-05 | norm: 0.5158 | dt: 1694.36ms | img/sec: 2417.44
step 97008 | loss: 1.866530 | lr 2.3317e-05 | norm: 0.5205 | dt: 1713.90ms | img/sec: 2389.87
step 97009 | loss: 1.803292 | lr 2.3397e-05 | norm: 0.5135 | dt: 1649.94ms | img/sec: 2482.52
step 97010 | loss: 1.794189 | lr 2.3478e-05 | norm: 0.5260 | dt: 1678.78ms | img/sec: 2439.87
step 97011 | loss: 1.791409 | lr 2.3558e-05 | norm: 0.5184 | dt: 1673.33ms | img/sec: 2447.81
step 97012 | loss: 1.898489 | lr 2.3638e-05 | norm: 0.5149 | dt: 1702.36ms | img/sec: 2406.08
step 97013 | loss: 1.884515 | lr 2.3718e-05 | norm: 0.5203 | dt: 1697.43ms | img/sec: 2413.06
step 97014 | loss: 1.877053 | lr 2.3798e-05 | norm: 0.5123 | dt: 1775.79ms | img/sec: 2306.57
step 97015 | loss: 1.807459 | lr 2.3878e-05 | norm: 0.5122 | dt: 1654.57ms | img/sec: 2475.57
step 97016 | loss: 1.767928 | lr 2.3958e-05 | norm: 0.5075 | dt: 1694.09ms | img/sec: 2417.82
step 97017 | loss: 1.741619 | lr 2.4038e-05 | norm: 0.5091 | dt: 1731.51ms | img/sec: 2365.56
step 97018 | loss: 1.768546 | lr 2.4119e-05 | norm: 0.5194 | dt: 1723.92ms | img/sec: 2375.98
step 97019 | loss: 1.847348 | lr 2.4199e-05 | norm: 0.5207 | dt: 1727.14ms | img/sec: 2371.55
step 97020 | loss: 1.775398 | lr 2.4279e-05 | norm: 0.5037 | dt: 1767.57ms | img/sec: 2317.30
step 97021 | loss: 1.856426 | lr 2.4359e-05 | norm: 0.5191 | dt: 1657.22ms | img/sec: 2471.61
step 97022 | loss: 1.800745 | lr 2.4439e-05 | norm: 0.5148 | dt: 1706.16ms | img/sec: 2400.72
step 97023 | loss: 1.777037 | lr 2.4519e-05 | norm: 0.4961 | dt: 1695.32ms | img/sec: 2416.06
step 97024 | loss: 1.867644 | lr 2.4599e-05 | norm: 0.5184 | dt: 1658.25ms | img/sec: 2470.07
step 97025 | loss: 1.868742 | lr 2.4679e-05 | norm: 0.5242 | dt: 1840.85ms | img/sec: 2225.06
step 97026 | loss: 1.834719 | lr 2.4760e-05 | norm: 0.5246 | dt: 1667.63ms | img/sec: 2456.18
step 97027 | loss: 1.785875 | lr 2.4840e-05 | norm: 0.5030 | dt: 1652.62ms | img/sec: 2478.49
step 97028 | loss: 1.940895 | lr 2.4920e-05 | norm: 0.5149 | dt: 1678.42ms | img/sec: 2440.40
step 97029 | loss: 1.823860 | lr 2.5000e-05 | norm: 0.5120 | dt: 1676.49ms | img/sec: 2443.20
step 97030 | loss: 1.780837 | lr 2.5080e-05 | norm: 0.5245 | dt: 1705.11ms | img/sec: 2402.18
step 97031 | loss: 1.830213 | lr 2.5160e-05 | norm: 0.5169 | dt: 1652.10ms | img/sec: 2479.27
step 97032 | loss: 1.823520 | lr 2.5240e-05 | norm: 0.5433 | dt: 1702.98ms | img/sec: 2405.19
step 97033 | loss: 1.777990 | lr 2.5321e-05 | norm: 0.5051 | dt: 1692.97ms | img/sec: 2419.42
step 97034 | loss: 1.883063 | lr 2.5401e-05 | norm: 0.5109 | dt: 1721.84ms | img/sec: 2378.86
step 97035 | loss: 1.850634 | lr 2.5481e-05 | norm: 0.5022 | dt: 1700.50ms | img/sec: 2408.71
step 97036 | loss: 1.855854 | lr 2.5561e-05 | norm: 0.5259 | dt: 1681.84ms | img/sec: 2435.42
step 97037 | loss: 1.882296 | lr 2.5641e-05 | norm: 0.5062 | dt: 1746.27ms | img/sec: 2345.57
step 97038 | loss: 1.790831 | lr 2.5721e-05 | norm: 0.5199 | dt: 1648.45ms | img/sec: 2484.76
step 97039 | loss: 1.869828 | lr 2.5801e-05 | norm: 0.4992 | dt: 1656.68ms | img/sec: 2472.42
step 97040 | loss: 1.762799 | lr 2.5881e-05 | norm: 0.5078 | dt: 1655.02ms | img/sec: 2474.90
step 97041 | loss: 1.831236 | lr 2.5962e-05 | norm: 0.5219 | dt: 1658.28ms | img/sec: 2470.03
step 97042 | loss: 1.783493 | lr 2.6042e-05 | norm: 0.5084 | dt: 1704.31ms | img/sec: 2403.32
step 97043 | loss: 1.866507 | lr 2.6122e-05 | norm: 0.5044 | dt: 1651.94ms | img/sec: 2479.51
step 97044 | loss: 1.852392 | lr 2.6202e-05 | norm: 0.5237 | dt: 1781.14ms | img/sec: 2299.65
step 97045 | loss: 1.769442 | lr 2.6282e-05 | norm: 0.5087 | dt: 1650.42ms | img/sec: 2481.79
step 97046 | loss: 1.820125 | lr 2.6362e-05 | norm: 0.5213 | dt: 1666.42ms | img/sec: 2457.96
step 97047 | loss: 1.813455 | lr 2.6442e-05 | norm: 0.5034 | dt: 1653.66ms | img/sec: 2476.93
step 97048 | loss: 1.798997 | lr 2.6522e-05 | norm: 0.4975 | dt: 1651.96ms | img/sec: 2479.47
step 97049 | loss: 1.925822 | lr 2.6603e-05 | norm: 0.5128 | dt: 1707.14ms | img/sec: 2399.34
step 97050 | loss: 1.813367 | lr 2.6683e-05 | norm: 0.5151 | dt: 1695.14ms | img/sec: 2416.32
step 97051 | loss: 1.832557 | lr 2.6763e-05 | norm: 0.5209 | dt: 1718.28ms | img/sec: 2383.78
step 97052 | loss: 1.863516 | lr 2.6843e-05 | norm: 0.5294 | dt: 1684.67ms | img/sec: 2431.33
step 97053 | loss: 1.785125 | lr 2.6923e-05 | norm: 0.5119 | dt: 1654.34ms | img/sec: 2475.90
step 97054 | loss: 1.839049 | lr 2.7003e-05 | norm: 0.5146 | dt: 1706.19ms | img/sec: 2400.67
step 97055 | loss: 1.856327 | lr 2.7083e-05 | norm: 0.5092 | dt: 1651.61ms | img/sec: 2480.01
step 97056 | loss: 1.813618 | lr 2.7163e-05 | norm: 0.5224 | dt: 1696.00ms | img/sec: 2415.09
step 97057 | loss: 1.893993 | lr 2.7244e-05 | norm: 0.5426 | dt: 1701.81ms | img/sec: 2406.85
step 97058 | loss: 1.812009 | lr 2.7324e-05 | norm: 0.5064 | dt: 1702.39ms | img/sec: 2406.03
step 97059 | loss: 1.846571 | lr 2.7404e-05 | norm: 0.5138 | dt: 1649.86ms | img/sec: 2482.64
step 97060 | loss: 1.861022 | lr 2.7484e-05 | norm: 0.5266 | dt: 1686.06ms | img/sec: 2429.34
step 97061 | loss: 1.818315 | lr 2.7564e-05 | norm: 0.5181 | dt: 1658.42ms | img/sec: 2469.82
step 97062 | loss: 1.906420 | lr 2.7644e-05 | norm: 0.5096 | dt: 1654.71ms | img/sec: 2475.36
step 97063 | loss: 1.796188 | lr 2.7724e-05 | norm: 0.5229 | dt: 1652.42ms | img/sec: 2478.79
step 97064 | loss: 1.759853 | lr 2.7804e-05 | norm: 0.5037 | dt: 1764.59ms | img/sec: 2321.22
step 97065 | loss: 1.856350 | lr 2.7885e-05 | norm: 0.5146 | dt: 1680.35ms | img/sec: 2437.59
step 97066 | loss: 1.916808 | lr 2.7965e-05 | norm: 0.5196 | dt: 1699.78ms | img/sec: 2409.72
step 97067 | loss: 1.854782 | lr 2.8045e-05 | norm: 0.5133 | dt: 1653.02ms | img/sec: 2477.89
step 97068 | loss: 1.816222 | lr 2.8125e-05 | norm: 0.5245 | dt: 1662.88ms | img/sec: 2463.20
step 97069 | loss: 1.804353 | lr 2.8205e-05 | norm: 0.5172 | dt: 1692.49ms | img/sec: 2420.11
step 97070 | loss: 1.793098 | lr 2.8285e-05 | norm: 0.5264 | dt: 1691.84ms | img/sec: 2421.03
step 97071 | loss: 1.765824 | lr 2.8365e-05 | norm: 0.5262 | dt: 1655.48ms | img/sec: 2474.21
step 97072 | loss: 1.739887 | lr 2.8446e-05 | norm: 0.5327 | dt: 1680.54ms | img/sec: 2437.30
step 97073 | loss: 1.905532 | lr 2.8526e-05 | norm: 0.5305 | dt: 1676.16ms | img/sec: 2443.68
step 97074 | loss: 1.812892 | lr 2.8606e-05 | norm: 0.5228 | dt: 1655.82ms | img/sec: 2473.70
step 97075 | loss: 1.779141 | lr 2.8686e-05 | norm: 0.5196 | dt: 1659.84ms | img/sec: 2467.70
step 97076 | loss: 1.769498 | lr 2.8766e-05 | norm: 0.5184 | dt: 1656.89ms | img/sec: 2472.11
step 97077 | loss: 1.868286 | lr 2.8846e-05 | norm: 0.5233 | dt: 1657.36ms | img/sec: 2471.41
step 97078 | loss: 1.857726 | lr 2.8926e-05 | norm: 0.5112 | dt: 1806.75ms | img/sec: 2267.05
step 97079 | loss: 1.923253 | lr 2.9006e-05 | norm: 0.5232 | dt: 1671.94ms | img/sec: 2449.85
step 97080 | loss: 1.795819 | lr 2.9087e-05 | norm: 0.5116 | dt: 1720.11ms | img/sec: 2381.24
step 97081 | loss: 1.866786 | lr 2.9167e-05 | norm: 0.5183 | dt: 1646.72ms | img/sec: 2487.36
step 97082 | loss: 1.827904 | lr 2.9247e-05 | norm: 0.5186 | dt: 1772.59ms | img/sec: 2310.75
step 97083 | loss: 1.836078 | lr 2.9327e-05 | norm: 0.5200 | dt: 1688.15ms | img/sec: 2426.33
step 97084 | loss: 1.846765 | lr 2.9407e-05 | norm: 0.5238 | dt: 1645.78ms | img/sec: 2488.79
step 97085 | loss: 1.763006 | lr 2.9487e-05 | norm: 0.5025 | dt: 1724.69ms | img/sec: 2374.93
step 97086 | loss: 1.798427 | lr 2.9567e-05 | norm: 0.5121 | dt: 1651.62ms | img/sec: 2479.98
step 97087 | loss: 1.832088 | lr 2.9647e-05 | norm: 0.5100 | dt: 1649.11ms | img/sec: 2483.77
step 97088 | loss: 1.823401 | lr 2.9728e-05 | norm: 0.5067 | dt: 1701.45ms | img/sec: 2407.35
step 97089 | loss: 1.798380 | lr 2.9808e-05 | norm: 0.4982 | dt: 1660.30ms | img/sec: 2467.03
step 97090 | loss: 1.837337 | lr 2.9888e-05 | norm: 0.5255 | dt: 1670.82ms | img/sec: 2451.50
step 97091 | loss: 1.814715 | lr 2.9968e-05 | norm: 0.5308 | dt: 1652.83ms | img/sec: 2478.17
step 97092 | loss: 1.865706 | lr 3.0048e-05 | norm: 0.5236 | dt: 1657.79ms | img/sec: 2470.76
step 97093 | loss: 1.847589 | lr 3.0128e-05 | norm: 0.5167 | dt: 1648.42ms | img/sec: 2484.80
step 97094 | loss: 1.880288 | lr 3.0208e-05 | norm: 0.5192 | dt: 1668.65ms | img/sec: 2454.67
step 97095 | loss: 1.839950 | lr 3.0288e-05 | norm: 0.5141 | dt: 1653.66ms | img/sec: 2476.94
step 97096 | loss: 1.799410 | lr 3.0369e-05 | norm: 0.5105 | dt: 1657.99ms | img/sec: 2470.46
step 97097 | loss: 1.835680 | lr 3.0449e-05 | norm: 0.5215 | dt: 1722.03ms | img/sec: 2378.59
step 97098 | loss: 1.817260 | lr 3.0529e-05 | norm: 0.5220 | dt: 1664.18ms | img/sec: 2461.27
step 97099 | loss: 1.872828 | lr 3.0609e-05 | norm: 0.5267 | dt: 1668.35ms | img/sec: 2455.12
step 97100 | loss: 1.716883 | lr 3.0689e-05 | norm: 0.5021 | dt: 1716.72ms | img/sec: 2385.95
step 97101 | loss: 1.868467 | lr 3.0769e-05 | norm: 0.5151 | dt: 1701.51ms | img/sec: 2407.27
step 97102 | loss: 1.838546 | lr 3.0849e-05 | norm: 0.5224 | dt: 1680.16ms | img/sec: 2437.86
step 97103 | loss: 1.995237 | lr 3.0929e-05 | norm: 0.5416 | dt: 1697.65ms | img/sec: 2412.74
step 97104 | loss: 1.872377 | lr 3.1010e-05 | norm: 0.5355 | dt: 1684.38ms | img/sec: 2431.76
step 97105 | loss: 1.894900 | lr 3.1090e-05 | norm: 0.5519 | dt: 1649.80ms | img/sec: 2482.73
step 97106 | loss: 1.834232 | lr 3.1170e-05 | norm: 0.5289 | dt: 1704.78ms | img/sec: 2402.65
step 97107 | loss: 1.854891 | lr 3.1250e-05 | norm: 0.5099 | dt: 1667.73ms | img/sec: 2456.04
step 97108 | loss: 1.755889 | lr 3.1330e-05 | norm: 0.5086 | dt: 1665.16ms | img/sec: 2459.82
step 97109 | loss: 1.873997 | lr 3.1410e-05 | norm: 0.5214 | dt: 1726.31ms | img/sec: 2372.69
step 97110 | loss: 1.815733 | lr 3.1490e-05 | norm: 0.4994 | dt: 1727.79ms | img/sec: 2370.66
step 97111 | loss: 1.840030 | lr 3.1571e-05 | norm: 0.5125 | dt: 1703.81ms | img/sec: 2404.03
step 97112 | loss: 1.791696 | lr 3.1651e-05 | norm: 0.5094 | dt: 1698.32ms | img/sec: 2411.80
step 97113 | loss: 1.785217 | lr 3.1731e-05 | norm: 0.5213 | dt: 1688.34ms | img/sec: 2426.06
step 97114 | loss: 1.827686 | lr 3.1811e-05 | norm: 0.5145 | dt: 1707.65ms | img/sec: 2398.61
step 97115 | loss: 1.863893 | lr 3.1891e-05 | norm: 0.5178 | dt: 1754.23ms | img/sec: 2334.93
step 97116 | loss: 1.781252 | lr 3.1971e-05 | norm: 0.5217 | dt: 1659.83ms | img/sec: 2467.73
step 97117 | loss: 1.816899 | lr 3.2051e-05 | norm: 0.5190 | dt: 1685.03ms | img/sec: 2430.82
step 97118 | loss: 1.824912 | lr 3.2131e-05 | norm: 0.5277 | dt: 1715.19ms | img/sec: 2388.07
step 97119 | loss: 1.814813 | lr 3.2212e-05 | norm: 0.5289 | dt: 1653.03ms | img/sec: 2477.88
step 97120 | loss: 1.776469 | lr 3.2292e-05 | norm: 0.5196 | dt: 1732.51ms | img/sec: 2364.20
step 97121 | loss: 1.818349 | lr 3.2372e-05 | norm: 0.5183 | dt: 1706.82ms | img/sec: 2399.79
step 97122 | loss: 1.828694 | lr 3.2452e-05 | norm: 0.5224 | dt: 1673.84ms | img/sec: 2447.07
step 97123 | loss: 1.872561 | lr 3.2532e-05 | norm: 0.5214 | dt: 1681.69ms | img/sec: 2435.65
step 97124 | loss: 1.868367 | lr 3.2612e-05 | norm: 0.5251 | dt: 1728.14ms | img/sec: 2370.18
step 97125 | loss: 1.810549 | lr 3.2692e-05 | norm: 0.5196 | dt: 1767.67ms | img/sec: 2317.17
step 97126 | loss: 1.713474 | lr 3.2772e-05 | norm: 0.5015 | dt: 1719.16ms | img/sec: 2382.56
step 97127 | loss: 1.925091 | lr 3.2853e-05 | norm: 0.5152 | dt: 1675.36ms | img/sec: 2444.85
step 97128 | loss: 1.826061 | lr 3.2933e-05 | norm: 0.5316 | dt: 1652.25ms | img/sec: 2479.04
step 97129 | loss: 1.724316 | lr 3.3013e-05 | norm: 0.5270 | dt: 1774.40ms | img/sec: 2308.39
step 97130 | loss: 1.967366 | lr 3.3093e-05 | norm: 0.5374 | dt: 1669.04ms | img/sec: 2454.10
step 97131 | loss: 1.819240 | lr 3.3173e-05 | norm: 0.5252 | dt: 1665.65ms | img/sec: 2459.11
step 97132 | loss: 1.709174 | lr 3.3253e-05 | norm: 0.5326 | dt: 1651.78ms | img/sec: 2479.75
step 97133 | loss: 1.769364 | lr 3.3333e-05 | norm: 0.5124 | dt: 1661.22ms | img/sec: 2465.66
step 97134 | loss: 1.804280 | lr 3.3413e-05 | norm: 0.5164 | dt: 1664.25ms | img/sec: 2461.17
step 97135 | loss: 1.732665 | lr 3.3494e-05 | norm: 0.5154 | dt: 1654.64ms | img/sec: 2475.47
step 97136 | loss: 1.742228 | lr 3.3574e-05 | norm: 0.5096 | dt: 1738.36ms | img/sec: 2356.25
step 97137 | loss: 1.814818 | lr 3.3654e-05 | norm: 0.5149 | dt: 1659.33ms | img/sec: 2468.47
step 97138 | loss: 1.892216 | lr 3.3734e-05 | norm: 0.5342 | dt: 1700.26ms | img/sec: 2409.04
step 97139 | loss: 1.916345 | lr 3.3814e-05 | norm: 0.5329 | dt: 1650.12ms | img/sec: 2482.24
step 97140 | loss: 1.892762 | lr 3.3894e-05 | norm: 0.5410 | dt: 1747.85ms | img/sec: 2343.45
step 97141 | loss: 1.870385 | lr 3.3974e-05 | norm: 0.5332 | dt: 1698.06ms | img/sec: 2412.17
step 97142 | loss: 1.830219 | lr 3.4054e-05 | norm: 0.5279 | dt: 1668.03ms | img/sec: 2455.60
step 97143 | loss: 1.815628 | lr 3.4135e-05 | norm: 0.5237 | dt: 1650.47ms | img/sec: 2481.72
step 97144 | loss: 1.798773 | lr 3.4215e-05 | norm: 0.5061 | dt: 1780.18ms | img/sec: 2300.90
step 97145 | loss: 1.779687 | lr 3.4295e-05 | norm: 0.4951 | dt: 1679.37ms | img/sec: 2439.01
step 97146 | loss: 1.839655 | lr 3.4375e-05 | norm: 0.5414 | dt: 1731.51ms | img/sec: 2365.57
step 97147 | loss: 1.861398 | lr 3.4455e-05 | norm: 0.5172 | dt: 1765.62ms | img/sec: 2319.86
step 97148 | loss: 1.837160 | lr 3.4535e-05 | norm: 0.5271 | dt: 1706.83ms | img/sec: 2399.77
step 97149 | loss: 1.795128 | lr 3.4615e-05 | norm: 0.5019 | dt: 1707.64ms | img/sec: 2398.63
step 97150 | loss: 1.839946 | lr 3.4696e-05 | norm: 0.5189 | dt: 1649.67ms | img/sec: 2482.92
step 97151 | loss: 1.896680 | lr 3.4776e-05 | norm: 0.5226 | dt: 1653.50ms | img/sec: 2477.17
step 97152 | loss: 1.830927 | lr 3.4856e-05 | norm: 0.5213 | dt: 1660.47ms | img/sec: 2466.78
step 97153 | loss: 1.779335 | lr 3.4936e-05 | norm: 0.5173 | dt: 1696.82ms | img/sec: 2413.92
step 97154 | loss: 1.763467 | lr 3.5016e-05 | norm: 0.5094 | dt: 1680.77ms | img/sec: 2436.97
step 97155 | loss: 1.875142 | lr 3.5096e-05 | norm: 0.5151 | dt: 1758.41ms | img/sec: 2329.38
step 97156 | loss: 1.791214 | lr 3.5176e-05 | norm: 0.5046 | dt: 1651.76ms | img/sec: 2479.79
step 97157 | loss: 1.884983 | lr 3.5256e-05 | norm: 0.5273 | dt: 1655.98ms | img/sec: 2473.46
step 97158 | loss: 1.835954 | lr 3.5337e-05 | norm: 0.5076 | dt: 1726.22ms | img/sec: 2372.81
step 97159 | loss: 1.881915 | lr 3.5417e-05 | norm: 0.5267 | dt: 1786.04ms | img/sec: 2293.35
step 97160 | loss: 1.934439 | lr 3.5497e-05 | norm: 0.5192 | dt: 1796.58ms | img/sec: 2279.89
step 97161 | loss: 1.824325 | lr 3.5577e-05 | norm: 0.5217 | dt: 1792.29ms | img/sec: 2285.34
step 97162 | loss: 1.781357 | lr 3.5657e-05 | norm: 0.5052 | dt: 1702.91ms | img/sec: 2405.29
step 97163 | loss: 1.885954 | lr 3.5737e-05 | norm: 0.5154 | dt: 1684.59ms | img/sec: 2431.45
step 97164 | loss: 1.795759 | lr 3.5817e-05 | norm: 0.5022 | dt: 1717.30ms | img/sec: 2385.14
step 97165 | loss: 1.867396 | lr 3.5897e-05 | norm: 0.5355 | dt: 1683.16ms | img/sec: 2433.52
step 97166 | loss: 1.747666 | lr 3.5978e-05 | norm: 0.5047 | dt: 1663.07ms | img/sec: 2462.91
step 97167 | loss: 1.846667 | lr 3.6058e-05 | norm: 0.5135 | dt: 1811.13ms | img/sec: 2261.57
step 97168 | loss: 1.841884 | lr 3.6138e-05 | norm: 0.5190 | dt: 1777.35ms | img/sec: 2304.56
step 97169 | loss: 1.814721 | lr 3.6218e-05 | norm: 0.5267 | dt: 1714.28ms | img/sec: 2389.34
step 97170 | loss: 1.887172 | lr 3.6298e-05 | norm: 0.5255 | dt: 1739.38ms | img/sec: 2354.86
step 97171 | loss: 1.842380 | lr 3.6378e-05 | norm: 0.5156 | dt: 1721.12ms | img/sec: 2379.85
step 97172 | loss: 1.815709 | lr 3.6458e-05 | norm: 0.5229 | dt: 1756.10ms | img/sec: 2332.44
step 97173 | loss: 1.786334 | lr 3.6538e-05 | norm: 0.5061 | dt: 1676.56ms | img/sec: 2443.09
step 97174 | loss: 1.847688 | lr 3.6619e-05 | norm: 0.5184 | dt: 1725.68ms | img/sec: 2373.56
step 97175 | loss: 1.848779 | lr 3.6699e-05 | norm: 0.5154 | dt: 1668.75ms | img/sec: 2454.54
step 97176 | loss: 1.862917 | lr 3.6779e-05 | norm: 0.5189 | dt: 1764.57ms | img/sec: 2321.25
step 97177 | loss: 1.919407 | lr 3.6859e-05 | norm: 0.5256 | dt: 1720.56ms | img/sec: 2380.61
step 97178 | loss: 1.799955 | lr 3.6939e-05 | norm: 0.5246 | dt: 1650.75ms | img/sec: 2481.29
step 97179 | loss: 1.770417 | lr 3.7019e-05 | norm: 0.5093 | dt: 1657.56ms | img/sec: 2471.10
step 97180 | loss: 1.874853 | lr 3.7099e-05 | norm: 0.5329 | dt: 1656.15ms | img/sec: 2473.21
step 97181 | loss: 1.785007 | lr 3.7179e-05 | norm: 0.5141 | dt: 1760.90ms | img/sec: 2326.09
step 97182 | loss: 1.821856 | lr 3.7260e-05 | norm: 0.5143 | dt: 1651.08ms | img/sec: 2480.81
step 97183 | loss: 1.832164 | lr 3.7340e-05 | norm: 0.5157 | dt: 1715.02ms | img/sec: 2388.31
step 97184 | loss: 1.835862 | lr 3.7420e-05 | norm: 0.5512 | dt: 1653.43ms | img/sec: 2477.27
step 97185 | loss: 1.813013 | lr 3.7500e-05 | norm: 0.5242 | dt: 1705.04ms | img/sec: 2402.29
step 97186 | loss: 1.756737 | lr 3.7580e-05 | norm: 0.5072 | dt: 1701.50ms | img/sec: 2407.29
step 97187 | loss: 1.829282 | lr 3.7660e-05 | norm: 0.5140 | dt: 1658.60ms | img/sec: 2469.56
step 97188 | loss: 1.867003 | lr 3.7740e-05 | norm: 0.5093 | dt: 1668.12ms | img/sec: 2455.46
step 97189 | loss: 1.845047 | lr 3.7821e-05 | norm: 0.5103 | dt: 1674.85ms | img/sec: 2445.59
step 97190 | loss: 1.865214 | lr 3.7901e-05 | norm: 0.5227 | dt: 1672.68ms | img/sec: 2448.76
step 97191 | loss: 1.820726 | lr 3.7981e-05 | norm: 0.5284 | dt: 1653.31ms | img/sec: 2477.46
step 97192 | loss: 1.792272 | lr 3.8061e-05 | norm: 0.5110 | dt: 1652.53ms | img/sec: 2478.62
step 97193 | loss: 1.870509 | lr 3.8141e-05 | norm: 0.5394 | dt: 1676.72ms | img/sec: 2442.86
step 97194 | loss: 1.946012 | lr 3.8221e-05 | norm: 0.5325 | dt: 1695.07ms | img/sec: 2416.41
step 97195 | loss: 1.826088 | lr 3.8301e-05 | norm: 0.5171 | dt: 1669.67ms | img/sec: 2453.18
step 97196 | loss: 1.839599 | lr 3.8381e-05 | norm: 0.5337 | dt: 1660.64ms | img/sec: 2466.52
step 97197 | loss: 1.827704 | lr 3.8462e-05 | norm: 0.5175 | dt: 1779.81ms | img/sec: 2301.37
step 97198 | loss: 1.821559 | lr 3.8542e-05 | norm: 0.5251 | dt: 1644.93ms | img/sec: 2490.07
step 97199 | loss: 1.854741 | lr 3.8622e-05 | norm: 0.5160 | dt: 1710.13ms | img/sec: 2395.14
step 97200 | loss: 1.851518 | lr 3.8702e-05 | norm: 0.5194 | dt: 1713.73ms | img/sec: 2390.11
step 97201 | loss: 1.796808 | lr 3.8782e-05 | norm: 0.5055 | dt: 1720.70ms | img/sec: 2380.43
step 97202 | loss: 1.799081 | lr 3.8862e-05 | norm: 0.5061 | dt: 1652.21ms | img/sec: 2479.11
step 97203 | loss: 1.742151 | lr 3.8942e-05 | norm: 0.5030 | dt: 1704.08ms | img/sec: 2403.65
step 97204 | loss: 1.845297 | lr 3.9022e-05 | norm: 0.5153 | dt: 1662.44ms | img/sec: 2463.84
step 97205 | loss: 1.837590 | lr 3.9103e-05 | norm: 0.5377 | dt: 1656.84ms | img/sec: 2472.18
step 97206 | loss: 1.832017 | lr 3.9183e-05 | norm: 0.5208 | dt: 1668.45ms | img/sec: 2454.97
step 97207 | loss: 1.823046 | lr 3.9263e-05 | norm: 0.5203 | dt: 1646.65ms | img/sec: 2487.47
step 97208 | loss: 1.825242 | lr 3.9343e-05 | norm: 0.5172 | dt: 1674.47ms | img/sec: 2446.15
step 97209 | loss: 1.757463 | lr 3.9423e-05 | norm: 0.5193 | dt: 1649.25ms | img/sec: 2483.56
step 97210 | loss: 1.713984 | lr 3.9503e-05 | norm: 0.5062 | dt: 1647.72ms | img/sec: 2485.86
step 97211 | loss: 1.798429 | lr 3.9583e-05 | norm: 0.5053 | dt: 1662.42ms | img/sec: 2463.87
step 97212 | loss: 1.818182 | lr 3.9663e-05 | norm: 0.5273 | dt: 1642.56ms | img/sec: 2493.67
step 97213 | loss: 1.846502 | lr 3.9744e-05 | norm: 0.5071 | dt: 1653.14ms | img/sec: 2477.70
step 97214 | loss: 1.843526 | lr 3.9824e-05 | norm: 0.5353 | dt: 1686.32ms | img/sec: 2428.96
step 97215 | loss: 1.878307 | lr 3.9904e-05 | norm: 0.5377 | dt: 1677.58ms | img/sec: 2441.62
step 97216 | loss: 1.821963 | lr 3.9984e-05 | norm: 0.5278 | dt: 1772.24ms | img/sec: 2311.19
step 97217 | loss: 1.740192 | lr 4.0064e-05 | norm: 0.5287 | dt: 1672.78ms | img/sec: 2448.63
step 97218 | loss: 1.886703 | lr 4.0144e-05 | norm: 0.5308 | dt: 1762.64ms | img/sec: 2323.79
step 97219 | loss: 1.768956 | lr 4.0224e-05 | norm: 0.5265 | dt: 1743.81ms | img/sec: 2348.89
step 97220 | loss: 1.901986 | lr 4.0304e-05 | norm: 0.5476 | dt: 1692.67ms | img/sec: 2419.85
step 97221 | loss: 1.771714 | lr 4.0385e-05 | norm: 0.5284 | dt: 1690.56ms | img/sec: 2422.86
step 97222 | loss: 1.883571 | lr 4.0465e-05 | norm: 0.5338 | dt: 1724.34ms | img/sec: 2375.39
step 97223 | loss: 1.774131 | lr 4.0545e-05 | norm: 0.5243 | dt: 1684.81ms | img/sec: 2431.14
step 97224 | loss: 1.819209 | lr 4.0625e-05 | norm: 0.5125 | dt: 1705.46ms | img/sec: 2401.69
step 97225 | loss: 1.862186 | lr 4.0705e-05 | norm: 0.5396 | dt: 1725.31ms | img/sec: 2374.07
step 97226 | loss: 1.769255 | lr 4.0785e-05 | norm: 0.5109 | dt: 1731.27ms | img/sec: 2365.89
step 97227 | loss: 1.813163 | lr 4.0865e-05 | norm: 0.5450 | dt: 1661.27ms | img/sec: 2465.59
step 97228 | loss: 1.770598 | lr 4.0946e-05 | norm: 0.5127 | dt: 1743.17ms | img/sec: 2349.74
step 97229 | loss: 1.726949 | lr 4.1026e-05 | norm: 0.5055 | dt: 1744.34ms | img/sec: 2348.16
step 97230 | loss: 1.848782 | lr 4.1106e-05 | norm: 0.5183 | dt: 1751.14ms | img/sec: 2339.05
step 97231 | loss: 1.786208 | lr 4.1186e-05 | norm: 0.5229 | dt: 1649.78ms | img/sec: 2482.76
step 97232 | loss: 1.853996 | lr 4.1266e-05 | norm: 0.5213 | dt: 1799.59ms | img/sec: 2276.07
step 97233 | loss: 1.728974 | lr 4.1346e-05 | norm: 0.5025 | dt: 1646.18ms | img/sec: 2488.18
step 97234 | loss: 1.814048 | lr 4.1426e-05 | norm: 0.5039 | dt: 1692.01ms | img/sec: 2420.79
step 97235 | loss: 1.804790 | lr 4.1506e-05 | norm: 0.5256 | dt: 1781.64ms | img/sec: 2299.01
step 97236 | loss: 1.829094 | lr 4.1587e-05 | norm: 0.5220 | dt: 1667.28ms | img/sec: 2456.70
step 97237 | loss: 1.829255 | lr 4.1667e-05 | norm: 0.5265 | dt: 1653.49ms | img/sec: 2477.18
step 97238 | loss: 1.860100 | lr 4.1747e-05 | norm: 0.5255 | dt: 1688.90ms | img/sec: 2425.25
step 97239 | loss: 1.881262 | lr 4.1827e-05 | norm: 0.5265 | dt: 1661.96ms | img/sec: 2464.56
step 97240 | loss: 1.836291 | lr 4.1907e-05 | norm: 0.5410 | dt: 1723.40ms | img/sec: 2376.69
step 97241 | loss: 1.838241 | lr 4.1987e-05 | norm: 0.5292 | dt: 1733.00ms | img/sec: 2363.53
step 97242 | loss: 1.810958 | lr 4.2067e-05 | norm: 0.5094 | dt: 1652.23ms | img/sec: 2479.07
step 97243 | loss: 1.854076 | lr 4.2147e-05 | norm: 0.5348 | dt: 1719.18ms | img/sec: 2382.54
step 97244 | loss: 1.790047 | lr 4.2228e-05 | norm: 0.5200 | dt: 1650.37ms | img/sec: 2481.87
step 97245 | loss: 1.795519 | lr 4.2308e-05 | norm: 0.5319 | dt: 1678.08ms | img/sec: 2440.89
step 97246 | loss: 1.821994 | lr 4.2388e-05 | norm: 0.5165 | dt: 1728.42ms | img/sec: 2369.79
step 97247 | loss: 1.756636 | lr 4.2468e-05 | norm: 0.5098 | dt: 1769.92ms | img/sec: 2314.23
step 97248 | loss: 1.706023 | lr 4.2548e-05 | norm: 0.5233 | dt: 1764.25ms | img/sec: 2321.67
step 97249 | loss: 1.798754 | lr 4.2628e-05 | norm: 0.5396 | dt: 1678.81ms | img/sec: 2439.83
step 97250 | loss: 1.846709 | lr 4.2708e-05 | norm: 0.5217 | dt: 1780.13ms | img/sec: 2300.96
step 97251 | loss: 1.867219 | lr 4.2788e-05 | norm: 0.5287 | dt: 1737.15ms | img/sec: 2357.88
step 97252 | loss: 1.852965 | lr 4.2869e-05 | norm: 0.5228 | dt: 1769.65ms | img/sec: 2314.58
step 97253 | loss: 1.837623 | lr 4.2949e-05 | norm: 0.5430 | dt: 1825.45ms | img/sec: 2243.83
step 97254 | loss: 1.856154 | lr 4.3029e-05 | norm: 0.5086 | dt: 1658.79ms | img/sec: 2469.26
step 97255 | loss: 1.855785 | lr 4.3109e-05 | norm: 0.5273 | dt: 1644.90ms | img/sec: 2490.11
step 97256 | loss: 1.794079 | lr 4.3189e-05 | norm: 0.5189 | dt: 1665.06ms | img/sec: 2459.97
step 97257 | loss: 1.807171 | lr 4.3269e-05 | norm: 0.5443 | dt: 1661.23ms | img/sec: 2465.64
step 97258 | loss: 1.892643 | lr 4.3349e-05 | norm: 0.5416 | dt: 1700.89ms | img/sec: 2408.15
step 97259 | loss: 1.803124 | lr 4.3429e-05 | norm: 0.5165 | dt: 1739.88ms | img/sec: 2354.18
step 97260 | loss: 1.776863 | lr 4.3510e-05 | norm: 0.5160 | dt: 1701.42ms | img/sec: 2407.40
step 97261 | loss: 1.777018 | lr 4.3590e-05 | norm: 0.5071 | dt: 1648.48ms | img/sec: 2484.71
step 97262 | loss: 1.819787 | lr 4.3670e-05 | norm: 0.5335 | dt: 1654.86ms | img/sec: 2475.13
step 97263 | loss: 1.777661 | lr 4.3750e-05 | norm: 0.5230 | dt: 1663.77ms | img/sec: 2461.87
step 97264 | loss: 1.811040 | lr 4.3830e-05 | norm: 0.5316 | dt: 1800.38ms | img/sec: 2275.08
step 97265 | loss: 1.871098 | lr 4.3910e-05 | norm: 0.5233 | dt: 1733.37ms | img/sec: 2363.03
step 97266 | loss: 1.805890 | lr 4.3990e-05 | norm: 0.5174 | dt: 1690.36ms | img/sec: 2423.15
step 97267 | loss: 1.857118 | lr 4.4071e-05 | norm: 0.5260 | dt: 1728.24ms | img/sec: 2370.04
step 97268 | loss: 1.813112 | lr 4.4151e-05 | norm: 0.5339 | dt: 1650.03ms | img/sec: 2482.37
step 97269 | loss: 1.807882 | lr 4.4231e-05 | norm: 0.5109 | dt: 1763.99ms | img/sec: 2322.00
step 97270 | loss: 1.854560 | lr 4.4311e-05 | norm: 0.5110 | dt: 1687.80ms | img/sec: 2426.82
step 97271 | loss: 1.809589 | lr 4.4391e-05 | norm: 0.5116 | dt: 1653.81ms | img/sec: 2476.70
step 97272 | loss: 1.834826 | lr 4.4471e-05 | norm: 0.5130 | dt: 1794.85ms | img/sec: 2282.09
step 97273 | loss: 1.854463 | lr 4.4551e-05 | norm: 0.5256 | dt: 1728.73ms | img/sec: 2369.38
step 97274 | loss: 1.793295 | lr 4.4631e-05 | norm: 0.5105 | dt: 1659.88ms | img/sec: 2467.65
step 97275 | loss: 1.835762 | lr 4.4712e-05 | norm: 0.5222 | dt: 1731.67ms | img/sec: 2365.35
step 97276 | loss: 1.902417 | lr 4.4792e-05 | norm: 0.5255 | dt: 1691.15ms | img/sec: 2422.02
step 97277 | loss: 1.906735 | lr 4.4872e-05 | norm: 0.5204 | dt: 1684.10ms | img/sec: 2432.16
step 97278 | loss: 1.755877 | lr 4.4952e-05 | norm: 0.5264 | dt: 1663.44ms | img/sec: 2462.36
step 97279 | loss: 1.838148 | lr 4.5032e-05 | norm: 0.5311 | dt: 1652.39ms | img/sec: 2478.84
step 97280 | loss: 1.813298 | lr 4.5112e-05 | norm: 0.5193 | dt: 1646.03ms | img/sec: 2488.42
step 97281 | loss: 1.797551 | lr 4.5192e-05 | norm: 0.5033 | dt: 1727.02ms | img/sec: 2371.72
step 97282 | loss: 1.825383 | lr 4.5272e-05 | norm: 0.5312 | dt: 1652.45ms | img/sec: 2478.74
step 97283 | loss: 1.795465 | lr 4.5353e-05 | norm: 0.5339 | dt: 1798.84ms | img/sec: 2277.02
step 97284 | loss: 1.788523 | lr 4.5433e-05 | norm: 0.5097 | dt: 1684.86ms | img/sec: 2431.06
step 97285 | loss: 1.843569 | lr 4.5513e-05 | norm: 0.5259 | dt: 1709.26ms | img/sec: 2396.36
step 97286 | loss: 1.885198 | lr 4.5593e-05 | norm: 0.5400 | dt: 1650.40ms | img/sec: 2481.82
step 97287 | loss: 1.809157 | lr 4.5673e-05 | norm: 0.5170 | dt: 1652.73ms | img/sec: 2478.33
step 97288 | loss: 1.884165 | lr 4.5753e-05 | norm: 0.5168 | dt: 1718.06ms | img/sec: 2384.09
step 97289 | loss: 1.851493 | lr 4.5833e-05 | norm: 0.5404 | dt: 1654.20ms | img/sec: 2476.12
step 97290 | loss: 1.808955 | lr 4.5913e-05 | norm: 0.5115 | dt: 1695.70ms | img/sec: 2415.52
step 97291 | loss: 1.807810 | lr 4.5994e-05 | norm: 0.5016 | dt: 1656.96ms | img/sec: 2472.00
step 97292 | loss: 1.794123 | lr 4.6074e-05 | norm: 0.5011 | dt: 1673.41ms | img/sec: 2447.70
step 97293 | loss: 1.875340 | lr 4.6154e-05 | norm: 0.5305 | dt: 1653.74ms | img/sec: 2476.80
step 97294 | loss: 1.800135 | lr 4.6234e-05 | norm: 0.5191 | dt: 1786.79ms | img/sec: 2292.37
step 97295 | loss: 1.857517 | lr 4.6314e-05 | norm: 0.5216 | dt: 1660.71ms | img/sec: 2466.41
step 97296 | loss: 1.892821 | lr 4.6394e-05 | norm: 0.5312 | dt: 1646.51ms | img/sec: 2487.68
step 97297 | loss: 1.833367 | lr 4.6474e-05 | norm: 0.5219 | dt: 1654.85ms | img/sec: 2475.15
step 97298 | loss: 1.785975 | lr 4.6554e-05 | norm: 0.5381 | dt: 1685.31ms | img/sec: 2430.41
step 97299 | loss: 1.903125 | lr 4.6635e-05 | norm: 0.5387 | dt: 1660.25ms | img/sec: 2467.10
step 97300 | loss: 1.810791 | lr 4.6715e-05 | norm: 0.5304 | dt: 1691.00ms | img/sec: 2422.24
step 97301 | loss: 1.871020 | lr 4.6795e-05 | norm: 0.5146 | dt: 1659.12ms | img/sec: 2468.78
step 97302 | loss: 1.908182 | lr 4.6875e-05 | norm: 0.5243 | dt: 1701.04ms | img/sec: 2407.94
step 97303 | loss: 1.764698 | lr 4.6955e-05 | norm: 0.5350 | dt: 1674.34ms | img/sec: 2446.34
step 97304 | loss: 1.807993 | lr 4.7035e-05 | norm: 0.5103 | dt: 1656.08ms | img/sec: 2473.31
step 97305 | loss: 1.822900 | lr 4.7115e-05 | norm: 0.5262 | dt: 1666.74ms | img/sec: 2457.49
step 97306 | loss: 1.951456 | lr 4.7196e-05 | norm: 0.5434 | dt: 1706.41ms | img/sec: 2400.36
step 97307 | loss: 1.762527 | lr 4.7276e-05 | norm: 0.5141 | dt: 1681.47ms | img/sec: 2435.96
step 97308 | loss: 1.701743 | lr 4.7356e-05 | norm: 0.4893 | dt: 1722.44ms | img/sec: 2378.02
step 97309 | loss: 1.780913 | lr 4.7436e-05 | norm: 0.5212 | dt: 1719.53ms | img/sec: 2382.04
step 97310 | loss: 1.859342 | lr 4.7516e-05 | norm: 0.5031 | dt: 1652.48ms | img/sec: 2478.70
step 97311 | loss: 1.849396 | lr 4.7596e-05 | norm: 0.5359 | dt: 1655.62ms | img/sec: 2474.00
step 97312 | loss: 1.866777 | lr 4.7676e-05 | norm: 0.5277 | dt: 1670.93ms | img/sec: 2451.33
step 97313 | loss: 1.828614 | lr 4.7756e-05 | norm: 0.5324 | dt: 1780.64ms | img/sec: 2300.29
step 97314 | loss: 1.949749 | lr 4.7837e-05 | norm: 0.5269 | dt: 1650.35ms | img/sec: 2481.90
step 97315 | loss: 1.828151 | lr 4.7917e-05 | norm: 0.5163 | dt: 1724.02ms | img/sec: 2375.84
step 97316 | loss: 1.857298 | lr 4.7997e-05 | norm: 0.5222 | dt: 1708.51ms | img/sec: 2397.41
step 97317 | loss: 1.798883 | lr 4.8077e-05 | norm: 0.5101 | dt: 1653.05ms | img/sec: 2477.85
step 97318 | loss: 1.782840 | lr 4.8157e-05 | norm: 0.5118 | dt: 1655.28ms | img/sec: 2474.51
step 97319 | loss: 1.833813 | lr 4.8237e-05 | norm: 0.5098 | dt: 1653.09ms | img/sec: 2477.78
step 97320 | loss: 1.838115 | lr 4.8317e-05 | norm: 0.5202 | dt: 1655.25ms | img/sec: 2474.54
step 97321 | loss: 1.850164 | lr 4.8397e-05 | norm: 0.5127 | dt: 1708.79ms | img/sec: 2397.02
step 97322 | loss: 1.871388 | lr 4.8478e-05 | norm: 0.5186 | dt: 1657.49ms | img/sec: 2471.21
step 97323 | loss: 1.804558 | lr 4.8558e-05 | norm: 0.5177 | dt: 1671.95ms | img/sec: 2449.83
step 97324 | loss: 1.814128 | lr 4.8638e-05 | norm: 0.5210 | dt: 1652.32ms | img/sec: 2478.94
step 97325 | loss: 1.874626 | lr 4.8718e-05 | norm: 0.5278 | dt: 1657.70ms | img/sec: 2470.89
step 97326 | loss: 1.841032 | lr 4.8798e-05 | norm: 0.5345 | dt: 1738.16ms | img/sec: 2356.52
step 97327 | loss: 1.804940 | lr 4.8878e-05 | norm: 0.5480 | dt: 1690.40ms | img/sec: 2423.09
step 97328 | loss: 1.806219 | lr 4.8958e-05 | norm: 0.5226 | dt: 1651.00ms | img/sec: 2480.92
step 97329 | loss: 1.822214 | lr 4.9038e-05 | norm: 0.5357 | dt: 1655.78ms | img/sec: 2473.75
step 97330 | loss: 1.804554 | lr 4.9119e-05 | norm: 0.5238 | dt: 1663.59ms | img/sec: 2462.14
step 97331 | loss: 1.802179 | lr 4.9199e-05 | norm: 0.5378 | dt: 1650.33ms | img/sec: 2481.92
step 97332 | loss: 1.780759 | lr 4.9279e-05 | norm: 0.5300 | dt: 1657.27ms | img/sec: 2471.54
step 97333 | loss: 1.766729 | lr 4.9359e-05 | norm: 0.5118 | dt: 1652.80ms | img/sec: 2478.22
step 97334 | loss: 1.890045 | lr 4.9439e-05 | norm: 0.5414 | dt: 1687.28ms | img/sec: 2427.58
step 97335 | loss: 1.890739 | lr 4.9519e-05 | norm: 0.5542 | dt: 1649.57ms | img/sec: 2483.07
step 97336 | loss: 1.840068 | lr 4.9599e-05 | norm: 0.5365 | dt: 1650.84ms | img/sec: 2481.16
step 97337 | loss: 1.796266 | lr 4.9679e-05 | norm: 0.5256 | dt: 1657.00ms | img/sec: 2471.94
step 97338 | loss: 1.888119 | lr 4.9760e-05 | norm: 0.5250 | dt: 1645.49ms | img/sec: 2489.22
step 97339 | loss: 1.824262 | lr 4.9840e-05 | norm: 0.5377 | dt: 1653.99ms | img/sec: 2476.44
step 97340 | loss: 1.848727 | lr 4.9920e-05 | norm: 0.5334 | dt: 1660.54ms | img/sec: 2466.66
step 97341 | loss: 1.804901 | lr 5.0000e-05 | norm: 0.5175 | dt: 1657.89ms | img/sec: 2470.60
step 97342 | loss: 1.837332 | lr 5.0000e-05 | norm: 0.5123 | dt: 4503.01ms | img/sec: 909.61
step 97343 | loss: 1.833646 | lr 5.0000e-05 | norm: 0.5280 | dt: 1770.14ms | img/sec: 2313.94
step 97344 | loss: 1.805573 | lr 4.9999e-05 | norm: 0.5260 | dt: 1736.27ms | img/sec: 2359.07
step 97345 | loss: 1.772731 | lr 4.9999e-05 | norm: 0.5053 | dt: 1661.10ms | img/sec: 2465.83
step 97346 | loss: 1.771140 | lr 4.9998e-05 | norm: 0.5095 | dt: 1729.29ms | img/sec: 2368.60
step 97347 | loss: 1.870594 | lr 4.9996e-05 | norm: 0.5359 | dt: 1698.60ms | img/sec: 2411.39
step 97348 | loss: 1.801094 | lr 4.9995e-05 | norm: 0.5297 | dt: 1652.67ms | img/sec: 2478.41
step 97349 | loss: 1.811130 | lr 4.9993e-05 | norm: 0.5155 | dt: 1658.70ms | img/sec: 2469.40
step 97350 | loss: 1.821326 | lr 4.9991e-05 | norm: 0.5305 | dt: 1645.46ms | img/sec: 2489.28
step 97351 | loss: 1.879046 | lr 4.9989e-05 | norm: 0.5240 | dt: 1677.26ms | img/sec: 2442.08
step 97352 | loss: 1.788938 | lr 4.9986e-05 | norm: 0.5342 | dt: 1698.13ms | img/sec: 2412.07
step 97353 | loss: 1.775310 | lr 4.9983e-05 | norm: 0.5131 | dt: 1657.36ms | img/sec: 2471.40
step 97354 | loss: 1.840281 | lr 4.9980e-05 | norm: 0.5272 | dt: 1663.23ms | img/sec: 2462.67
step 97355 | loss: 1.853169 | lr 4.9976e-05 | norm: 0.5275 | dt: 1649.44ms | img/sec: 2483.27
step 97356 | loss: 1.795859 | lr 4.9972e-05 | norm: 0.5226 | dt: 1660.15ms | img/sec: 2467.24
step 97357 | loss: 1.819772 | lr 4.9968e-05 | norm: 0.5455 | dt: 1692.92ms | img/sec: 2419.49
step 97358 | loss: 1.882219 | lr 4.9964e-05 | norm: 0.5447 | dt: 1658.37ms | img/sec: 2469.89
step 97359 | loss: 1.743180 | lr 4.9959e-05 | norm: 0.5072 | dt: 1662.27ms | img/sec: 2464.10
step 97360 | loss: 1.827630 | lr 4.9954e-05 | norm: 0.5147 | dt: 1805.86ms | img/sec: 2268.17
step 97361 | loss: 1.918204 | lr 4.9949e-05 | norm: 0.5489 | dt: 1816.02ms | img/sec: 2255.48
step 97362 | loss: 1.911150 | lr 4.9944e-05 | norm: 0.5435 | dt: 1685.27ms | img/sec: 2430.47
step 97363 | loss: 1.730213 | lr 4.9938e-05 | norm: 0.5077 | dt: 1747.26ms | img/sec: 2344.24
step 97364 | loss: 1.804086 | lr 4.9932e-05 | norm: 0.5187 | dt: 1694.15ms | img/sec: 2417.73
step 97365 | loss: 1.774199 | lr 4.9926e-05 | norm: 0.5038 | dt: 1662.16ms | img/sec: 2464.26
step 97366 | loss: 1.837952 | lr 4.9919e-05 | norm: 0.5454 | dt: 1651.09ms | img/sec: 2480.78
step 97367 | loss: 1.867428 | lr 4.9912e-05 | norm: 0.5310 | dt: 1659.45ms | img/sec: 2468.29
step 97368 | loss: 1.806970 | lr 4.9905e-05 | norm: 0.5222 | dt: 1659.06ms | img/sec: 2468.87
step 97369 | loss: 1.795182 | lr 4.9898e-05 | norm: 0.5242 | dt: 1656.55ms | img/sec: 2472.61
step 97370 | loss: 1.725337 | lr 4.9890e-05 | norm: 0.5198 | dt: 1655.47ms | img/sec: 2474.22
step 97371 | loss: 1.813902 | lr 4.9882e-05 | norm: 0.5392 | dt: 1647.31ms | img/sec: 2486.48
step 97372 | loss: 1.786420 | lr 4.9874e-05 | norm: 0.5153 | dt: 1664.97ms | img/sec: 2460.11
step 97373 | loss: 1.851105 | lr 4.9865e-05 | norm: 0.5566 | dt: 1754.59ms | img/sec: 2334.46
step 97374 | loss: 1.717956 | lr 4.9856e-05 | norm: 0.5224 | dt: 1722.44ms | img/sec: 2378.02
step 97375 | loss: 1.824861 | lr 4.9847e-05 | norm: 0.5239 | dt: 1656.98ms | img/sec: 2471.96
step 97376 | loss: 1.787667 | lr 4.9838e-05 | norm: 0.5304 | dt: 1723.11ms | img/sec: 2377.10
step 97377 | loss: 1.804166 | lr 4.9828e-05 | norm: 0.5433 | dt: 1713.08ms | img/sec: 2391.01
step 97378 | loss: 1.957119 | lr 4.9818e-05 | norm: 0.5444 | dt: 1708.66ms | img/sec: 2397.20
step 97379 | loss: 1.794607 | lr 4.9808e-05 | norm: 0.5184 | dt: 1732.70ms | img/sec: 2363.95
step 97380 | loss: 1.898002 | lr 4.9797e-05 | norm: 0.5445 | dt: 1650.17ms | img/sec: 2482.16
step 97381 | loss: 1.800215 | lr 4.9787e-05 | norm: 0.5295 | dt: 1717.59ms | img/sec: 2384.73
step 97382 | loss: 1.819348 | lr 4.9775e-05 | norm: 0.5179 | dt: 1668.96ms | img/sec: 2454.22
step 97383 | loss: 1.769558 | lr 4.9764e-05 | norm: 0.5279 | dt: 1653.02ms | img/sec: 2477.89
step 97384 | loss: 1.844624 | lr 4.9753e-05 | norm: 0.5356 | dt: 1679.71ms | img/sec: 2438.52
step 97385 | loss: 1.808192 | lr 4.9741e-05 | norm: 0.5348 | dt: 1682.90ms | img/sec: 2433.89
step 97386 | loss: 1.781213 | lr 4.9728e-05 | norm: 0.5110 | dt: 1739.81ms | img/sec: 2354.29
step 97387 | loss: 1.764600 | lr 4.9716e-05 | norm: 0.5162 | dt: 1718.72ms | img/sec: 2383.17
step 97388 | loss: 1.734182 | lr 4.9703e-05 | norm: 0.5337 | dt: 1650.85ms | img/sec: 2481.15
step 97389 | loss: 1.791205 | lr 4.9690e-05 | norm: 0.5124 | dt: 1744.58ms | img/sec: 2347.84
step 97390 | loss: 1.802621 | lr 4.9677e-05 | norm: 0.5253 | dt: 1750.59ms | img/sec: 2339.79
step 97391 | loss: 1.826104 | lr 4.9663e-05 | norm: 0.5332 | dt: 1654.32ms | img/sec: 2475.94
step 97392 | loss: 1.822632 | lr 4.9649e-05 | norm: 0.5264 | dt: 1762.75ms | img/sec: 2323.64
step 97393 | loss: 1.781723 | lr 4.9635e-05 | norm: 0.5262 | dt: 1644.08ms | img/sec: 2491.36
step 97394 | loss: 1.878850 | lr 4.9621e-05 | norm: 0.5285 | dt: 1672.83ms | img/sec: 2448.54
step 97395 | loss: 1.868754 | lr 4.9606e-05 | norm: 0.5192 | dt: 1671.56ms | img/sec: 2450.41
step 97396 | loss: 1.868219 | lr 4.9591e-05 | norm: 0.5318 | dt: 1729.26ms | img/sec: 2368.65
step 97397 | loss: 1.834903 | lr 4.9576e-05 | norm: 0.5372 | dt: 1729.28ms | img/sec: 2368.62
step 97398 | loss: 1.740842 | lr 4.9561e-05 | norm: 0.5131 | dt: 1775.84ms | img/sec: 2306.52
step 97399 | loss: 1.775576 | lr 4.9545e-05 | norm: 0.5113 | dt: 1651.93ms | img/sec: 2479.52
step 97400 | loss: 1.818676 | lr 4.9529e-05 | norm: 0.5229 | dt: 1649.85ms | img/sec: 2482.64
step 97401 | loss: 1.743032 | lr 4.9512e-05 | norm: 0.5112 | dt: 1694.06ms | img/sec: 2417.86
step 97402 | loss: 1.830089 | lr 4.9496e-05 | norm: 0.5318 | dt: 1707.90ms | img/sec: 2398.27
step 97403 | loss: 1.777431 | lr 4.9479e-05 | norm: 0.5345 | dt: 1699.43ms | img/sec: 2410.22
step 97404 | loss: 1.836996 | lr 4.9462e-05 | norm: 0.5225 | dt: 1663.14ms | img/sec: 2462.81
step 97405 | loss: 1.878735 | lr 4.9444e-05 | norm: 0.5143 | dt: 1736.51ms | img/sec: 2358.75
step 97406 | loss: 1.847850 | lr 4.9427e-05 | norm: 0.5250 | dt: 1653.29ms | img/sec: 2477.48
step 97407 | loss: 1.796261 | lr 4.9409e-05 | norm: 0.5163 | dt: 1648.45ms | img/sec: 2484.75
step 97408 | loss: 1.830632 | lr 4.9390e-05 | norm: 0.5322 | dt: 1659.23ms | img/sec: 2468.61
step 97409 | loss: 1.833578 | lr 4.9372e-05 | norm: 0.5503 | dt: 1651.76ms | img/sec: 2479.78
step 97410 | loss: 1.756646 | lr 4.9353e-05 | norm: 0.5280 | dt: 1703.85ms | img/sec: 2403.97
step 97411 | loss: 1.816519 | lr 4.9334e-05 | norm: 0.5250 | dt: 1653.83ms | img/sec: 2476.68
step 97412 | loss: 1.809929 | lr 4.9315e-05 | norm: 0.5291 | dt: 1655.56ms | img/sec: 2474.09
step 97413 | loss: 1.873368 | lr 4.9295e-05 | norm: 0.5347 | dt: 1738.98ms | img/sec: 2355.40
step 97414 | loss: 1.796374 | lr 4.9275e-05 | norm: 0.5367 | dt: 1706.91ms | img/sec: 2399.66
step 97415 | loss: 1.780091 | lr 4.9255e-05 | norm: 0.5165 | dt: 1761.98ms | img/sec: 2324.66
step 97416 | loss: 1.763861 | lr 4.9234e-05 | norm: 0.5180 | dt: 1764.36ms | img/sec: 2321.52
step 97417 | loss: 1.786088 | lr 4.9214e-05 | norm: 0.5280 | dt: 1743.57ms | img/sec: 2349.21
step 97418 | loss: 1.711717 | lr 4.9193e-05 | norm: 0.5078 | dt: 1689.13ms | img/sec: 2424.92
step 97419 | loss: 1.802423 | lr 4.9171e-05 | norm: 0.5218 | dt: 1679.00ms | img/sec: 2439.54
step 97420 | loss: 1.758633 | lr 4.9150e-05 | norm: 0.5265 | dt: 1705.09ms | img/sec: 2402.22
step 97421 | loss: 1.698296 | lr 4.9128e-05 | norm: 0.5183 | dt: 1741.59ms | img/sec: 2351.88
step 97422 | loss: 1.808398 | lr 4.9106e-05 | norm: 0.5235 | dt: 1704.58ms | img/sec: 2402.93
step 97423 | loss: 1.896616 | lr 4.9084e-05 | norm: 0.5541 | dt: 1659.28ms | img/sec: 2468.54
step 97424 | loss: 1.903005 | lr 4.9061e-05 | norm: 0.5414 | dt: 1659.21ms | img/sec: 2468.65
step 97425 | loss: 1.866263 | lr 4.9038e-05 | norm: 0.5436 | dt: 1694.80ms | img/sec: 2416.80
step 97426 | loss: 1.791125 | lr 4.9015e-05 | norm: 0.5214 | dt: 1680.20ms | img/sec: 2437.81
step 97427 | loss: 1.808983 | lr 4.8991e-05 | norm: 0.5317 | dt: 1686.18ms | img/sec: 2429.16
step 97428 | loss: 1.901080 | lr 4.8968e-05 | norm: 0.5276 | dt: 1722.94ms | img/sec: 2377.34
step 97429 | loss: 1.805424 | lr 4.8944e-05 | norm: 0.5168 | dt: 1663.40ms | img/sec: 2462.43
step 97430 | loss: 1.782949 | lr 4.8920e-05 | norm: 0.5168 | dt: 1658.39ms | img/sec: 2469.87
step 97431 | loss: 1.896714 | lr 4.8895e-05 | norm: 0.5300 | dt: 1653.82ms | img/sec: 2476.69
step 97432 | loss: 1.726875 | lr 4.8870e-05 | norm: 0.5338 | dt: 1663.74ms | img/sec: 2461.93
step 97433 | loss: 1.780322 | lr 4.8845e-05 | norm: 0.5177 | dt: 1646.04ms | img/sec: 2488.40
step 97434 | loss: 1.781344 | lr 4.8820e-05 | norm: 0.5139 | dt: 1655.03ms | img/sec: 2474.89
step 97435 | loss: 1.869567 | lr 4.8794e-05 | norm: 0.5146 | dt: 1655.82ms | img/sec: 2473.70
step 97436 | loss: 1.830939 | lr 4.8768e-05 | norm: 0.5386 | dt: 1655.39ms | img/sec: 2474.34
step 97437 | loss: 1.879083 | lr 4.8742e-05 | norm: 0.5267 | dt: 1713.27ms | img/sec: 2390.75
step 97438 | loss: 1.927976 | lr 4.8716e-05 | norm: 0.5492 | dt: 1708.07ms | img/sec: 2398.03
step 97439 | loss: 1.895433 | lr 4.8689e-05 | norm: 0.5546 | dt: 1654.91ms | img/sec: 2475.06
step 97440 | loss: 1.882759 | lr 4.8662e-05 | norm: 0.5074 | dt: 1649.09ms | img/sec: 2483.79
step 97441 | loss: 1.792080 | lr 4.8635e-05 | norm: 0.5178 | dt: 1685.84ms | img/sec: 2429.64
step 97442 | loss: 1.870584 | lr 4.8608e-05 | norm: 0.5118 | dt: 1694.41ms | img/sec: 2417.36
step 97443 | loss: 1.771786 | lr 4.8580e-05 | norm: 0.5022 | dt: 1654.24ms | img/sec: 2476.06
step 97444 | loss: 1.764168 | lr 4.8552e-05 | norm: 0.5340 | dt: 1792.77ms | img/sec: 2284.74
step 97445 | loss: 1.893949 | lr 4.8524e-05 | norm: 0.5360 | dt: 1740.25ms | img/sec: 2353.69
step 97446 | loss: 1.767703 | lr 4.8495e-05 | norm: 0.5149 | dt: 1712.63ms | img/sec: 2391.64
step 97447 | loss: 1.880272 | lr 4.8467e-05 | norm: 0.5190 | dt: 1692.46ms | img/sec: 2420.14
step 97448 | loss: 1.841285 | lr 4.8438e-05 | norm: 0.5222 | dt: 1649.30ms | img/sec: 2483.48
step 97449 | loss: 1.893412 | lr 4.8408e-05 | norm: 0.5308 | dt: 1649.88ms | img/sec: 2482.60
step 97450 | loss: 1.728442 | lr 4.8379e-05 | norm: 0.5291 | dt: 1759.16ms | img/sec: 2328.38
step 97451 | loss: 1.775383 | lr 4.8349e-05 | norm: 0.5128 | dt: 1665.72ms | img/sec: 2459.00
step 97452 | loss: 1.885773 | lr 4.8319e-05 | norm: 0.5478 | dt: 1697.29ms | img/sec: 2413.25
step 97453 | loss: 1.808312 | lr 4.8288e-05 | norm: 0.5330 | dt: 1695.32ms | img/sec: 2416.07
step 97454 | loss: 1.841898 | lr 4.8258e-05 | norm: 0.5300 | dt: 1683.52ms | img/sec: 2432.99
step 97455 | loss: 1.782295 | lr 4.8227e-05 | norm: 0.5167 | dt: 1646.99ms | img/sec: 2486.96
step 97456 | loss: 1.795152 | lr 4.8196e-05 | norm: 0.5239 | dt: 1688.18ms | img/sec: 2426.28
step 97457 | loss: 1.884237 | lr 4.8164e-05 | norm: 0.5331 | dt: 1656.19ms | img/sec: 2473.14
step 97458 | loss: 1.849631 | lr 4.8133e-05 | norm: 0.5769 | dt: 1703.66ms | img/sec: 2404.23
step 97459 | loss: 1.826447 | lr 4.8101e-05 | norm: 0.5392 | dt: 1754.60ms | img/sec: 2334.43
step 97460 | loss: 1.794895 | lr 4.8069e-05 | norm: 0.5371 | dt: 1662.33ms | img/sec: 2464.02
step 97461 | loss: 1.729776 | lr 4.8036e-05 | norm: 0.5191 | dt: 1755.71ms | img/sec: 2332.96
step 97462 | loss: 1.835143 | lr 4.8003e-05 | norm: 0.5447 | dt: 1664.10ms | img/sec: 2461.39
step 97463 | loss: 1.805567 | lr 4.7971e-05 | norm: 0.5353 | dt: 1749.76ms | img/sec: 2340.89
step 97464 | loss: 1.746547 | lr 4.7937e-05 | norm: 0.5077 | dt: 1855.79ms | img/sec: 2207.14
step 97465 | loss: 1.778659 | lr 4.7904e-05 | norm: 0.5181 | dt: 1701.55ms | img/sec: 2407.22
step 97466 | loss: 1.821418 | lr 4.7870e-05 | norm: 0.5297 | dt: 1662.09ms | img/sec: 2464.37
step 97467 | loss: 1.887570 | lr 4.7836e-05 | norm: 0.5505 | dt: 1654.85ms | img/sec: 2475.15
step 97468 | loss: 1.834063 | lr 4.7802e-05 | norm: 0.5384 | dt: 1709.35ms | img/sec: 2396.24
step 97469 | loss: 1.792998 | lr 4.7767e-05 | norm: 0.5348 | dt: 1646.75ms | img/sec: 2487.32
step 97470 | loss: 1.848344 | lr 4.7733e-05 | norm: 0.5651 | dt: 1754.86ms | img/sec: 2334.09
step 97471 | loss: 1.789422 | lr 4.7698e-05 | norm: 0.5337 | dt: 1717.56ms | img/sec: 2384.78
step 97472 | loss: 1.760609 | lr 4.7662e-05 | norm: 0.5069 | dt: 1655.32ms | img/sec: 2474.45
step 97473 | loss: 1.806063 | lr 4.7627e-05 | norm: 0.5256 | dt: 1681.23ms | img/sec: 2436.32
step 97474 | loss: 1.814800 | lr 4.7591e-05 | norm: 0.5299 | dt: 1656.47ms | img/sec: 2472.72
step 97475 | loss: 1.835396 | lr 4.7555e-05 | norm: 0.5237 | dt: 1648.07ms | img/sec: 2485.33
step 97476 | loss: 1.901221 | lr 4.7519e-05 | norm: 0.5337 | dt: 1650.19ms | img/sec: 2482.15
step 97477 | loss: 1.867791 | lr 4.7482e-05 | norm: 0.5173 | dt: 1674.58ms | img/sec: 2445.98
step 97478 | loss: 1.778427 | lr 4.7445e-05 | norm: 0.5056 | dt: 1709.80ms | img/sec: 2395.61
step 97479 | loss: 1.820282 | lr 4.7408e-05 | norm: 0.5381 | dt: 1771.19ms | img/sec: 2312.57
step 97480 | loss: 1.782656 | lr 4.7371e-05 | norm: 0.5442 | dt: 1653.65ms | img/sec: 2476.95
step 97481 | loss: 1.888950 | lr 4.7334e-05 | norm: 0.5492 | dt: 1689.87ms | img/sec: 2423.86
step 97482 | loss: 1.861846 | lr 4.7296e-05 | norm: 0.5337 | dt: 1688.28ms | img/sec: 2426.14
step 97483 | loss: 1.814174 | lr 4.7258e-05 | norm: 0.5393 | dt: 1648.06ms | img/sec: 2485.35
step 97484 | loss: 1.765625 | lr 4.7219e-05 | norm: 0.5204 | dt: 1696.08ms | img/sec: 2414.98
step 97485 | loss: 1.822652 | lr 4.7181e-05 | norm: 0.5268 | dt: 1649.30ms | img/sec: 2483.48
step 97486 | loss: 1.895521 | lr 4.7142e-05 | norm: 0.5263 | dt: 1748.98ms | img/sec: 2341.94
step 97487 | loss: 1.907322 | lr 4.7103e-05 | norm: 0.5579 | dt: 1719.57ms | img/sec: 2382.00
step 97488 | loss: 1.762716 | lr 4.7064e-05 | norm: 0.5159 | dt: 1697.92ms | img/sec: 2412.37
step 97489 | loss: 1.804286 | lr 4.7024e-05 | norm: 0.5302 | dt: 1649.93ms | img/sec: 2482.53
step 97490 | loss: 1.737832 | lr 4.6984e-05 | norm: 0.5259 | dt: 1685.36ms | img/sec: 2430.35
step 97491 | loss: 1.788218 | lr 4.6944e-05 | norm: 0.5200 | dt: 1717.44ms | img/sec: 2384.95
step 97492 | loss: 1.868158 | lr 4.6904e-05 | norm: 0.5362 | dt: 1724.15ms | img/sec: 2375.66
step 97493 | loss: 1.778448 | lr 4.6864e-05 | norm: 0.5235 | dt: 1693.43ms | img/sec: 2418.76
step 97494 | loss: 1.739743 | lr 4.6823e-05 | norm: 0.5175 | dt: 1710.11ms | img/sec: 2395.17
step 97495 | loss: 1.758675 | lr 4.6782e-05 | norm: 0.5143 | dt: 1668.72ms | img/sec: 2454.58
step 97496 | loss: 1.829664 | lr 4.6741e-05 | norm: 0.5189 | dt: 1644.94ms | img/sec: 2490.05
step 97497 | loss: 1.878726 | lr 4.6699e-05 | norm: 0.5208 | dt: 1656.11ms | img/sec: 2473.26
step 97498 | loss: 1.793985 | lr 4.6657e-05 | norm: 0.5320 | dt: 1789.30ms | img/sec: 2289.16
step 97499 | loss: 1.888680 | lr 4.6615e-05 | norm: 0.5296 | dt: 1644.13ms | img/sec: 2491.28
step 97500 | val_loss 1.7017 | val_acc 60.08%
step 97500 | loss: 1.746180 | lr 4.6573e-05 | norm: 0.5107 | dt: 4215.36ms | img/sec: 971.69
step 97501 | loss: 1.786486 | lr 4.6531e-05 | norm: 0.5270 | dt: 1795.62ms | img/sec: 2281.11
step 97502 | loss: 1.736390 | lr 4.6488e-05 | norm: 0.5314 | dt: 1655.68ms | img/sec: 2473.91
step 97503 | loss: 1.706493 | lr 4.6445e-05 | norm: 0.5259 | dt: 1656.62ms | img/sec: 2472.50
step 97504 | loss: 1.829584 | lr 4.6402e-05 | norm: 0.5348 | dt: 1643.79ms | img/sec: 2491.80
step 97505 | loss: 1.790982 | lr 4.6358e-05 | norm: 0.5247 | dt: 1654.99ms | img/sec: 2474.94
step 97506 | loss: 1.907926 | lr 4.6315e-05 | norm: 0.5445 | dt: 1644.37ms | img/sec: 2490.92
step 97507 | loss: 1.833037 | lr 4.6271e-05 | norm: 0.5353 | dt: 1706.67ms | img/sec: 2399.99
step 97508 | loss: 1.784524 | lr 4.6227e-05 | norm: 0.5213 | dt: 1645.70ms | img/sec: 2488.91
step 97509 | loss: 1.879602 | lr 4.6182e-05 | norm: 0.5292 | dt: 1669.13ms | img/sec: 2453.98
step 97510 | loss: 1.834597 | lr 4.6137e-05 | norm: 0.5336 | dt: 1705.19ms | img/sec: 2402.07
step 97511 | loss: 1.889676 | lr 4.6093e-05 | norm: 0.5352 | dt: 1681.13ms | img/sec: 2436.45
step 97512 | loss: 1.721444 | lr 4.6048e-05 | norm: 0.5159 | dt: 1659.96ms | img/sec: 2467.53
step 97513 | loss: 1.824639 | lr 4.6002e-05 | norm: 0.5276 | dt: 1747.69ms | img/sec: 2343.66
step 97514 | loss: 1.877936 | lr 4.5957e-05 | norm: 0.5357 | dt: 1701.72ms | img/sec: 2406.98
step 97515 | loss: 1.866890 | lr 4.5911e-05 | norm: 0.5297 | dt: 1680.61ms | img/sec: 2437.21
step 97516 | loss: 1.790447 | lr 4.5865e-05 | norm: 0.5499 | dt: 1653.56ms | img/sec: 2477.08
step 97517 | loss: 1.832436 | lr 4.5818e-05 | norm: 0.5119 | dt: 1731.55ms | img/sec: 2365.51
step 97518 | loss: 1.763711 | lr 4.5772e-05 | norm: 0.5219 | dt: 1691.49ms | img/sec: 2421.53
step 97519 | loss: 1.778538 | lr 4.5725e-05 | norm: 0.5210 | dt: 1729.62ms | img/sec: 2368.15
step 97520 | loss: 1.804379 | lr 4.5678e-05 | norm: 0.5146 | dt: 1643.47ms | img/sec: 2492.28
step 97521 | loss: 1.793818 | lr 4.5631e-05 | norm: 0.5090 | dt: 1693.46ms | img/sec: 2418.72
step 97522 | loss: 1.863970 | lr 4.5583e-05 | norm: 0.5408 | dt: 1658.12ms | img/sec: 2470.26
step 97523 | loss: 1.805290 | lr 4.5536e-05 | norm: 0.5119 | dt: 1653.48ms | img/sec: 2477.19
step 97524 | loss: 1.822695 | lr 4.5488e-05 | norm: 0.5273 | dt: 1762.61ms | img/sec: 2323.82
step 97525 | loss: 1.825888 | lr 4.5440e-05 | norm: 0.5316 | dt: 1679.48ms | img/sec: 2438.85
step 97526 | loss: 1.812018 | lr 4.5391e-05 | norm: 0.5209 | dt: 1657.77ms | img/sec: 2470.80
step 97527 | loss: 1.798455 | lr 4.5343e-05 | norm: 0.5087 | dt: 1682.01ms | img/sec: 2435.18
step 97528 | loss: 1.798388 | lr 4.5294e-05 | norm: 0.5262 | dt: 1703.92ms | img/sec: 2403.86
step 97529 | loss: 1.708117 | lr 4.5245e-05 | norm: 0.5219 | dt: 1673.06ms | img/sec: 2448.21
step 97530 | loss: 1.864309 | lr 4.5196e-05 | norm: 0.5503 | dt: 1685.44ms | img/sec: 2430.22
step 97531 | loss: 1.900357 | lr 4.5146e-05 | norm: 0.5273 | dt: 1701.13ms | img/sec: 2407.82
step 97532 | loss: 1.872717 | lr 4.5096e-05 | norm: 0.5310 | dt: 1644.40ms | img/sec: 2490.87
step 97533 | loss: 1.807904 | lr 4.5046e-05 | norm: 0.5260 | dt: 1658.50ms | img/sec: 2469.70
step 97534 | loss: 1.798326 | lr 4.4996e-05 | norm: 0.5422 | dt: 1658.86ms | img/sec: 2469.17
step 97535 | loss: 1.868981 | lr 4.4946e-05 | norm: 0.5592 | dt: 1651.01ms | img/sec: 2480.91
step 97536 | loss: 1.788557 | lr 4.4895e-05 | norm: 0.5378 | dt: 1655.76ms | img/sec: 2473.79
step 97537 | loss: 1.829624 | lr 4.4844e-05 | norm: 0.5410 | dt: 1649.88ms | img/sec: 2482.61
step 97538 | loss: 1.801702 | lr 4.4793e-05 | norm: 0.5316 | dt: 1654.67ms | img/sec: 2475.42
step 97539 | loss: 1.799309 | lr 4.4742e-05 | norm: 0.5163 | dt: 1711.38ms | img/sec: 2393.39
step 97540 | loss: 1.790047 | lr 4.4690e-05 | norm: 0.5204 | dt: 1738.60ms | img/sec: 2355.91
step 97541 | loss: 1.845717 | lr 4.4638e-05 | norm: 0.5319 | dt: 1706.39ms | img/sec: 2400.39
step 97542 | loss: 1.827541 | lr 4.4586e-05 | norm: 0.5249 | dt: 1649.84ms | img/sec: 2482.66
step 97543 | loss: 1.813949 | lr 4.4534e-05 | norm: 0.5358 | dt: 1705.87ms | img/sec: 2401.12
step 97544 | loss: 1.771392 | lr 4.4482e-05 | norm: 0.5281 | dt: 1676.72ms | img/sec: 2442.87
step 97545 | loss: 1.795056 | lr 4.4429e-05 | norm: 0.5345 | dt: 1729.53ms | img/sec: 2368.27
step 97546 | loss: 1.780135 | lr 4.4376e-05 | norm: 0.5209 | dt: 1684.54ms | img/sec: 2431.52
step 97547 | loss: 1.833935 | lr 4.4323e-05 | norm: 0.5286 | dt: 1663.15ms | img/sec: 2462.80
step 97548 | loss: 1.735167 | lr 4.4270e-05 | norm: 0.5250 | dt: 1694.45ms | img/sec: 2417.31
step 97549 | loss: 1.852167 | lr 4.4217e-05 | norm: 0.5259 | dt: 1764.97ms | img/sec: 2320.72
step 97550 | loss: 1.877875 | lr 4.4163e-05 | norm: 0.5374 | dt: 1644.74ms | img/sec: 2490.36
step 97551 | loss: 1.697586 | lr 4.4109e-05 | norm: 0.5120 | dt: 1655.63ms | img/sec: 2473.98
step 97552 | loss: 1.826609 | lr 4.4055e-05 | norm: 0.5279 | dt: 1652.96ms | img/sec: 2477.98
step 97553 | loss: 1.864374 | lr 4.4000e-05 | norm: 0.5465 | dt: 1703.11ms | img/sec: 2405.01
step 97554 | loss: 1.855073 | lr 4.3946e-05 | norm: 0.5258 | dt: 1657.18ms | img/sec: 2471.67
step 97555 | loss: 1.815347 | lr 4.3891e-05 | norm: 0.5253 | dt: 1645.18ms | img/sec: 2489.70
step 97556 | loss: 1.894934 | lr 4.3836e-05 | norm: 0.5389 | dt: 1698.02ms | img/sec: 2412.22
step 97557 | loss: 1.728398 | lr 4.3781e-05 | norm: 0.5096 | dt: 1706.22ms | img/sec: 2400.63
step 97558 | loss: 1.817631 | lr 4.3725e-05 | norm: 0.5242 | dt: 1688.78ms | img/sec: 2425.43
step 97559 | loss: 1.920897 | lr 4.3670e-05 | norm: 0.5506 | dt: 1700.31ms | img/sec: 2408.97
step 97560 | loss: 1.878075 | lr 4.3614e-05 | norm: 0.5307 | dt: 1665.76ms | img/sec: 2458.94
step 97561 | loss: 1.875740 | lr 4.3558e-05 | norm: 0.5222 | dt: 1721.19ms | img/sec: 2379.75
step 97562 | loss: 1.821551 | lr 4.3502e-05 | norm: 0.5354 | dt: 1802.27ms | img/sec: 2272.69
step 97563 | loss: 1.830552 | lr 4.3445e-05 | norm: 0.5363 | dt: 1657.20ms | img/sec: 2471.64
step 97564 | loss: 1.800489 | lr 4.3388e-05 | norm: 0.5362 | dt: 1657.59ms | img/sec: 2471.06
step 97565 | loss: 1.789720 | lr 4.3332e-05 | norm: 0.5379 | dt: 1702.75ms | img/sec: 2405.52
step 97566 | loss: 1.755578 | lr 4.3274e-05 | norm: 0.5199 | dt: 1670.45ms | img/sec: 2452.03
step 97567 | loss: 1.868821 | lr 4.3217e-05 | norm: 0.5325 | dt: 1715.50ms | img/sec: 2387.64
step 97568 | loss: 1.815475 | lr 4.3160e-05 | norm: 0.5316 | dt: 1751.63ms | img/sec: 2338.39
step 97569 | loss: 1.802729 | lr 4.3102e-05 | norm: 0.5202 | dt: 1670.09ms | img/sec: 2452.56
step 97570 | loss: 1.858233 | lr 4.3044e-05 | norm: 0.5321 | dt: 1654.61ms | img/sec: 2475.50
step 97571 | loss: 1.824361 | lr 4.2986e-05 | norm: 0.5286 | dt: 1683.90ms | img/sec: 2432.45
step 97572 | loss: 1.827610 | lr 4.2928e-05 | norm: 0.5363 | dt: 1718.46ms | img/sec: 2383.54
step 97573 | loss: 1.869383 | lr 4.2869e-05 | norm: 0.5471 | dt: 1669.85ms | img/sec: 2452.92
step 97574 | loss: 1.967389 | lr 4.2810e-05 | norm: 0.5389 | dt: 1647.79ms | img/sec: 2485.75
step 97575 | loss: 1.909610 | lr 4.2751e-05 | norm: 0.5513 | dt: 1653.17ms | img/sec: 2477.67
step 97576 | loss: 1.840591 | lr 4.2692e-05 | norm: 0.5186 | dt: 1646.34ms | img/sec: 2487.95
step 97577 | loss: 1.853179 | lr 4.2633e-05 | norm: 0.5281 | dt: 1666.58ms | img/sec: 2457.73
step 97578 | loss: 1.826794 | lr 4.2573e-05 | norm: 0.5283 | dt: 1669.09ms | img/sec: 2454.03
step 97579 | loss: 1.783790 | lr 4.2514e-05 | norm: 0.5261 | dt: 1650.97ms | img/sec: 2480.97
step 97580 | loss: 1.749024 | lr 4.2454e-05 | norm: 0.5047 | dt: 1706.21ms | img/sec: 2400.65
step 97581 | loss: 1.778617 | lr 4.2394e-05 | norm: 0.5345 | dt: 1647.94ms | img/sec: 2485.52
step 97582 | loss: 1.773139 | lr 4.2333e-05 | norm: 0.5211 | dt: 1650.73ms | img/sec: 2481.33
step 97583 | loss: 1.869216 | lr 4.2273e-05 | norm: 0.5468 | dt: 1717.52ms | img/sec: 2384.83
step 97584 | loss: 1.828715 | lr 4.2212e-05 | norm: 0.5344 | dt: 1654.32ms | img/sec: 2475.95
step 97585 | loss: 1.874831 | lr 4.2151e-05 | norm: 0.5283 | dt: 1691.08ms | img/sec: 2422.13
step 97586 | loss: 1.811161 | lr 4.2090e-05 | norm: 0.5232 | dt: 1690.65ms | img/sec: 2422.74
step 97587 | loss: 1.938869 | lr 4.2029e-05 | norm: 0.5357 | dt: 1713.80ms | img/sec: 2390.01
step 97588 | loss: 1.822715 | lr 4.1968e-05 | norm: 0.5243 | dt: 1645.00ms | img/sec: 2489.96
step 97589 | loss: 1.821669 | lr 4.1906e-05 | norm: 0.5210 | dt: 1645.17ms | img/sec: 2489.71
step 97590 | loss: 1.772127 | lr 4.1844e-05 | norm: 0.5285 | dt: 1684.93ms | img/sec: 2430.96
step 97591 | loss: 1.862328 | lr 4.1782e-05 | norm: 0.5300 | dt: 1749.45ms | img/sec: 2341.30
step 97592 | loss: 1.862078 | lr 4.1720e-05 | norm: 0.5336 | dt: 1646.18ms | img/sec: 2488.18
step 97593 | loss: 1.773736 | lr 4.1657e-05 | norm: 0.5198 | dt: 1650.12ms | img/sec: 2482.24
step 97594 | loss: 1.830689 | lr 4.1595e-05 | norm: 0.5231 | dt: 1690.48ms | img/sec: 2422.99
step 97595 | loss: 1.797614 | lr 4.1532e-05 | norm: 0.5314 | dt: 1643.13ms | img/sec: 2492.81
step 97596 | loss: 1.809141 | lr 4.1469e-05 | norm: 0.5281 | dt: 1644.19ms | img/sec: 2491.20
step 97597 | loss: 1.796360 | lr 4.1406e-05 | norm: 0.5417 | dt: 1684.23ms | img/sec: 2431.97
step 97598 | loss: 1.836092 | lr 4.1343e-05 | norm: 0.5259 | dt: 1648.09ms | img/sec: 2485.30
step 97599 | loss: 1.824826 | lr 4.1279e-05 | norm: 0.5383 | dt: 1665.41ms | img/sec: 2459.46
step 97600 | loss: 1.813075 | lr 4.1215e-05 | norm: 0.5272 | dt: 1689.97ms | img/sec: 2423.72
step 97601 | loss: 1.748820 | lr 4.1152e-05 | norm: 0.5361 | dt: 1692.18ms | img/sec: 2420.54
step 97602 | loss: 1.728018 | lr 4.1088e-05 | norm: 0.5205 | dt: 1647.57ms | img/sec: 2486.09
step 97603 | loss: 1.887444 | lr 4.1023e-05 | norm: 0.5559 | dt: 1701.33ms | img/sec: 2407.53
step 97604 | loss: 1.899062 | lr 4.0959e-05 | norm: 0.5288 | dt: 1695.58ms | img/sec: 2415.69
step 97605 | loss: 1.795747 | lr 4.0894e-05 | norm: 0.5040 | dt: 1644.85ms | img/sec: 2490.20
step 97606 | loss: 1.860977 | lr 4.0830e-05 | norm: 0.5358 | dt: 1685.25ms | img/sec: 2430.50
step 97607 | loss: 1.792371 | lr 4.0765e-05 | norm: 0.5342 | dt: 1712.38ms | img/sec: 2391.99
step 97608 | loss: 1.835240 | lr 4.0699e-05 | norm: 0.5295 | dt: 1648.49ms | img/sec: 2484.70
step 97609 | loss: 1.847713 | lr 4.0634e-05 | norm: 0.5220 | dt: 1653.16ms | img/sec: 2477.68
step 97610 | loss: 1.776381 | lr 4.0569e-05 | norm: 0.5213 | dt: 1708.80ms | img/sec: 2397.00
step 97611 | loss: 1.866572 | lr 4.0503e-05 | norm: 0.5347 | dt: 1653.80ms | img/sec: 2476.72
step 97612 | loss: 1.832248 | lr 4.0437e-05 | norm: 0.5279 | dt: 1751.75ms | img/sec: 2338.23
step 97613 | loss: 1.789523 | lr 4.0371e-05 | norm: 0.5287 | dt: 1659.12ms | img/sec: 2468.78
step 97614 | loss: 1.890221 | lr 4.0305e-05 | norm: 0.5283 | dt: 1649.93ms | img/sec: 2482.54
step 97615 | loss: 1.773024 | lr 4.0239e-05 | norm: 0.5233 | dt: 1702.16ms | img/sec: 2406.35
step 97616 | loss: 1.896044 | lr 4.0172e-05 | norm: 0.5301 | dt: 1643.70ms | img/sec: 2491.93
step 97617 | loss: 1.828451 | lr 4.0105e-05 | norm: 0.5463 | dt: 1679.15ms | img/sec: 2439.32
step 97618 | loss: 1.773808 | lr 4.0039e-05 | norm: 0.5240 | dt: 1650.89ms | img/sec: 2481.09
step 97619 | loss: 1.817800 | lr 3.9971e-05 | norm: 0.5261 | dt: 1643.98ms | img/sec: 2491.51
step 97620 | loss: 1.774021 | lr 3.9904e-05 | norm: 0.5156 | dt: 1655.39ms | img/sec: 2474.34
step 97621 | loss: 1.825698 | lr 3.9837e-05 | norm: 0.5357 | dt: 1735.40ms | img/sec: 2360.26
step 97622 | loss: 1.787396 | lr 3.9769e-05 | norm: 0.5315 | dt: 1663.65ms | img/sec: 2462.05
step 97623 | loss: 1.839985 | lr 3.9702e-05 | norm: 0.5338 | dt: 1747.42ms | img/sec: 2344.03
step 97624 | loss: 1.780768 | lr 3.9634e-05 | norm: 0.5214 | dt: 1647.71ms | img/sec: 2485.88
step 97625 | loss: 1.787148 | lr 3.9566e-05 | norm: 0.5144 | dt: 1689.14ms | img/sec: 2424.90
step 97626 | loss: 1.842292 | lr 3.9498e-05 | norm: 0.5234 | dt: 1642.67ms | img/sec: 2493.50
step 97627 | loss: 1.774972 | lr 3.9429e-05 | norm: 0.5324 | dt: 1734.53ms | img/sec: 2361.44
step 97628 | loss: 1.815229 | lr 3.9361e-05 | norm: 0.5253 | dt: 1651.62ms | img/sec: 2479.98
step 97629 | loss: 1.765616 | lr 3.9292e-05 | norm: 0.5270 | dt: 1694.10ms | img/sec: 2417.80
step 97630 | loss: 1.789529 | lr 3.9223e-05 | norm: 0.5465 | dt: 1758.28ms | img/sec: 2329.55
step 97631 | loss: 1.821191 | lr 3.9154e-05 | norm: 0.5328 | dt: 1661.13ms | img/sec: 2465.79
step 97632 | loss: 1.825164 | lr 3.9085e-05 | norm: 0.5248 | dt: 1660.05ms | img/sec: 2467.39
step 97633 | loss: 1.801491 | lr 3.9016e-05 | norm: 0.5364 | dt: 1687.56ms | img/sec: 2427.17
step 97634 | loss: 1.821048 | lr 3.8946e-05 | norm: 0.5335 | dt: 1675.01ms | img/sec: 2445.35
step 97635 | loss: 1.815399 | lr 3.8877e-05 | norm: 0.5219 | dt: 1675.72ms | img/sec: 2444.32
step 97636 | loss: 1.863438 | lr 3.8807e-05 | norm: 0.5313 | dt: 1732.16ms | img/sec: 2364.67
step 97637 | loss: 1.753106 | lr 3.8737e-05 | norm: 0.5202 | dt: 1659.84ms | img/sec: 2467.71
step 97638 | loss: 1.829396 | lr 3.8667e-05 | norm: 0.5169 | dt: 1691.29ms | img/sec: 2421.82
step 97639 | loss: 1.826463 | lr 3.8597e-05 | norm: 0.5286 | dt: 1727.08ms | img/sec: 2371.63
step 97640 | loss: 1.807648 | lr 3.8526e-05 | norm: 0.5193 | dt: 1652.56ms | img/sec: 2478.58
step 97641 | loss: 1.889153 | lr 3.8456e-05 | norm: 0.5177 | dt: 1648.20ms | img/sec: 2485.13
step 97642 | loss: 1.830725 | lr 3.8385e-05 | norm: 0.5195 | dt: 1682.21ms | img/sec: 2434.89
step 97643 | loss: 1.853760 | lr 3.8314e-05 | norm: 0.5419 | dt: 1667.15ms | img/sec: 2456.88
step 97644 | loss: 1.767744 | lr 3.8243e-05 | norm: 0.5150 | dt: 1696.22ms | img/sec: 2414.78
step 97645 | loss: 1.810848 | lr 3.8172e-05 | norm: 0.5244 | dt: 1652.67ms | img/sec: 2478.41
step 97646 | loss: 1.738410 | lr 3.8101e-05 | norm: 0.5080 | dt: 1642.34ms | img/sec: 2494.00
step 97647 | loss: 1.805669 | lr 3.8029e-05 | norm: 0.5319 | dt: 1674.78ms | img/sec: 2445.69
step 97648 | loss: 1.781349 | lr 3.7958e-05 | norm: 0.5284 | dt: 1677.50ms | img/sec: 2441.73
step 97649 | loss: 1.855061 | lr 3.7886e-05 | norm: 0.5346 | dt: 1650.55ms | img/sec: 2481.59
step 97650 | loss: 1.840504 | lr 3.7814e-05 | norm: 0.5304 | dt: 1655.28ms | img/sec: 2474.50
step 97651 | loss: 1.874516 | lr 3.7742e-05 | norm: 0.5500 | dt: 1685.36ms | img/sec: 2430.35
step 97652 | loss: 1.824724 | lr 3.7670e-05 | norm: 0.5109 | dt: 1647.12ms | img/sec: 2486.76
step 97653 | loss: 1.783288 | lr 3.7597e-05 | norm: 0.5269 | dt: 1670.42ms | img/sec: 2452.08
step 97654 | loss: 1.830530 | lr 3.7525e-05 | norm: 0.5316 | dt: 1673.54ms | img/sec: 2447.51
step 97655 | loss: 1.870049 | lr 3.7452e-05 | norm: 0.5429 | dt: 1647.85ms | img/sec: 2485.67
step 97656 | loss: 1.763433 | lr 3.7380e-05 | norm: 0.5193 | dt: 1647.87ms | img/sec: 2485.64
step 97657 | loss: 1.739166 | lr 3.7307e-05 | norm: 0.5168 | dt: 1652.75ms | img/sec: 2478.29
step 97658 | loss: 1.779043 | lr 3.7234e-05 | norm: 0.5158 | dt: 1651.31ms | img/sec: 2480.45
step 97659 | loss: 1.827673 | lr 3.7161e-05 | norm: 0.5187 | dt: 1643.65ms | img/sec: 2492.01
step 97660 | loss: 1.780483 | lr 3.7087e-05 | norm: 0.5277 | dt: 1644.97ms | img/sec: 2490.02
step 97661 | loss: 1.805676 | lr 3.7014e-05 | norm: 0.5271 | dt: 1652.03ms | img/sec: 2479.37
step 97662 | loss: 1.760990 | lr 3.6940e-05 | norm: 0.5184 | dt: 1687.92ms | img/sec: 2426.66
step 97663 | loss: 1.899317 | lr 3.6867e-05 | norm: 0.5211 | dt: 1654.87ms | img/sec: 2475.11
step 97664 | loss: 1.797531 | lr 3.6793e-05 | norm: 0.5159 | dt: 1679.28ms | img/sec: 2439.15
step 97665 | loss: 1.757491 | lr 3.6719e-05 | norm: 0.5129 | dt: 1648.68ms | img/sec: 2484.41
step 97666 | loss: 1.768138 | lr 3.6645e-05 | norm: 0.5205 | dt: 1648.20ms | img/sec: 2485.14
step 97667 | loss: 1.881842 | lr 3.6571e-05 | norm: 0.5583 | dt: 1672.57ms | img/sec: 2448.92
step 97668 | loss: 1.768425 | lr 3.6496e-05 | norm: 0.5253 | dt: 1704.54ms | img/sec: 2402.99
step 97669 | loss: 1.802832 | lr 3.6422e-05 | norm: 0.5264 | dt: 1649.54ms | img/sec: 2483.12
step 97670 | loss: 1.841460 | lr 3.6347e-05 | norm: 0.5472 | dt: 1646.76ms | img/sec: 2487.30
step 97671 | loss: 1.860180 | lr 3.6272e-05 | norm: 0.5239 | dt: 1732.22ms | img/sec: 2364.60
step 97672 | loss: 1.802312 | lr 3.6198e-05 | norm: 0.5147 | dt: 1648.44ms | img/sec: 2484.77
step 97673 | loss: 1.883091 | lr 3.6123e-05 | norm: 0.5600 | dt: 1662.70ms | img/sec: 2463.47
step 97674 | loss: 1.843970 | lr 3.6048e-05 | norm: 0.5463 | dt: 1738.41ms | img/sec: 2356.18
step 97675 | loss: 1.796906 | lr 3.5972e-05 | norm: 0.5247 | dt: 1705.01ms | img/sec: 2402.33
step 97676 | loss: 1.787953 | lr 3.5897e-05 | norm: 0.5379 | dt: 1653.28ms | img/sec: 2477.50
step 97677 | loss: 1.804599 | lr 3.5821e-05 | norm: 0.5074 | dt: 1643.59ms | img/sec: 2492.11
step 97678 | loss: 1.823320 | lr 3.5746e-05 | norm: 0.5327 | dt: 1649.03ms | img/sec: 2483.88
step 97679 | loss: 1.760530 | lr 3.5670e-05 | norm: 0.5104 | dt: 1713.99ms | img/sec: 2389.75
step 97680 | loss: 1.832622 | lr 3.5594e-05 | norm: 0.5304 | dt: 1758.84ms | img/sec: 2328.80
step 97681 | loss: 1.876867 | lr 3.5518e-05 | norm: 0.5448 | dt: 1644.17ms | img/sec: 2491.22
step 97682 | loss: 1.768965 | lr 3.5442e-05 | norm: 0.5284 | dt: 1705.72ms | img/sec: 2401.34
step 97683 | loss: 1.830830 | lr 3.5366e-05 | norm: 0.5248 | dt: 1648.10ms | img/sec: 2485.28
step 97684 | loss: 1.809689 | lr 3.5290e-05 | norm: 0.5412 | dt: 1649.75ms | img/sec: 2482.80
step 97685 | loss: 1.812970 | lr 3.5213e-05 | norm: 0.5366 | dt: 1648.60ms | img/sec: 2484.53
step 97686 | loss: 1.831803 | lr 3.5137e-05 | norm: 0.5349 | dt: 1690.45ms | img/sec: 2423.02
step 97687 | loss: 1.806316 | lr 3.5060e-05 | norm: 0.5337 | dt: 1676.30ms | img/sec: 2443.47
step 97688 | loss: 1.753118 | lr 3.4983e-05 | norm: 0.5234 | dt: 1647.28ms | img/sec: 2486.53
step 97689 | loss: 1.850240 | lr 3.4907e-05 | norm: 0.5491 | dt: 1724.33ms | img/sec: 2375.42
step 97690 | loss: 1.824529 | lr 3.4830e-05 | norm: 0.5495 | dt: 1671.01ms | img/sec: 2451.21
step 97691 | loss: 1.842132 | lr 3.4752e-05 | norm: 0.5311 | dt: 1673.14ms | img/sec: 2448.09
step 97692 | loss: 1.834832 | lr 3.4675e-05 | norm: 0.5281 | dt: 1672.80ms | img/sec: 2448.59
step 97693 | loss: 1.717386 | lr 3.4598e-05 | norm: 0.5226 | dt: 1655.02ms | img/sec: 2474.90
step 97694 | loss: 1.798084 | lr 3.4521e-05 | norm: 0.5315 | dt: 1648.44ms | img/sec: 2484.77
step 97695 | loss: 1.818400 | lr 3.4443e-05 | norm: 0.5329 | dt: 1641.64ms | img/sec: 2495.06
step 97696 | loss: 1.785961 | lr 3.4365e-05 | norm: 0.5316 | dt: 1647.17ms | img/sec: 2486.69
step 97697 | loss: 1.821578 | lr 3.4288e-05 | norm: 0.5350 | dt: 1702.16ms | img/sec: 2406.36
step 97698 | loss: 1.857989 | lr 3.4210e-05 | norm: 0.5292 | dt: 1682.31ms | img/sec: 2434.74
step 97699 | loss: 1.867590 | lr 3.4132e-05 | norm: 0.5510 | dt: 1643.54ms | img/sec: 2492.18
step 97700 | loss: 1.813780 | lr 3.4054e-05 | norm: 0.5030 | dt: 1653.30ms | img/sec: 2477.46
step 97701 | loss: 1.876864 | lr 3.3976e-05 | norm: 0.5364 | dt: 1649.10ms | img/sec: 2483.78
step 97702 | loss: 1.785681 | lr 3.3897e-05 | norm: 0.5271 | dt: 1706.26ms | img/sec: 2400.57
step 97703 | loss: 1.860798 | lr 3.3819e-05 | norm: 0.5249 | dt: 1693.33ms | img/sec: 2418.91
step 97704 | loss: 1.735970 | lr 3.3741e-05 | norm: 0.5128 | dt: 1652.99ms | img/sec: 2477.94
step 97705 | loss: 1.751078 | lr 3.3662e-05 | norm: 0.5201 | dt: 1647.79ms | img/sec: 2485.76
step 97706 | loss: 1.762158 | lr 3.3583e-05 | norm: 0.5334 | dt: 1721.29ms | img/sec: 2379.61
step 97707 | loss: 1.759214 | lr 3.3505e-05 | norm: 0.5331 | dt: 1686.21ms | img/sec: 2429.12
step 97708 | loss: 1.750963 | lr 3.3426e-05 | norm: 0.5350 | dt: 1643.70ms | img/sec: 2491.94
step 97709 | loss: 1.753730 | lr 3.3347e-05 | norm: 0.5146 | dt: 1675.49ms | img/sec: 2444.65
step 97710 | loss: 1.740289 | lr 3.3268e-05 | norm: 0.5277 | dt: 1666.74ms | img/sec: 2457.50
step 97711 | loss: 1.812380 | lr 3.3189e-05 | norm: 0.5264 | dt: 1649.99ms | img/sec: 2482.43
step 97712 | loss: 1.948069 | lr 3.3110e-05 | norm: 0.5362 | dt: 1725.66ms | img/sec: 2373.59
step 97713 | loss: 1.813378 | lr 3.3030e-05 | norm: 0.5330 | dt: 1716.81ms | img/sec: 2385.82
step 97714 | loss: 1.754658 | lr 3.2951e-05 | norm: 0.5160 | dt: 1723.60ms | img/sec: 2376.42
step 97715 | loss: 1.802282 | lr 3.2871e-05 | norm: 0.5347 | dt: 1673.91ms | img/sec: 2446.97
step 97716 | loss: 1.913248 | lr 3.2792e-05 | norm: 0.5395 | dt: 1672.32ms | img/sec: 2449.30
step 97717 | loss: 1.776947 | lr 3.2712e-05 | norm: 0.5226 | dt: 1647.87ms | img/sec: 2485.64
step 97718 | loss: 1.802360 | lr 3.2632e-05 | norm: 0.5231 | dt: 1651.18ms | img/sec: 2480.65
step 97719 | loss: 1.798874 | lr 3.2553e-05 | norm: 0.5226 | dt: 1649.50ms | img/sec: 2483.17
step 97720 | loss: 1.695382 | lr 3.2473e-05 | norm: 0.5205 | dt: 1763.10ms | img/sec: 2323.18
step 97721 | loss: 1.810006 | lr 3.2393e-05 | norm: 0.5260 | dt: 1740.34ms | img/sec: 2353.56
step 97722 | loss: 1.785279 | lr 3.2313e-05 | norm: 0.5318 | dt: 1669.73ms | img/sec: 2453.09
step 97723 | loss: 1.864117 | lr 3.2232e-05 | norm: 0.5493 | dt: 1649.97ms | img/sec: 2482.46
step 97724 | loss: 1.846501 | lr 3.2152e-05 | norm: 0.5370 | dt: 1646.95ms | img/sec: 2487.02
step 97725 | loss: 1.783333 | lr 3.2072e-05 | norm: 0.5253 | dt: 1717.09ms | img/sec: 2385.43
step 97726 | loss: 1.731652 | lr 3.1992e-05 | norm: 0.5210 | dt: 1699.26ms | img/sec: 2410.47
step 97727 | loss: 1.739582 | lr 3.1911e-05 | norm: 0.5248 | dt: 1645.02ms | img/sec: 2489.95
step 97728 | loss: 1.802767 | lr 3.1830e-05 | norm: 0.5543 | dt: 1699.05ms | img/sec: 2410.76
step 97729 | loss: 1.857825 | lr 3.1750e-05 | norm: 0.5465 | dt: 1649.00ms | img/sec: 2483.94
step 97730 | loss: 1.866479 | lr 3.1669e-05 | norm: 0.5299 | dt: 1648.22ms | img/sec: 2485.11
step 97731 | loss: 1.772323 | lr 3.1588e-05 | norm: 0.5394 | dt: 1705.57ms | img/sec: 2401.54
step 97732 | loss: 1.858231 | lr 3.1508e-05 | norm: 0.5218 | dt: 1660.84ms | img/sec: 2466.23
step 97733 | loss: 1.806800 | lr 3.1427e-05 | norm: 0.5290 | dt: 1653.84ms | img/sec: 2476.66
step 97734 | loss: 1.783469 | lr 3.1346e-05 | norm: 0.5302 | dt: 1705.00ms | img/sec: 2402.35
step 97735 | loss: 1.873581 | lr 3.1265e-05 | norm: 0.5395 | dt: 1705.62ms | img/sec: 2401.48
step 97736 | loss: 1.634331 | lr 3.1183e-05 | norm: 0.5136 | dt: 1674.04ms | img/sec: 2446.78
step 97737 | loss: 1.802113 | lr 3.1102e-05 | norm: 0.5212 | dt: 1651.07ms | img/sec: 2480.82
step 97738 | loss: 1.881515 | lr 3.1021e-05 | norm: 0.5301 | dt: 1744.32ms | img/sec: 2348.20
step 97739 | loss: 1.805427 | lr 3.0940e-05 | norm: 0.5307 | dt: 1713.95ms | img/sec: 2389.80
step 97740 | loss: 1.701231 | lr 3.0858e-05 | norm: 0.5317 | dt: 1650.03ms | img/sec: 2482.38
step 97741 | loss: 1.874657 | lr 3.0777e-05 | norm: 0.5565 | dt: 1660.50ms | img/sec: 2466.73
step 97742 | loss: 1.780297 | lr 3.0695e-05 | norm: 0.5151 | dt: 1735.63ms | img/sec: 2359.95
step 97743 | loss: 1.851449 | lr 3.0614e-05 | norm: 0.5432 | dt: 1699.44ms | img/sec: 2410.20
step 97744 | loss: 1.783546 | lr 3.0532e-05 | norm: 0.5352 | dt: 1697.79ms | img/sec: 2412.55
step 97745 | loss: 1.772952 | lr 3.0450e-05 | norm: 0.5171 | dt: 1659.84ms | img/sec: 2467.70
step 97746 | loss: 1.798390 | lr 3.0368e-05 | norm: 0.5133 | dt: 1744.28ms | img/sec: 2348.25
step 97747 | loss: 1.725248 | lr 3.0287e-05 | norm: 0.5378 | dt: 1645.59ms | img/sec: 2489.08
step 97748 | loss: 1.774156 | lr 3.0205e-05 | norm: 0.5379 | dt: 1647.79ms | img/sec: 2485.75
step 97749 | loss: 1.843189 | lr 3.0123e-05 | norm: 0.5353 | dt: 1731.75ms | img/sec: 2365.24
step 97750 | loss: 1.878524 | lr 3.0041e-05 | norm: 0.5533 | dt: 1705.47ms | img/sec: 2401.69
step 97751 | loss: 1.720906 | lr 2.9959e-05 | norm: 0.5036 | dt: 1712.99ms | img/sec: 2391.14
step 97752 | loss: 1.795522 | lr 2.9876e-05 | norm: 0.5356 | dt: 1791.32ms | img/sec: 2286.58
step 97753 | loss: 1.889697 | lr 2.9794e-05 | norm: 0.5361 | dt: 1669.68ms | img/sec: 2453.17
step 97754 | loss: 1.908478 | lr 2.9712e-05 | norm: 0.5521 | dt: 1656.38ms | img/sec: 2472.87
step 97755 | loss: 1.796164 | lr 2.9630e-05 | norm: 0.5297 | dt: 1760.69ms | img/sec: 2326.36
step 97756 | loss: 1.812515 | lr 2.9547e-05 | norm: 0.5434 | dt: 1693.86ms | img/sec: 2418.14
step 97757 | loss: 1.768786 | lr 2.9465e-05 | norm: 0.5295 | dt: 1731.15ms | img/sec: 2366.05
step 97758 | loss: 1.769279 | lr 2.9383e-05 | norm: 0.5336 | dt: 1672.60ms | img/sec: 2448.88
step 97759 | loss: 1.843434 | lr 2.9300e-05 | norm: 0.5427 | dt: 1649.54ms | img/sec: 2483.12
step 97760 | loss: 1.755438 | lr 2.9217e-05 | norm: 0.5301 | dt: 1651.73ms | img/sec: 2479.83
step 97761 | loss: 1.871402 | lr 2.9135e-05 | norm: 0.5492 | dt: 1679.68ms | img/sec: 2438.56
step 97762 | loss: 1.840336 | lr 2.9052e-05 | norm: 0.5431 | dt: 1656.18ms | img/sec: 2473.16
step 97763 | loss: 1.850832 | lr 2.8970e-05 | norm: 0.5351 | dt: 1696.49ms | img/sec: 2414.40
step 97764 | loss: 1.880144 | lr 2.8887e-05 | norm: 0.5327 | dt: 1656.25ms | img/sec: 2473.05
step 97765 | loss: 1.767992 | lr 2.8804e-05 | norm: 0.5252 | dt: 1694.80ms | img/sec: 2416.81
step 97766 | loss: 1.801575 | lr 2.8721e-05 | norm: 0.5266 | dt: 1704.71ms | img/sec: 2402.75
step 97767 | loss: 1.795572 | lr 2.8638e-05 | norm: 0.5435 | dt: 1705.66ms | img/sec: 2401.41
step 97768 | loss: 1.712615 | lr 2.8556e-05 | norm: 0.5126 | dt: 1764.73ms | img/sec: 2321.04
step 97769 | loss: 1.851506 | lr 2.8473e-05 | norm: 0.5468 | dt: 1683.18ms | img/sec: 2433.49
step 97770 | loss: 1.812582 | lr 2.8390e-05 | norm: 0.5421 | dt: 1656.35ms | img/sec: 2472.91
step 97771 | loss: 1.839280 | lr 2.8307e-05 | norm: 0.5369 | dt: 1649.87ms | img/sec: 2482.62
step 97772 | loss: 1.834076 | lr 2.8224e-05 | norm: 0.5301 | dt: 1646.25ms | img/sec: 2488.07
step 97773 | loss: 1.760135 | lr 2.8141e-05 | norm: 0.5229 | dt: 1704.20ms | img/sec: 2403.47
step 97774 | loss: 1.722390 | lr 2.8057e-05 | norm: 0.5421 | dt: 1701.81ms | img/sec: 2406.85
step 97775 | loss: 1.770012 | lr 2.7974e-05 | norm: 0.5164 | dt: 1703.63ms | img/sec: 2404.27
step 97776 | loss: 1.792208 | lr 2.7891e-05 | norm: 0.5297 | dt: 1735.52ms | img/sec: 2360.09
step 97777 | loss: 1.775721 | lr 2.7808e-05 | norm: 0.5178 | dt: 1652.63ms | img/sec: 2478.48
step 97778 | loss: 1.763782 | lr 2.7725e-05 | norm: 0.5226 | dt: 1757.79ms | img/sec: 2330.19
step 97779 | loss: 1.916991 | lr 2.7641e-05 | norm: 0.5530 | dt: 1701.22ms | img/sec: 2407.68
step 97780 | loss: 1.838600 | lr 2.7558e-05 | norm: 0.5366 | dt: 1642.02ms | img/sec: 2494.49
step 97781 | loss: 1.851919 | lr 2.7475e-05 | norm: 0.5314 | dt: 1718.97ms | img/sec: 2382.83
step 97782 | loss: 1.834739 | lr 2.7391e-05 | norm: 0.5269 | dt: 1643.00ms | img/sec: 2493.00
step 97783 | loss: 1.751529 | lr 2.7308e-05 | norm: 0.5362 | dt: 1712.92ms | img/sec: 2391.24
step 97784 | loss: 1.795319 | lr 2.7225e-05 | norm: 0.5133 | dt: 1656.59ms | img/sec: 2472.56
step 97785 | loss: 1.796340 | lr 2.7141e-05 | norm: 0.5266 | dt: 1739.54ms | img/sec: 2354.65
step 97786 | loss: 1.809102 | lr 2.7058e-05 | norm: 0.5340 | dt: 1693.45ms | img/sec: 2418.73
step 97787 | loss: 1.806619 | lr 2.6974e-05 | norm: 0.5316 | dt: 1647.41ms | img/sec: 2486.33
step 97788 | loss: 1.820051 | lr 2.6891e-05 | norm: 0.5286 | dt: 1652.01ms | img/sec: 2479.41
step 97789 | loss: 1.815898 | lr 2.6807e-05 | norm: 0.5425 | dt: 1685.67ms | img/sec: 2429.89
step 97790 | loss: 1.791419 | lr 2.6724e-05 | norm: 0.5406 | dt: 1698.35ms | img/sec: 2411.75
step 97791 | loss: 1.819621 | lr 2.6640e-05 | norm: 0.5253 | dt: 1687.30ms | img/sec: 2427.55
step 97792 | loss: 1.754761 | lr 2.6556e-05 | norm: 0.5235 | dt: 1650.99ms | img/sec: 2480.94
step 97793 | loss: 1.789342 | lr 2.6473e-05 | norm: 0.5169 | dt: 1686.80ms | img/sec: 2428.26
step 97794 | loss: 1.773805 | lr 2.6389e-05 | norm: 0.5263 | dt: 1657.65ms | img/sec: 2470.97
step 97795 | loss: 1.806566 | lr 2.6306e-05 | norm: 0.5311 | dt: 1655.02ms | img/sec: 2474.90
step 97796 | loss: 1.877989 | lr 2.6222e-05 | norm: 0.5263 | dt: 1643.18ms | img/sec: 2492.73
step 97797 | loss: 1.768991 | lr 2.6138e-05 | norm: 0.5342 | dt: 1754.14ms | img/sec: 2335.05
step 97798 | loss: 1.777047 | lr 2.6055e-05 | norm: 0.5281 | dt: 1725.60ms | img/sec: 2373.66
step 97799 | loss: 1.803337 | lr 2.5971e-05 | norm: 0.5178 | dt: 1775.86ms | img/sec: 2306.49
step 97800 | loss: 1.793796 | lr 2.5887e-05 | norm: 0.5321 | dt: 1774.18ms | img/sec: 2308.67
step 97801 | loss: 1.921874 | lr 2.5804e-05 | norm: 0.5439 | dt: 1674.18ms | img/sec: 2446.57
step 97802 | loss: 1.825449 | lr 2.5720e-05 | norm: 0.5332 | dt: 1656.34ms | img/sec: 2472.92
step 97803 | loss: 1.840097 | lr 2.5636e-05 | norm: 0.5141 | dt: 1649.41ms | img/sec: 2483.31
step 97804 | loss: 1.878723 | lr 2.5552e-05 | norm: 0.5242 | dt: 1654.73ms | img/sec: 2475.33
step 97805 | loss: 1.745682 | lr 2.5469e-05 | norm: 0.5311 | dt: 1718.55ms | img/sec: 2383.40
step 97806 | loss: 1.792650 | lr 2.5385e-05 | norm: 0.5193 | dt: 1690.59ms | img/sec: 2422.82
step 97807 | loss: 1.808851 | lr 2.5301e-05 | norm: 0.5431 | dt: 1700.21ms | img/sec: 2409.11
step 97808 | loss: 1.798356 | lr 2.5217e-05 | norm: 0.5272 | dt: 1668.48ms | img/sec: 2454.93
step 97809 | loss: 1.782348 | lr 2.5134e-05 | norm: 0.5182 | dt: 1675.33ms | img/sec: 2444.89
step 97810 | loss: 1.806051 | lr 2.5050e-05 | norm: 0.5281 | dt: 1648.70ms | img/sec: 2484.38
step 97811 | loss: 1.760022 | lr 2.4966e-05 | norm: 0.5143 | dt: 1748.92ms | img/sec: 2342.01
step 97812 | loss: 1.842131 | lr 2.4883e-05 | norm: 0.5408 | dt: 1742.53ms | img/sec: 2350.60
step 97813 | loss: 1.822773 | lr 2.4799e-05 | norm: 0.5579 | dt: 1654.77ms | img/sec: 2475.27
step 97814 | loss: 1.874113 | lr 2.4715e-05 | norm: 0.5402 | dt: 1710.37ms | img/sec: 2394.81
step 97815 | loss: 1.807355 | lr 2.4631e-05 | norm: 0.5442 | dt: 1730.63ms | img/sec: 2366.77
step 97816 | loss: 1.802997 | lr 2.4548e-05 | norm: 0.5267 | dt: 1655.21ms | img/sec: 2474.61
step 97817 | loss: 1.800045 | lr 2.4464e-05 | norm: 0.5287 | dt: 1670.88ms | img/sec: 2451.40
step 97818 | loss: 1.832729 | lr 2.4380e-05 | norm: 0.5163 | dt: 1662.50ms | img/sec: 2463.76
step 97819 | loss: 1.779962 | lr 2.4296e-05 | norm: 0.5206 | dt: 1710.13ms | img/sec: 2395.14
step 97820 | loss: 1.862651 | lr 2.4213e-05 | norm: 0.5383 | dt: 1647.42ms | img/sec: 2486.31
step 97821 | loss: 1.742787 | lr 2.4129e-05 | norm: 0.5310 | dt: 1658.62ms | img/sec: 2469.53
step 97822 | loss: 1.846229 | lr 2.4045e-05 | norm: 0.5424 | dt: 1726.75ms | img/sec: 2372.09
step 97823 | loss: 1.795832 | lr 2.3962e-05 | norm: 0.5282 | dt: 1722.43ms | img/sec: 2378.03
step 97824 | loss: 1.777478 | lr 2.3878e-05 | norm: 0.5304 | dt: 1647.10ms | img/sec: 2486.80
step 97825 | loss: 1.865673 | lr 2.3794e-05 | norm: 0.5359 | dt: 1653.96ms | img/sec: 2476.48
step 97826 | loss: 1.809194 | lr 2.3711e-05 | norm: 0.5197 | dt: 1651.82ms | img/sec: 2479.68
step 97827 | loss: 1.776301 | lr 2.3627e-05 | norm: 0.5245 | dt: 1659.50ms | img/sec: 2468.21
step 97828 | loss: 1.801572 | lr 2.3544e-05 | norm: 0.5131 | dt: 1746.80ms | img/sec: 2344.86
step 97829 | loss: 1.841983 | lr 2.3460e-05 | norm: 0.5364 | dt: 1714.67ms | img/sec: 2388.80
step 97830 | loss: 1.768320 | lr 2.3376e-05 | norm: 0.5212 | dt: 1753.28ms | img/sec: 2336.19
step 97831 | loss: 1.766261 | lr 2.3293e-05 | norm: 0.5304 | dt: 1690.51ms | img/sec: 2422.94
step 97832 | loss: 1.794921 | lr 2.3209e-05 | norm: 0.5175 | dt: 1660.81ms | img/sec: 2466.27
step 97833 | loss: 1.721493 | lr 2.3126e-05 | norm: 0.5082 | dt: 1652.77ms | img/sec: 2478.27
step 97834 | loss: 1.885775 | lr 2.3042e-05 | norm: 0.5232 | dt: 1707.25ms | img/sec: 2399.19
step 97835 | loss: 1.740182 | lr 2.2959e-05 | norm: 0.5133 | dt: 1663.18ms | img/sec: 2462.75
step 97836 | loss: 1.831061 | lr 2.2875e-05 | norm: 0.5437 | dt: 1646.52ms | img/sec: 2487.67
step 97837 | loss: 1.752204 | lr 2.2792e-05 | norm: 0.5144 | dt: 1655.20ms | img/sec: 2474.62
step 97838 | loss: 1.834609 | lr 2.2709e-05 | norm: 0.5256 | dt: 1650.07ms | img/sec: 2482.33
step 97839 | loss: 1.805768 | lr 2.2625e-05 | norm: 0.5402 | dt: 1703.36ms | img/sec: 2404.66
step 97840 | loss: 1.883760 | lr 2.2542e-05 | norm: 0.5360 | dt: 1652.78ms | img/sec: 2478.24
step 97841 | loss: 1.705530 | lr 2.2459e-05 | norm: 0.5139 | dt: 1658.13ms | img/sec: 2470.26
step 97842 | loss: 1.797638 | lr 2.2375e-05 | norm: 0.5233 | dt: 1712.79ms | img/sec: 2391.43
step 97843 | loss: 1.801425 | lr 2.2292e-05 | norm: 0.5391 | dt: 1712.50ms | img/sec: 2391.83
step 97844 | loss: 1.778450 | lr 2.2209e-05 | norm: 0.5215 | dt: 1710.57ms | img/sec: 2394.52
step 97845 | loss: 1.767983 | lr 2.2126e-05 | norm: 0.5338 | dt: 1652.67ms | img/sec: 2478.41
step 97846 | loss: 1.773491 | lr 2.2043e-05 | norm: 0.5217 | dt: 1653.03ms | img/sec: 2477.88
step 97847 | loss: 1.763154 | lr 2.1959e-05 | norm: 0.5167 | dt: 1672.32ms | img/sec: 2449.29
step 97848 | loss: 1.790603 | lr 2.1876e-05 | norm: 0.5165 | dt: 1769.64ms | img/sec: 2314.59
step 97849 | loss: 1.777123 | lr 2.1793e-05 | norm: 0.5295 | dt: 1655.30ms | img/sec: 2474.48
step 97850 | loss: 1.781203 | lr 2.1710e-05 | norm: 0.5160 | dt: 1705.33ms | img/sec: 2401.88
step 97851 | loss: 1.682769 | lr 2.1627e-05 | norm: 0.5069 | dt: 1670.26ms | img/sec: 2452.32
step 97852 | loss: 1.831313 | lr 2.1544e-05 | norm: 0.5544 | dt: 1716.55ms | img/sec: 2386.18
step 97853 | loss: 1.787660 | lr 2.1462e-05 | norm: 0.5289 | dt: 1664.64ms | img/sec: 2460.60
step 97854 | loss: 1.824656 | lr 2.1379e-05 | norm: 0.5246 | dt: 1648.17ms | img/sec: 2485.17
step 97855 | loss: 1.704054 | lr 2.1296e-05 | norm: 0.5213 | dt: 1699.96ms | img/sec: 2409.46
step 97856 | loss: 1.792561 | lr 2.1213e-05 | norm: 0.5357 | dt: 1698.87ms | img/sec: 2411.02
step 97857 | loss: 1.773210 | lr 2.1130e-05 | norm: 0.5337 | dt: 1676.90ms | img/sec: 2442.60
step 97858 | loss: 1.831094 | lr 2.1048e-05 | norm: 0.5427 | dt: 1708.13ms | img/sec: 2397.95
step 97859 | loss: 1.870272 | lr 2.0965e-05 | norm: 0.5408 | dt: 1651.80ms | img/sec: 2479.72
step 97860 | loss: 1.803383 | lr 2.0883e-05 | norm: 0.5250 | dt: 1650.44ms | img/sec: 2481.76
step 97861 | loss: 1.846579 | lr 2.0800e-05 | norm: 0.5247 | dt: 1674.04ms | img/sec: 2446.78
step 97862 | loss: 1.849974 | lr 2.0717e-05 | norm: 0.5303 | dt: 1662.63ms | img/sec: 2463.57
step 97863 | loss: 1.789181 | lr 2.0635e-05 | norm: 0.5224 | dt: 1675.15ms | img/sec: 2445.15
step 97864 | loss: 1.861435 | lr 2.0553e-05 | norm: 0.5438 | dt: 1649.35ms | img/sec: 2483.40
step 97865 | loss: 1.809502 | lr 2.0470e-05 | norm: 0.5346 | dt: 1757.46ms | img/sec: 2330.64
step 97866 | loss: 1.719664 | lr 2.0388e-05 | norm: 0.5238 | dt: 1671.06ms | img/sec: 2451.14
step 97867 | loss: 1.824798 | lr 2.0306e-05 | norm: 0.5321 | dt: 1653.57ms | img/sec: 2477.07
step 97868 | loss: 1.736358 | lr 2.0224e-05 | norm: 0.5209 | dt: 1648.83ms | img/sec: 2484.18
step 97869 | loss: 1.813895 | lr 2.0141e-05 | norm: 0.5214 | dt: 1711.38ms | img/sec: 2393.39
step 97870 | loss: 1.854499 | lr 2.0059e-05 | norm: 0.5344 | dt: 1653.66ms | img/sec: 2476.93
step 97871 | loss: 1.728123 | lr 1.9977e-05 | norm: 0.5099 | dt: 1652.26ms | img/sec: 2479.03
step 97872 | loss: 1.813192 | lr 1.9895e-05 | norm: 0.5225 | dt: 1654.98ms | img/sec: 2474.95
step 97873 | loss: 1.762123 | lr 1.9813e-05 | norm: 0.5138 | dt: 1655.12ms | img/sec: 2474.75
step 97874 | loss: 1.828777 | lr 1.9732e-05 | norm: 0.5339 | dt: 1648.53ms | img/sec: 2484.64
step 97875 | loss: 1.770522 | lr 1.9650e-05 | norm: 0.5252 | dt: 1737.57ms | img/sec: 2357.31
step 97876 | loss: 1.770663 | lr 1.9568e-05 | norm: 0.5349 | dt: 1653.18ms | img/sec: 2477.65
step 97877 | loss: 1.812771 | lr 1.9486e-05 | norm: 0.5235 | dt: 1705.96ms | img/sec: 2401.00
step 97878 | loss: 1.856991 | lr 1.9405e-05 | norm: 0.5399 | dt: 1660.13ms | img/sec: 2467.28
step 97879 | loss: 1.780777 | lr 1.9323e-05 | norm: 0.5076 | dt: 1649.55ms | img/sec: 2483.10
step 97880 | loss: 1.827147 | lr 1.9242e-05 | norm: 0.5247 | dt: 1696.65ms | img/sec: 2414.17
step 97881 | loss: 1.772690 | lr 1.9160e-05 | norm: 0.5219 | dt: 1653.86ms | img/sec: 2476.63
step 97882 | loss: 1.722492 | lr 1.9079e-05 | norm: 0.5301 | dt: 1774.25ms | img/sec: 2308.58
step 97883 | loss: 1.862587 | lr 1.8998e-05 | norm: 0.5515 | dt: 1716.31ms | img/sec: 2386.52
step 97884 | loss: 1.828772 | lr 1.8917e-05 | norm: 0.5363 | dt: 1685.34ms | img/sec: 2430.37
step 97885 | loss: 1.809442 | lr 1.8835e-05 | norm: 0.5265 | dt: 1660.16ms | img/sec: 2467.23
step 97886 | loss: 1.857979 | lr 1.8754e-05 | norm: 0.5334 | dt: 1671.58ms | img/sec: 2450.38
step 97887 | loss: 1.867558 | lr 1.8673e-05 | norm: 0.5475 | dt: 1692.70ms | img/sec: 2419.81
step 97888 | loss: 1.786363 | lr 1.8592e-05 | norm: 0.5122 | dt: 1702.14ms | img/sec: 2406.38
step 97889 | loss: 1.758580 | lr 1.8512e-05 | norm: 0.5050 | dt: 1690.22ms | img/sec: 2423.36
step 97890 | loss: 1.805373 | lr 1.8431e-05 | norm: 0.5130 | dt: 1652.55ms | img/sec: 2478.59
step 97891 | loss: 1.753561 | lr 1.8350e-05 | norm: 0.5270 | dt: 1657.38ms | img/sec: 2471.37
step 97892 | loss: 1.798357 | lr 1.8270e-05 | norm: 0.5270 | dt: 1668.01ms | img/sec: 2455.62
step 97893 | loss: 1.755932 | lr 1.8189e-05 | norm: 0.5161 | dt: 1699.20ms | img/sec: 2410.54
step 97894 | loss: 1.841091 | lr 1.8108e-05 | norm: 0.5209 | dt: 1655.31ms | img/sec: 2474.45
step 97895 | loss: 1.727718 | lr 1.8028e-05 | norm: 0.5178 | dt: 1738.26ms | img/sec: 2356.39
step 97896 | loss: 1.778839 | lr 1.7948e-05 | norm: 0.5098 | dt: 1690.62ms | img/sec: 2422.77
step 97897 | loss: 1.759900 | lr 1.7868e-05 | norm: 0.5193 | dt: 1688.95ms | img/sec: 2425.17
step 97898 | loss: 1.835321 | lr 1.7787e-05 | norm: 0.5215 | dt: 1717.42ms | img/sec: 2384.98
step 97899 | loss: 1.824407 | lr 1.7707e-05 | norm: 0.5249 | dt: 1646.94ms | img/sec: 2487.04
step 97900 | loss: 1.777062 | lr 1.7627e-05 | norm: 0.5253 | dt: 1658.32ms | img/sec: 2469.97
step 97901 | loss: 1.862980 | lr 1.7547e-05 | norm: 0.5252 | dt: 1695.93ms | img/sec: 2415.20
step 97902 | loss: 1.764506 | lr 1.7468e-05 | norm: 0.5438 | dt: 1729.21ms | img/sec: 2368.71
step 97903 | loss: 1.777693 | lr 1.7388e-05 | norm: 0.5211 | dt: 1648.02ms | img/sec: 2485.40
step 97904 | loss: 1.776492 | lr 1.7308e-05 | norm: 0.5291 | dt: 1654.04ms | img/sec: 2476.36
step 97905 | loss: 1.726336 | lr 1.7229e-05 | norm: 0.5292 | dt: 1700.62ms | img/sec: 2408.54
step 97906 | loss: 1.848556 | lr 1.7149e-05 | norm: 0.5272 | dt: 1654.29ms | img/sec: 2475.99
step 97907 | loss: 1.809359 | lr 1.7070e-05 | norm: 0.5307 | dt: 1649.45ms | img/sec: 2483.25
step 97908 | loss: 1.754469 | lr 1.6990e-05 | norm: 0.5200 | dt: 1751.29ms | img/sec: 2338.85
step 97909 | loss: 1.807046 | lr 1.6911e-05 | norm: 0.5354 | dt: 1659.52ms | img/sec: 2468.18
step 97910 | loss: 1.780820 | lr 1.6832e-05 | norm: 0.5176 | dt: 1648.19ms | img/sec: 2485.14
step 97911 | loss: 1.867357 | lr 1.6753e-05 | norm: 0.5345 | dt: 1695.45ms | img/sec: 2415.88
step 97912 | loss: 1.785395 | lr 1.6674e-05 | norm: 0.5299 | dt: 1659.92ms | img/sec: 2467.59
step 97913 | loss: 1.783869 | lr 1.6595e-05 | norm: 0.5163 | dt: 1652.13ms | img/sec: 2479.22
step 97914 | loss: 1.742119 | lr 1.6517e-05 | norm: 0.5138 | dt: 1649.53ms | img/sec: 2483.14
step 97915 | loss: 1.835431 | lr 1.6438e-05 | norm: 0.5498 | dt: 1648.48ms | img/sec: 2484.72
step 97916 | loss: 1.820833 | lr 1.6359e-05 | norm: 0.5331 | dt: 1652.55ms | img/sec: 2478.60
step 97917 | loss: 1.719472 | lr 1.6281e-05 | norm: 0.5291 | dt: 1679.45ms | img/sec: 2438.89
step 97918 | loss: 1.744626 | lr 1.6203e-05 | norm: 0.5276 | dt: 1662.72ms | img/sec: 2463.43
step 97919 | loss: 1.835953 | lr 1.6124e-05 | norm: 0.5247 | dt: 1706.47ms | img/sec: 2400.28
step 97920 | loss: 1.800288 | lr 1.6046e-05 | norm: 0.5226 | dt: 1688.25ms | img/sec: 2426.18
step 97921 | loss: 1.821346 | lr 1.5968e-05 | norm: 0.5095 | dt: 1658.40ms | img/sec: 2469.86
step 97922 | loss: 1.831455 | lr 1.5890e-05 | norm: 0.5344 | dt: 1675.82ms | img/sec: 2444.18
step 97923 | loss: 1.694819 | lr 1.5812e-05 | norm: 0.5178 | dt: 1657.11ms | img/sec: 2471.77
step 97924 | loss: 1.793452 | lr 1.5735e-05 | norm: 0.5334 | dt: 1658.88ms | img/sec: 2469.13
step 97925 | loss: 1.817737 | lr 1.5657e-05 | norm: 0.5214 | dt: 1712.08ms | img/sec: 2392.42
step 97926 | loss: 1.805835 | lr 1.5579e-05 | norm: 0.5238 | dt: 1705.62ms | img/sec: 2401.47
step 97927 | loss: 1.803667 | lr 1.5502e-05 | norm: 0.5261 | dt: 1689.50ms | img/sec: 2424.39
step 97928 | loss: 1.797907 | lr 1.5425e-05 | norm: 0.5235 | dt: 1655.38ms | img/sec: 2474.36
step 97929 | loss: 1.879845 | lr 1.5348e-05 | norm: 0.5442 | dt: 1685.21ms | img/sec: 2430.56
step 97930 | loss: 1.809381 | lr 1.5270e-05 | norm: 0.5284 | dt: 1653.22ms | img/sec: 2477.58
step 97931 | loss: 1.811420 | lr 1.5193e-05 | norm: 0.5245 | dt: 1704.42ms | img/sec: 2403.16
step 97932 | loss: 1.819655 | lr 1.5117e-05 | norm: 0.5446 | dt: 1656.30ms | img/sec: 2472.98
step 97933 | loss: 1.732697 | lr 1.5040e-05 | norm: 0.5195 | dt: 1654.97ms | img/sec: 2474.97
step 97934 | loss: 1.838743 | lr 1.4963e-05 | norm: 0.5284 | dt: 1664.53ms | img/sec: 2460.76
step 97935 | loss: 1.807978 | lr 1.4887e-05 | norm: 0.5209 | dt: 1652.24ms | img/sec: 2479.06
step 97936 | loss: 1.775323 | lr 1.4810e-05 | norm: 0.5201 | dt: 1663.43ms | img/sec: 2462.38
step 97937 | loss: 1.743803 | lr 1.4734e-05 | norm: 0.5173 | dt: 1654.91ms | img/sec: 2475.06
step 97938 | loss: 1.859244 | lr 1.4658e-05 | norm: 0.5392 | dt: 1691.85ms | img/sec: 2421.02
step 97939 | loss: 1.753931 | lr 1.4582e-05 | norm: 0.5006 | dt: 1698.19ms | img/sec: 2411.98
step 97940 | loss: 1.835224 | lr 1.4506e-05 | norm: 0.5314 | dt: 1649.71ms | img/sec: 2482.86
step 97941 | loss: 1.769762 | lr 1.4430e-05 | norm: 0.5389 | dt: 1690.63ms | img/sec: 2422.76
step 97942 | loss: 1.806496 | lr 1.4354e-05 | norm: 0.5292 | dt: 1652.49ms | img/sec: 2478.69
step 97943 | loss: 1.701568 | lr 1.4279e-05 | norm: 0.5094 | dt: 1688.44ms | img/sec: 2425.91
step 97944 | loss: 1.813385 | lr 1.4203e-05 | norm: 0.5280 | dt: 1649.88ms | img/sec: 2482.60
step 97945 | loss: 1.878440 | lr 1.4128e-05 | norm: 0.5274 | dt: 1677.81ms | img/sec: 2441.28
step 97946 | loss: 1.892704 | lr 1.4052e-05 | norm: 0.5262 | dt: 1667.65ms | img/sec: 2456.14
step 97947 | loss: 1.768115 | lr 1.3977e-05 | norm: 0.5111 | dt: 1685.46ms | img/sec: 2430.20
step 97948 | loss: 1.807069 | lr 1.3902e-05 | norm: 0.5457 | dt: 1771.63ms | img/sec: 2312.00
step 97949 | loss: 1.809620 | lr 1.3828e-05 | norm: 0.5233 | dt: 1679.42ms | img/sec: 2438.93
step 97950 | loss: 1.779472 | lr 1.3753e-05 | norm: 0.5250 | dt: 1728.97ms | img/sec: 2369.04
step 97951 | loss: 1.832689 | lr 1.3678e-05 | norm: 0.5293 | dt: 1661.05ms | img/sec: 2465.91
step 97952 | loss: 1.807971 | lr 1.3604e-05 | norm: 0.5361 | dt: 1756.20ms | img/sec: 2332.31
step 97953 | loss: 1.757069 | lr 1.3529e-05 | norm: 0.5251 | dt: 1662.87ms | img/sec: 2463.21
step 97954 | loss: 1.805388 | lr 1.3455e-05 | norm: 0.5320 | dt: 1657.44ms | img/sec: 2471.28
step 97955 | loss: 1.755412 | lr 1.3381e-05 | norm: 0.5113 | dt: 1656.28ms | img/sec: 2473.01
step 97956 | loss: 1.824553 | lr 1.3307e-05 | norm: 0.5165 | dt: 1648.87ms | img/sec: 2484.12
step 97957 | loss: 1.715618 | lr 1.3233e-05 | norm: 0.5265 | dt: 1707.36ms | img/sec: 2399.02
step 97958 | loss: 1.829447 | lr 1.3160e-05 | norm: 0.5250 | dt: 1660.79ms | img/sec: 2466.30
step 97959 | loss: 1.783827 | lr 1.3086e-05 | norm: 0.5275 | dt: 1645.53ms | img/sec: 2489.16
step 97960 | loss: 1.854373 | lr 1.3013e-05 | norm: 0.5258 | dt: 1660.40ms | img/sec: 2466.88
step 97961 | loss: 1.840227 | lr 1.2939e-05 | norm: 0.5338 | dt: 1649.98ms | img/sec: 2482.45
step 97962 | loss: 1.778368 | lr 1.2866e-05 | norm: 0.5240 | dt: 1654.69ms | img/sec: 2475.39
step 97963 | loss: 1.776811 | lr 1.2793e-05 | norm: 0.5196 | dt: 1646.91ms | img/sec: 2487.08
step 97964 | loss: 1.771618 | lr 1.2720e-05 | norm: 0.5355 | dt: 1653.33ms | img/sec: 2477.42
step 97965 | loss: 1.885751 | lr 1.2648e-05 | norm: 0.5453 | dt: 1647.12ms | img/sec: 2486.76
step 97966 | loss: 1.801503 | lr 1.2575e-05 | norm: 0.5216 | dt: 5231.52ms | img/sec: 782.95
step 97967 | loss: 1.733660 | lr 1.2503e-05 | norm: 0.5069 | dt: 1647.45ms | img/sec: 2486.26
step 97968 | loss: 1.772454 | lr 1.2430e-05 | norm: 0.5088 | dt: 1680.00ms | img/sec: 2438.10
step 97969 | loss: 1.786654 | lr 1.2358e-05 | norm: 0.5435 | dt: 1705.28ms | img/sec: 2401.95
step 97970 | loss: 1.775334 | lr 1.2286e-05 | norm: 0.5344 | dt: 1704.48ms | img/sec: 2403.08
step 97971 | loss: 1.834257 | lr 1.2214e-05 | norm: 0.5405 | dt: 1676.94ms | img/sec: 2442.54
step 97972 | loss: 1.799826 | lr 1.2142e-05 | norm: 0.5133 | dt: 1710.90ms | img/sec: 2394.06
step 97973 | loss: 1.767902 | lr 1.2071e-05 | norm: 0.5262 | dt: 1657.38ms | img/sec: 2471.38
step 97974 | loss: 1.787610 | lr 1.1999e-05 | norm: 0.5186 | dt: 1654.29ms | img/sec: 2475.99
step 97975 | loss: 1.764064 | lr 1.1928e-05 | norm: 0.5261 | dt: 1734.18ms | img/sec: 2361.92
step 97976 | loss: 1.825669 | lr 1.1857e-05 | norm: 0.5200 | dt: 1650.80ms | img/sec: 2481.23
step 97977 | loss: 1.802644 | lr 1.1786e-05 | norm: 0.5243 | dt: 1650.83ms | img/sec: 2481.18
step 97978 | loss: 1.856082 | lr 1.1715e-05 | norm: 0.5162 | dt: 1713.28ms | img/sec: 2390.73
step 97979 | loss: 1.768871 | lr 1.1644e-05 | norm: 0.5290 | dt: 1711.20ms | img/sec: 2393.65
step 97980 | loss: 1.830883 | lr 1.1574e-05 | norm: 0.5283 | dt: 1651.38ms | img/sec: 2480.36
step 97981 | loss: 1.766274 | lr 1.1503e-05 | norm: 0.5266 | dt: 1727.03ms | img/sec: 2371.70
step 97982 | loss: 1.794129 | lr 1.1433e-05 | norm: 0.5417 | dt: 1656.57ms | img/sec: 2472.57
step 97983 | loss: 1.805280 | lr 1.1363e-05 | norm: 0.5551 | dt: 1663.19ms | img/sec: 2462.74
step 97984 | loss: 1.826930 | lr 1.1293e-05 | norm: 0.5312 | dt: 1647.91ms | img/sec: 2485.57
step 97985 | loss: 1.787490 | lr 1.1223e-05 | norm: 0.5334 | dt: 1647.32ms | img/sec: 2486.46
step 97986 | loss: 1.782458 | lr 1.1154e-05 | norm: 0.5289 | dt: 1720.75ms | img/sec: 2380.36
step 97987 | loss: 1.738536 | lr 1.1084e-05 | norm: 0.5150 | dt: 1653.87ms | img/sec: 2476.62
step 97988 | loss: 1.826880 | lr 1.1015e-05 | norm: 0.5501 | dt: 1649.33ms | img/sec: 2483.43
step 97989 | loss: 1.802375 | lr 1.0946e-05 | norm: 0.5208 | dt: 1658.87ms | img/sec: 2469.15
step 97990 | loss: 1.787380 | lr 1.0877e-05 | norm: 0.5290 | dt: 1688.05ms | img/sec: 2426.47
step 97991 | loss: 1.741063 | lr 1.0808e-05 | norm: 0.5420 | dt: 1646.44ms | img/sec: 2487.79
step 97992 | loss: 1.825507 | lr 1.0739e-05 | norm: 0.5292 | dt: 1649.61ms | img/sec: 2483.01
step 97993 | loss: 1.874685 | lr 1.0671e-05 | norm: 0.5245 | dt: 1647.40ms | img/sec: 2486.35
step 97994 | loss: 1.751665 | lr 1.0602e-05 | norm: 0.5172 | dt: 1648.97ms | img/sec: 2483.98
step 97995 | loss: 1.828313 | lr 1.0534e-05 | norm: 0.5394 | dt: 1698.41ms | img/sec: 2411.66
step 97996 | loss: 1.734557 | lr 1.0466e-05 | norm: 0.5095 | dt: 1704.42ms | img/sec: 2403.17
step 97997 | loss: 1.775000 | lr 1.0398e-05 | norm: 0.5292 | dt: 1656.10ms | img/sec: 2473.27
step 97998 | loss: 1.803015 | lr 1.0331e-05 | norm: 0.5317 | dt: 1646.35ms | img/sec: 2487.92
step 97999 | loss: 1.773227 | lr 1.0263e-05 | norm: 0.5217 | dt: 1694.16ms | img/sec: 2417.71
step 98000 | val_loss 1.6942 | val_acc 60.07%
step 98000 | loss: 1.730984 | lr 1.0196e-05 | norm: 0.5228 | dt: 4191.82ms | img/sec: 977.14
step 98001 | loss: 1.858630 | lr 1.0129e-05 | norm: 0.5375 | dt: 1955.70ms | img/sec: 2094.39
step 98002 | loss: 1.898451 | lr 1.0061e-05 | norm: 0.5273 | dt: 1655.94ms | img/sec: 2473.53
step 98003 | loss: 1.773634 | lr 9.9946e-06 | norm: 0.5248 | dt: 1787.29ms | img/sec: 2291.74
step 98004 | loss: 1.793375 | lr 9.9279e-06 | norm: 0.5208 | dt: 1652.26ms | img/sec: 2479.03
step 98005 | loss: 1.734295 | lr 9.8614e-06 | norm: 0.5296 | dt: 1700.63ms | img/sec: 2408.51
step 98006 | loss: 1.875142 | lr 9.7951e-06 | norm: 0.5463 | dt: 1675.00ms | img/sec: 2445.37
step 98007 | loss: 1.757985 | lr 9.7289e-06 | norm: 0.5189 | dt: 1669.44ms | img/sec: 2453.51
step 98008 | loss: 1.771436 | lr 9.6629e-06 | norm: 0.5412 | dt: 1775.66ms | img/sec: 2306.75
step 98009 | loss: 1.805469 | lr 9.5970e-06 | norm: 0.5248 | dt: 1694.76ms | img/sec: 2416.87
step 98010 | loss: 1.807640 | lr 9.5314e-06 | norm: 0.5453 | dt: 1747.72ms | img/sec: 2343.63
step 98011 | loss: 1.841193 | lr 9.4659e-06 | norm: 0.5416 | dt: 1656.55ms | img/sec: 2472.60
step 98012 | loss: 1.839698 | lr 9.4006e-06 | norm: 0.5239 | dt: 1679.04ms | img/sec: 2439.48
step 98013 | loss: 1.819418 | lr 9.3354e-06 | norm: 0.5422 | dt: 1705.61ms | img/sec: 2401.48
step 98014 | loss: 1.766026 | lr 9.2705e-06 | norm: 0.5290 | dt: 1660.76ms | img/sec: 2466.34
step 98015 | loss: 1.780929 | lr 9.2057e-06 | norm: 0.5281 | dt: 1689.91ms | img/sec: 2423.80
step 98016 | loss: 1.754332 | lr 9.1411e-06 | norm: 0.5090 | dt: 1653.78ms | img/sec: 2476.75
step 98017 | loss: 1.812416 | lr 9.0767e-06 | norm: 0.5183 | dt: 1648.78ms | img/sec: 2484.26
step 98018 | loss: 1.811410 | lr 9.0124e-06 | norm: 0.5329 | dt: 1719.82ms | img/sec: 2381.64
step 98019 | loss: 1.720994 | lr 8.9484e-06 | norm: 0.5141 | dt: 1647.85ms | img/sec: 2485.67
step 98020 | loss: 1.789149 | lr 8.8845e-06 | norm: 0.5522 | dt: 1647.95ms | img/sec: 2485.51
step 98021 | loss: 1.911644 | lr 8.8208e-06 | norm: 0.5463 | dt: 1694.92ms | img/sec: 2416.64
step 98022 | loss: 1.818097 | lr 8.7573e-06 | norm: 0.5218 | dt: 1784.66ms | img/sec: 2295.12
step 98023 | loss: 1.806123 | lr 8.6940e-06 | norm: 0.5175 | dt: 1649.88ms | img/sec: 2482.61
step 98024 | loss: 1.771680 | lr 8.6308e-06 | norm: 0.5373 | dt: 1661.25ms | img/sec: 2465.61
step 98025 | loss: 1.781328 | lr 8.5679e-06 | norm: 0.5399 | dt: 1691.26ms | img/sec: 2421.86
step 98026 | loss: 1.767443 | lr 8.5051e-06 | norm: 0.5363 | dt: 1689.82ms | img/sec: 2423.92
step 98027 | loss: 1.741848 | lr 8.4425e-06 | norm: 0.5357 | dt: 1709.70ms | img/sec: 2395.75
step 98028 | loss: 1.786066 | lr 8.3801e-06 | norm: 0.5402 | dt: 1696.45ms | img/sec: 2414.46
step 98029 | loss: 1.755903 | lr 8.3179e-06 | norm: 0.5242 | dt: 1689.64ms | img/sec: 2424.19
step 98030 | loss: 1.789858 | lr 8.2559e-06 | norm: 0.5239 | dt: 1714.97ms | img/sec: 2388.38
step 98031 | loss: 1.803735 | lr 8.1940e-06 | norm: 0.5264 | dt: 1710.58ms | img/sec: 2394.50
step 98032 | loss: 1.846083 | lr 8.1324e-06 | norm: 0.5407 | dt: 1646.78ms | img/sec: 2487.27
step 98033 | loss: 1.864664 | lr 8.0709e-06 | norm: 0.5453 | dt: 1647.70ms | img/sec: 2485.88
step 98034 | loss: 1.748102 | lr 8.0097e-06 | norm: 0.5116 | dt: 1642.31ms | img/sec: 2494.05
step 98035 | loss: 1.762573 | lr 7.9486e-06 | norm: 0.5239 | dt: 1741.56ms | img/sec: 2351.91
step 98036 | loss: 1.745406 | lr 7.8877e-06 | norm: 0.5320 | dt: 1659.39ms | img/sec: 2468.38
step 98037 | loss: 1.743149 | lr 7.8270e-06 | norm: 0.5260 | dt: 1690.31ms | img/sec: 2423.23
step 98038 | loss: 1.757632 | lr 7.7665e-06 | norm: 0.5183 | dt: 1737.69ms | img/sec: 2357.15
step 98039 | loss: 1.761809 | lr 7.7062e-06 | norm: 0.5353 | dt: 1842.00ms | img/sec: 2223.67
step 98040 | loss: 1.832540 | lr 7.6461e-06 | norm: 0.5295 | dt: 1645.68ms | img/sec: 2488.95
step 98041 | loss: 1.816535 | lr 7.5862e-06 | norm: 0.5207 | dt: 1701.13ms | img/sec: 2407.81
step 98042 | loss: 1.855838 | lr 7.5265e-06 | norm: 0.5358 | dt: 1735.91ms | img/sec: 2359.57
step 98043 | loss: 1.764281 | lr 7.4670e-06 | norm: 0.5246 | dt: 1786.20ms | img/sec: 2293.14
step 98044 | loss: 1.842444 | lr 7.4077e-06 | norm: 0.5309 | dt: 1656.96ms | img/sec: 2472.00
step 98045 | loss: 1.842787 | lr 7.3486e-06 | norm: 0.5265 | dt: 1648.89ms | img/sec: 2484.09
step 98046 | loss: 1.825512 | lr 7.2897e-06 | norm: 0.5390 | dt: 1708.75ms | img/sec: 2397.07
step 98047 | loss: 1.757339 | lr 7.2309e-06 | norm: 0.5296 | dt: 1695.70ms | img/sec: 2415.52
step 98048 | loss: 1.788416 | lr 7.1724e-06 | norm: 0.5317 | dt: 1719.18ms | img/sec: 2382.53
step 98049 | loss: 1.827036 | lr 7.1141e-06 | norm: 0.5275 | dt: 1658.20ms | img/sec: 2470.14
step 98050 | loss: 1.811892 | lr 7.0560e-06 | norm: 0.5226 | dt: 1662.99ms | img/sec: 2463.04
step 98051 | loss: 1.816204 | lr 6.9981e-06 | norm: 0.5331 | dt: 1780.99ms | img/sec: 2299.84
step 98052 | loss: 1.841382 | lr 6.9404e-06 | norm: 0.5217 | dt: 1668.17ms | img/sec: 2455.38
step 98053 | loss: 1.782817 | lr 6.8829e-06 | norm: 0.5072 | dt: 1657.43ms | img/sec: 2471.30
step 98054 | loss: 1.827651 | lr 6.8256e-06 | norm: 0.5361 | dt: 1642.69ms | img/sec: 2493.46
step 98055 | loss: 1.776817 | lr 6.7685e-06 | norm: 0.5296 | dt: 1705.89ms | img/sec: 2401.09
step 98056 | loss: 1.868003 | lr 6.7116e-06 | norm: 0.5280 | dt: 1657.14ms | img/sec: 2471.72
step 98057 | loss: 1.899920 | lr 6.6549e-06 | norm: 0.5394 | dt: 1683.21ms | img/sec: 2433.45
step 98058 | loss: 1.792991 | lr 6.5985e-06 | norm: 0.5354 | dt: 1650.71ms | img/sec: 2481.35
step 98059 | loss: 1.822909 | lr 6.5422e-06 | norm: 0.5433 | dt: 1658.38ms | img/sec: 2469.88
step 98060 | loss: 1.758152 | lr 6.4861e-06 | norm: 0.5319 | dt: 1646.62ms | img/sec: 2487.51
step 98061 | loss: 1.766120 | lr 6.4303e-06 | norm: 0.5463 | dt: 1704.25ms | img/sec: 2403.40
step 98062 | loss: 1.838226 | lr 6.3747e-06 | norm: 0.5376 | dt: 1687.60ms | img/sec: 2427.12
step 98063 | loss: 1.729298 | lr 6.3192e-06 | norm: 0.5500 | dt: 1704.36ms | img/sec: 2403.24
step 98064 | loss: 1.765553 | lr 6.2640e-06 | norm: 0.5310 | dt: 1654.08ms | img/sec: 2476.31
step 98065 | loss: 1.767794 | lr 6.2090e-06 | norm: 0.5074 | dt: 1791.90ms | img/sec: 2285.84
step 98066 | loss: 1.779537 | lr 6.1542e-06 | norm: 0.5280 | dt: 1704.09ms | img/sec: 2403.63
step 98067 | loss: 1.822163 | lr 6.0996e-06 | norm: 0.5222 | dt: 1723.58ms | img/sec: 2376.46
step 98068 | loss: 1.757461 | lr 6.0453e-06 | norm: 0.5062 | dt: 1684.11ms | img/sec: 2432.14
step 98069 | loss: 1.743575 | lr 5.9911e-06 | norm: 0.5322 | dt: 1756.80ms | img/sec: 2331.51
step 98070 | loss: 1.754977 | lr 5.9372e-06 | norm: 0.5194 | dt: 1701.13ms | img/sec: 2407.81
step 98071 | loss: 1.819173 | lr 5.8835e-06 | norm: 0.5300 | dt: 1645.70ms | img/sec: 2488.92
step 98072 | loss: 1.719208 | lr 5.8300e-06 | norm: 0.5267 | dt: 1650.27ms | img/sec: 2482.01
step 98073 | loss: 1.720594 | lr 5.7767e-06 | norm: 0.5347 | dt: 1691.91ms | img/sec: 2420.93
step 98074 | loss: 1.717097 | lr 5.7236e-06 | norm: 0.5307 | dt: 1651.42ms | img/sec: 2480.30
step 98075 | loss: 1.776666 | lr 5.6708e-06 | norm: 0.5183 | dt: 1683.38ms | img/sec: 2433.20
step 98076 | loss: 1.797532 | lr 5.6181e-06 | norm: 0.5247 | dt: 1654.31ms | img/sec: 2475.95
step 98077 | loss: 1.712621 | lr 5.5657e-06 | norm: 0.5213 | dt: 1687.33ms | img/sec: 2427.50
step 98078 | loss: 1.790758 | lr 5.5135e-06 | norm: 0.5251 | dt: 1754.83ms | img/sec: 2334.13
step 98079 | loss: 1.791849 | lr 5.4615e-06 | norm: 0.5539 | dt: 1682.56ms | img/sec: 2434.38
step 98080 | loss: 1.788668 | lr 5.4098e-06 | norm: 0.5364 | dt: 1643.66ms | img/sec: 2492.00
step 98081 | loss: 1.819226 | lr 5.3582e-06 | norm: 0.5253 | dt: 1650.60ms | img/sec: 2481.53
step 98082 | loss: 1.775714 | lr 5.3069e-06 | norm: 0.5442 | dt: 1729.96ms | img/sec: 2367.68
step 98083 | loss: 1.843835 | lr 5.2558e-06 | norm: 0.5340 | dt: 1650.00ms | img/sec: 2482.42
step 98084 | loss: 1.830666 | lr 5.2050e-06 | norm: 0.5449 | dt: 1767.53ms | img/sec: 2317.35
step 98085 | loss: 1.858230 | lr 5.1543e-06 | norm: 0.5481 | dt: 1654.86ms | img/sec: 2475.13
step 98086 | loss: 1.797115 | lr 5.1039e-06 | norm: 0.5354 | dt: 1652.54ms | img/sec: 2478.61
step 98087 | loss: 1.758719 | lr 5.0537e-06 | norm: 0.5173 | dt: 1649.35ms | img/sec: 2483.41
step 98088 | loss: 1.776250 | lr 5.0037e-06 | norm: 0.5292 | dt: 1644.84ms | img/sec: 2490.21
step 98089 | loss: 1.809884 | lr 4.9540e-06 | norm: 0.5284 | dt: 1681.06ms | img/sec: 2436.56
step 98090 | loss: 1.822544 | lr 4.9045e-06 | norm: 0.5192 | dt: 1749.86ms | img/sec: 2340.75
step 98091 | loss: 1.763027 | lr 4.8552e-06 | norm: 0.5120 | dt: 1690.21ms | img/sec: 2423.37
step 98092 | loss: 1.720111 | lr 4.8061e-06 | norm: 0.5252 | dt: 1656.09ms | img/sec: 2473.29
step 98093 | loss: 1.767604 | lr 4.7573e-06 | norm: 0.5162 | dt: 1656.33ms | img/sec: 2472.94
step 98094 | loss: 1.847356 | lr 4.7087e-06 | norm: 0.5312 | dt: 1652.65ms | img/sec: 2478.45
step 98095 | loss: 1.787819 | lr 4.6603e-06 | norm: 0.5220 | dt: 1655.58ms | img/sec: 2474.06
step 98096 | loss: 1.816502 | lr 4.6122e-06 | norm: 0.5462 | dt: 1709.65ms | img/sec: 2395.81
step 98097 | loss: 1.784386 | lr 4.5642e-06 | norm: 0.5285 | dt: 1723.09ms | img/sec: 2377.12
step 98098 | loss: 1.735474 | lr 4.5166e-06 | norm: 0.5328 | dt: 1661.84ms | img/sec: 2464.74
step 98099 | loss: 1.763195 | lr 4.4691e-06 | norm: 0.5338 | dt: 1661.18ms | img/sec: 2465.72
step 98100 | loss: 1.776395 | lr 4.4219e-06 | norm: 0.5172 | dt: 1657.21ms | img/sec: 2471.62
step 98101 | loss: 1.843163 | lr 4.3749e-06 | norm: 0.5364 | dt: 1695.52ms | img/sec: 2415.78
step 98102 | loss: 1.746464 | lr 4.3281e-06 | norm: 0.5071 | dt: 1650.82ms | img/sec: 2481.20
step 98103 | loss: 1.843276 | lr 4.2816e-06 | norm: 0.5302 | dt: 1643.14ms | img/sec: 2492.78
step 98104 | loss: 1.712848 | lr 4.2353e-06 | norm: 0.5226 | dt: 1648.76ms | img/sec: 2484.29
step 98105 | loss: 1.797895 | lr 4.1893e-06 | norm: 0.5450 | dt: 1652.76ms | img/sec: 2478.28
step 98106 | loss: 1.690650 | lr 4.1434e-06 | norm: 0.5101 | dt: 1663.50ms | img/sec: 2462.28
step 98107 | loss: 1.844214 | lr 4.0978e-06 | norm: 0.5425 | dt: 1707.90ms | img/sec: 2398.26
step 98108 | loss: 1.763817 | lr 4.0525e-06 | norm: 0.5421 | dt: 1642.25ms | img/sec: 2494.13
step 98109 | loss: 1.882862 | lr 4.0074e-06 | norm: 0.5450 | dt: 1731.06ms | img/sec: 2366.19
step 98110 | loss: 1.796149 | lr 3.9625e-06 | norm: 0.5441 | dt: 1642.76ms | img/sec: 2493.36
step 98111 | loss: 1.781522 | lr 3.9179e-06 | norm: 0.5207 | dt: 1697.19ms | img/sec: 2413.40
step 98112 | loss: 1.806058 | lr 3.8735e-06 | norm: 0.5333 | dt: 1710.07ms | img/sec: 2395.22
step 98113 | loss: 1.778752 | lr 3.8293e-06 | norm: 0.5319 | dt: 1724.26ms | img/sec: 2375.51
step 98114 | loss: 1.750718 | lr 3.7854e-06 | norm: 0.5490 | dt: 1652.80ms | img/sec: 2478.22
step 98115 | loss: 1.805790 | lr 3.7417e-06 | norm: 0.5262 | dt: 1670.68ms | img/sec: 2451.70
step 98116 | loss: 1.776781 | lr 3.6983e-06 | norm: 0.5221 | dt: 1644.95ms | img/sec: 2490.04
step 98117 | loss: 1.771289 | lr 3.6551e-06 | norm: 0.5258 | dt: 1642.25ms | img/sec: 2494.13
step 98118 | loss: 1.796111 | lr 3.6121e-06 | norm: 0.5344 | dt: 1656.42ms | img/sec: 2472.81
step 98119 | loss: 1.916485 | lr 3.5694e-06 | norm: 0.5236 | dt: 1648.34ms | img/sec: 2484.93
step 98120 | loss: 1.745641 | lr 3.5269e-06 | norm: 0.5376 | dt: 1826.22ms | img/sec: 2242.88
step 98121 | loss: 1.864468 | lr 3.4847e-06 | norm: 0.5314 | dt: 1699.76ms | img/sec: 2409.75
step 98122 | loss: 1.833130 | lr 3.4427e-06 | norm: 0.5322 | dt: 1839.25ms | img/sec: 2227.00
step 98123 | loss: 1.773537 | lr 3.4009e-06 | norm: 0.5273 | dt: 1648.06ms | img/sec: 2485.34
step 98124 | loss: 1.697897 | lr 3.3594e-06 | norm: 0.5260 | dt: 1644.48ms | img/sec: 2490.76
step 98125 | loss: 1.726409 | lr 3.3182e-06 | norm: 0.5224 | dt: 1688.78ms | img/sec: 2425.42
step 98126 | loss: 1.798645 | lr 3.2771e-06 | norm: 0.5152 | dt: 1677.25ms | img/sec: 2442.09
step 98127 | loss: 1.849059 | lr 3.2364e-06 | norm: 0.5355 | dt: 1694.62ms | img/sec: 2417.06
step 98128 | loss: 1.881099 | lr 3.1958e-06 | norm: 0.5345 | dt: 1654.39ms | img/sec: 2475.84
step 98129 | loss: 1.688465 | lr 3.1556e-06 | norm: 0.5037 | dt: 1742.02ms | img/sec: 2351.29
step 98130 | loss: 1.863461 | lr 3.1155e-06 | norm: 0.5438 | dt: 1697.77ms | img/sec: 2412.58
step 98131 | loss: 1.814559 | lr 3.0757e-06 | norm: 0.5298 | dt: 1641.07ms | img/sec: 2495.94
step 98132 | loss: 1.846295 | lr 3.0362e-06 | norm: 0.5463 | dt: 1643.65ms | img/sec: 2492.02
step 98133 | loss: 1.779019 | lr 2.9969e-06 | norm: 0.5396 | dt: 1686.37ms | img/sec: 2428.89
step 98134 | loss: 1.823899 | lr 2.9579e-06 | norm: 0.5347 | dt: 1710.71ms | img/sec: 2394.32
step 98135 | loss: 1.856696 | lr 2.9191e-06 | norm: 0.5262 | dt: 1661.83ms | img/sec: 2464.75
step 98136 | loss: 1.752715 | lr 2.8805e-06 | norm: 0.5102 | dt: 1649.60ms | img/sec: 2483.02
step 98137 | loss: 1.721457 | lr 2.8422e-06 | norm: 0.5180 | dt: 1645.34ms | img/sec: 2489.45
step 98138 | loss: 1.846721 | lr 2.8042e-06 | norm: 0.5308 | dt: 1643.33ms | img/sec: 2492.49
step 98139 | loss: 1.784897 | lr 2.7664e-06 | norm: 0.5204 | dt: 1653.18ms | img/sec: 2477.65
step 98140 | loss: 1.801039 | lr 2.7289e-06 | norm: 0.5347 | dt: 1648.70ms | img/sec: 2484.38
step 98141 | loss: 1.685703 | lr 2.6916e-06 | norm: 0.5234 | dt: 1688.73ms | img/sec: 2425.50
step 98142 | loss: 1.803657 | lr 2.6545e-06 | norm: 0.5273 | dt: 1693.47ms | img/sec: 2418.71
step 98143 | loss: 1.777598 | lr 2.6178e-06 | norm: 0.5455 | dt: 1706.52ms | img/sec: 2400.20
step 98144 | loss: 1.773206 | lr 2.5812e-06 | norm: 0.5192 | dt: 1702.34ms | img/sec: 2406.11
step 98145 | loss: 1.774648 | lr 2.5449e-06 | norm: 0.5286 | dt: 1645.96ms | img/sec: 2488.51
step 98146 | loss: 1.864041 | lr 2.5089e-06 | norm: 0.5154 | dt: 1665.37ms | img/sec: 2459.51
step 98147 | loss: 1.756879 | lr 2.4731e-06 | norm: 0.5258 | dt: 1650.84ms | img/sec: 2481.16
step 98148 | loss: 1.737328 | lr 2.4376e-06 | norm: 0.5272 | dt: 1662.44ms | img/sec: 2463.85
step 98149 | loss: 1.817458 | lr 2.4024e-06 | norm: 0.5347 | dt: 1648.02ms | img/sec: 2485.40
step 98150 | loss: 1.867239 | lr 2.3673e-06 | norm: 0.5495 | dt: 1655.94ms | img/sec: 2473.52
step 98151 | loss: 1.755989 | lr 2.3326e-06 | norm: 0.5238 | dt: 1701.28ms | img/sec: 2407.60
step 98152 | loss: 1.801711 | lr 2.2981e-06 | norm: 0.5495 | dt: 1669.15ms | img/sec: 2453.94
step 98153 | loss: 1.916006 | lr 2.2639e-06 | norm: 0.5556 | dt: 1716.31ms | img/sec: 2386.51
step 98154 | loss: 1.786574 | lr 2.2299e-06 | norm: 0.5276 | dt: 1655.80ms | img/sec: 2473.73
step 98155 | loss: 1.789922 | lr 2.1961e-06 | norm: 0.5310 | dt: 1703.01ms | img/sec: 2405.16
step 98156 | loss: 1.805678 | lr 2.1627e-06 | norm: 0.5391 | dt: 1680.42ms | img/sec: 2437.49
step 98157 | loss: 1.771010 | lr 2.1295e-06 | norm: 0.5208 | dt: 1653.03ms | img/sec: 2477.88
step 98158 | loss: 1.828716 | lr 2.0965e-06 | norm: 0.5423 | dt: 1646.15ms | img/sec: 2488.22
step 98159 | loss: 1.822244 | lr 2.0638e-06 | norm: 0.5311 | dt: 1640.94ms | img/sec: 2496.14
step 98160 | loss: 1.798719 | lr 2.0314e-06 | norm: 0.5189 | dt: 1645.36ms | img/sec: 2489.43
step 98161 | loss: 1.760991 | lr 1.9992e-06 | norm: 0.5146 | dt: 1651.35ms | img/sec: 2480.39
step 98162 | loss: 1.836304 | lr 1.9673e-06 | norm: 0.5376 | dt: 1660.37ms | img/sec: 2466.92
step 98163 | loss: 1.839189 | lr 1.9356e-06 | norm: 0.5424 | dt: 1662.04ms | img/sec: 2464.45
step 98164 | loss: 1.810646 | lr 1.9042e-06 | norm: 0.5302 | dt: 1644.17ms | img/sec: 2491.23
step 98165 | loss: 1.732490 | lr 1.8731e-06 | norm: 0.5251 | dt: 1667.15ms | img/sec: 2456.89
step 98166 | loss: 1.799546 | lr 1.8422e-06 | norm: 0.5287 | dt: 1648.07ms | img/sec: 2485.33
step 98167 | loss: 1.823248 | lr 1.8116e-06 | norm: 0.5253 | dt: 1743.17ms | img/sec: 2349.74
step 98168 | loss: 1.743149 | lr 1.7813e-06 | norm: 0.5220 | dt: 1676.28ms | img/sec: 2443.51
step 98169 | loss: 1.845304 | lr 1.7512e-06 | norm: 0.5325 | dt: 1703.41ms | img/sec: 2404.58
step 98170 | loss: 1.723505 | lr 1.7213e-06 | norm: 0.5275 | dt: 1734.72ms | img/sec: 2361.19
step 98171 | loss: 1.689032 | lr 1.6918e-06 | norm: 0.5138 | dt: 1703.19ms | img/sec: 2404.89
step 98172 | loss: 1.714113 | lr 1.6625e-06 | norm: 0.5184 | dt: 1681.45ms | img/sec: 2435.99
step 98173 | loss: 1.762885 | lr 1.6334e-06 | norm: 0.5231 | dt: 1646.39ms | img/sec: 2487.86
step 98174 | loss: 1.780668 | lr 1.6047e-06 | norm: 0.5272 | dt: 1643.02ms | img/sec: 2492.96
step 98175 | loss: 1.870913 | lr 1.5762e-06 | norm: 0.5440 | dt: 1710.96ms | img/sec: 2393.97
step 98176 | loss: 1.772302 | lr 1.5479e-06 | norm: 0.5342 | dt: 1698.88ms | img/sec: 2411.00
step 98177 | loss: 1.775951 | lr 1.5199e-06 | norm: 0.5262 | dt: 1721.82ms | img/sec: 2378.87
step 98178 | loss: 1.821469 | lr 1.4922e-06 | norm: 0.5343 | dt: 1668.44ms | img/sec: 2454.99
step 98179 | loss: 1.846514 | lr 1.4648e-06 | norm: 0.5387 | dt: 1660.31ms | img/sec: 2467.00
step 98180 | loss: 1.738491 | lr 1.4376e-06 | norm: 0.5127 | dt: 1690.01ms | img/sec: 2423.65
step 98181 | loss: 1.842748 | lr 1.4107e-06 | norm: 0.5509 | dt: 1648.46ms | img/sec: 2484.75
step 98182 | loss: 1.760799 | lr 1.3840e-06 | norm: 0.5317 | dt: 1679.41ms | img/sec: 2438.96
step 98183 | loss: 1.768925 | lr 1.3576e-06 | norm: 0.5304 | dt: 1659.91ms | img/sec: 2467.60
step 98184 | loss: 1.766831 | lr 1.3315e-06 | norm: 0.5192 | dt: 1644.20ms | img/sec: 2491.19
step 98185 | loss: 1.768506 | lr 1.3057e-06 | norm: 0.5138 | dt: 1750.70ms | img/sec: 2339.64
step 98186 | loss: 1.810878 | lr 1.2801e-06 | norm: 0.5306 | dt: 1724.21ms | img/sec: 2375.58
step 98187 | loss: 1.741868 | lr 1.2548e-06 | norm: 0.5311 | dt: 1781.48ms | img/sec: 2299.22
step 98188 | loss: 1.693556 | lr 1.2297e-06 | norm: 0.5096 | dt: 1657.63ms | img/sec: 2470.99
step 98189 | loss: 1.718146 | lr 1.2049e-06 | norm: 0.4970 | dt: 1729.78ms | img/sec: 2367.93
step 98190 | loss: 1.786307 | lr 1.1804e-06 | norm: 0.5365 | dt: 1684.38ms | img/sec: 2431.76
step 98191 | loss: 1.736164 | lr 1.1562e-06 | norm: 0.5169 | dt: 1740.72ms | img/sec: 2353.05
step 98192 | loss: 1.849238 | lr 1.1322e-06 | norm: 0.5412 | dt: 1730.59ms | img/sec: 2366.83
step 98193 | loss: 1.793884 | lr 1.1085e-06 | norm: 0.5215 | dt: 1738.10ms | img/sec: 2356.60
step 98194 | loss: 1.751948 | lr 1.0851e-06 | norm: 0.5081 | dt: 1674.04ms | img/sec: 2446.78
step 98195 | loss: 1.873183 | lr 1.0619e-06 | norm: 0.5330 | dt: 1644.16ms | img/sec: 2491.25
step 98196 | loss: 1.831264 | lr 1.0390e-06 | norm: 0.5261 | dt: 1649.81ms | img/sec: 2482.71
step 98197 | loss: 1.815872 | lr 1.0164e-06 | norm: 0.5268 | dt: 1650.26ms | img/sec: 2482.03
step 98198 | loss: 1.754835 | lr 9.9404e-07 | norm: 0.5116 | dt: 1641.42ms | img/sec: 2495.40
step 98199 | loss: 1.736328 | lr 9.7196e-07 | norm: 0.5230 | dt: 1641.11ms | img/sec: 2495.88
step 98200 | loss: 1.798648 | lr 9.5015e-07 | norm: 0.5360 | dt: 1650.64ms | img/sec: 2481.46
step 98201 | loss: 1.770910 | lr 9.2861e-07 | norm: 0.5376 | dt: 1687.85ms | img/sec: 2426.76
step 98202 | loss: 1.798154 | lr 9.0735e-07 | norm: 0.5302 | dt: 1707.28ms | img/sec: 2399.14
step 98203 | loss: 1.767541 | lr 8.8635e-07 | norm: 0.5312 | dt: 1705.83ms | img/sec: 2401.17
step 98204 | loss: 1.824283 | lr 8.6563e-07 | norm: 0.5164 | dt: 1642.88ms | img/sec: 2493.19
step 98205 | loss: 1.787528 | lr 8.4518e-07 | norm: 0.5295 | dt: 1676.83ms | img/sec: 2442.71
step 98206 | loss: 1.832679 | lr 8.2500e-07 | norm: 0.5299 | dt: 1670.87ms | img/sec: 2451.42
step 98207 | loss: 1.772871 | lr 8.0510e-07 | norm: 0.5453 | dt: 1691.69ms | img/sec: 2421.25
step 98208 | loss: 1.805883 | lr 7.8547e-07 | norm: 0.5212 | dt: 1716.65ms | img/sec: 2386.04
step 98209 | loss: 1.887079 | lr 7.6611e-07 | norm: 0.5443 | dt: 1651.37ms | img/sec: 2480.37
step 98210 | loss: 1.755107 | lr 7.4702e-07 | norm: 0.5487 | dt: 1663.11ms | img/sec: 2462.86
step 98211 | loss: 1.810876 | lr 7.2821e-07 | norm: 0.5241 | dt: 1683.32ms | img/sec: 2433.28
step 98212 | loss: 1.738355 | lr 7.0968e-07 | norm: 0.5208 | dt: 1674.44ms | img/sec: 2446.20
step 98213 | loss: 1.827038 | lr 6.9141e-07 | norm: 0.5118 | dt: 1646.90ms | img/sec: 2487.10
step 98214 | loss: 1.760688 | lr 6.7343e-07 | norm: 0.5234 | dt: 1652.05ms | img/sec: 2479.34
step 98215 | loss: 1.808368 | lr 6.5571e-07 | norm: 0.5394 | dt: 1655.20ms | img/sec: 2474.63
step 98216 | loss: 1.775483 | lr 6.3827e-07 | norm: 0.5251 | dt: 1703.37ms | img/sec: 2404.65
step 98217 | loss: 1.727981 | lr 6.2111e-07 | norm: 0.5263 | dt: 1650.90ms | img/sec: 2481.08
step 98218 | loss: 1.851328 | lr 6.0422e-07 | norm: 0.5328 | dt: 1649.50ms | img/sec: 2483.17
step 98219 | loss: 1.715367 | lr 5.8761e-07 | norm: 0.5418 | dt: 1678.19ms | img/sec: 2440.73
step 98220 | loss: 1.741274 | lr 5.7127e-07 | norm: 0.5251 | dt: 1724.50ms | img/sec: 2375.18
step 98221 | loss: 1.800087 | lr 5.5521e-07 | norm: 0.5355 | dt: 1786.43ms | img/sec: 2292.84
step 98222 | loss: 1.788848 | lr 5.3943e-07 | norm: 0.5246 | dt: 1715.15ms | img/sec: 2388.13
step 98223 | loss: 1.755482 | lr 5.2392e-07 | norm: 0.5241 | dt: 1643.53ms | img/sec: 2492.20
step 98224 | loss: 1.702564 | lr 5.0868e-07 | norm: 0.5107 | dt: 1769.08ms | img/sec: 2315.32
step 98225 | loss: 1.794883 | lr 4.9373e-07 | norm: 0.5341 | dt: 1647.28ms | img/sec: 2486.52
step 98226 | loss: 1.843667 | lr 4.7905e-07 | norm: 0.5447 | dt: 1647.22ms | img/sec: 2486.61
step 98227 | loss: 1.832598 | lr 4.6464e-07 | norm: 0.5494 | dt: 1641.08ms | img/sec: 2495.92
step 98228 | loss: 1.868648 | lr 4.5052e-07 | norm: 0.5220 | dt: 1702.43ms | img/sec: 2405.97
step 98229 | loss: 1.826698 | lr 4.3667e-07 | norm: 0.5432 | dt: 1651.59ms | img/sec: 2480.03
step 98230 | loss: 1.656625 | lr 4.2310e-07 | norm: 0.5146 | dt: 1757.86ms | img/sec: 2330.10
step 98231 | loss: 1.847008 | lr 4.0980e-07 | norm: 0.5409 | dt: 1711.15ms | img/sec: 2393.71
step 98232 | loss: 1.744895 | lr 3.9678e-07 | norm: 0.5151 | dt: 1645.92ms | img/sec: 2488.58
step 98233 | loss: 1.748824 | lr 3.8405e-07 | norm: 0.5340 | dt: 1694.46ms | img/sec: 2417.29
step 98234 | loss: 1.774610 | lr 3.7158e-07 | norm: 0.5050 | dt: 1640.23ms | img/sec: 2497.21
step 98235 | loss: 1.788982 | lr 3.5940e-07 | norm: 0.5281 | dt: 1648.58ms | img/sec: 2484.56
step 98236 | loss: 1.746456 | lr 3.4750e-07 | norm: 0.5320 | dt: 1682.96ms | img/sec: 2433.81
step 98237 | loss: 1.766956 | lr 3.3587e-07 | norm: 0.5225 | dt: 1697.96ms | img/sec: 2412.31
step 98238 | loss: 1.773549 | lr 3.2452e-07 | norm: 0.5145 | dt: 1653.48ms | img/sec: 2477.19
step 98239 | loss: 1.799191 | lr 3.1345e-07 | norm: 0.5173 | dt: 1640.76ms | img/sec: 2496.40
step 98240 | loss: 1.777370 | lr 3.0266e-07 | norm: 0.5240 | dt: 1649.29ms | img/sec: 2483.49
step 98241 | loss: 1.706262 | lr 2.9215e-07 | norm: 0.5281 | dt: 1649.34ms | img/sec: 2483.42
step 98242 | loss: 1.780346 | lr 2.8191e-07 | norm: 0.5277 | dt: 1646.30ms | img/sec: 2488.01
step 98243 | loss: 1.762059 | lr 2.7196e-07 | norm: 0.5203 | dt: 1653.11ms | img/sec: 2477.76
step 98244 | loss: 1.858044 | lr 2.6228e-07 | norm: 0.5308 | dt: 1711.53ms | img/sec: 2393.19
step 98245 | loss: 1.778744 | lr 2.5289e-07 | norm: 0.5315 | dt: 1650.52ms | img/sec: 2481.65
step 98246 | loss: 1.771211 | lr 2.4377e-07 | norm: 0.4986 | dt: 1650.40ms | img/sec: 2481.83
step 98247 | loss: 1.757584 | lr 2.3493e-07 | norm: 0.5150 | dt: 1742.04ms | img/sec: 2351.26
step 98248 | loss: 1.815329 | lr 2.2638e-07 | norm: 0.5226 | dt: 1825.18ms | img/sec: 2244.16
step 98249 | loss: 1.776205 | lr 2.1810e-07 | norm: 0.5232 | dt: 1669.26ms | img/sec: 2453.78
step 98250 | loss: 1.676561 | lr 2.1010e-07 | norm: 0.5163 | dt: 1794.31ms | img/sec: 2282.77
step 98251 | loss: 1.767130 | lr 2.0238e-07 | norm: 0.5132 | dt: 1644.41ms | img/sec: 2490.86
step 98252 | loss: 1.842066 | lr 1.9494e-07 | norm: 0.5415 | dt: 1654.57ms | img/sec: 2475.57
step 98253 | loss: 1.835669 | lr 1.8778e-07 | norm: 0.5551 | dt: 1678.34ms | img/sec: 2440.51
step 98254 | loss: 1.839824 | lr 1.8091e-07 | norm: 0.5374 | dt: 1706.31ms | img/sec: 2400.51
step 98255 | loss: 1.796574 | lr 1.7431e-07 | norm: 0.5104 | dt: 1640.37ms | img/sec: 2497.00
step 98256 | loss: 1.813628 | lr 1.6799e-07 | norm: 0.5351 | dt: 1647.46ms | img/sec: 2486.26
step 98257 | loss: 1.754839 | lr 1.6195e-07 | norm: 0.5159 | dt: 1653.04ms | img/sec: 2477.86
step 98258 | loss: 1.789551 | lr 1.5619e-07 | norm: 0.5325 | dt: 1648.54ms | img/sec: 2484.62
step 98259 | loss: 1.832471 | lr 1.5072e-07 | norm: 0.5429 | dt: 1662.80ms | img/sec: 2463.32
step 98260 | loss: 1.784331 | lr 1.4552e-07 | norm: 0.5407 | dt: 1644.53ms | img/sec: 2490.68
step 98261 | loss: 1.741825 | lr 1.4060e-07 | norm: 0.5298 | dt: 1702.73ms | img/sec: 2405.55
step 98262 | loss: 1.803443 | lr 1.3597e-07 | norm: 0.5320 | dt: 1705.08ms | img/sec: 2402.23
step 98263 | loss: 1.852894 | lr 1.3161e-07 | norm: 0.5212 | dt: 1714.04ms | img/sec: 2389.67
step 98264 | loss: 1.793765 | lr 1.2754e-07 | norm: 0.5282 | dt: 1655.30ms | img/sec: 2474.47
step 98265 | loss: 1.749098 | lr 1.2375e-07 | norm: 0.5483 | dt: 1666.65ms | img/sec: 2457.63
step 98266 | loss: 1.732991 | lr 1.2023e-07 | norm: 0.5304 | dt: 1697.82ms | img/sec: 2412.51
step 98267 | loss: 1.785056 | lr 1.1700e-07 | norm: 0.5156 | dt: 1707.19ms | img/sec: 2399.26
step 98268 | loss: 1.804587 | lr 1.1405e-07 | norm: 0.5331 | dt: 1641.83ms | img/sec: 2494.77
step 98269 | loss: 1.840652 | lr 1.1138e-07 | norm: 0.5286 | dt: 1690.07ms | img/sec: 2423.57
step 98270 | loss: 1.779893 | lr 1.0899e-07 | norm: 0.5403 | dt: 1697.47ms | img/sec: 2413.01
step 98271 | loss: 1.806344 | lr 1.0689e-07 | norm: 0.5292 | dt: 1649.78ms | img/sec: 2482.76
step 98272 | loss: 1.749642 | lr 1.0506e-07 | norm: 0.5280 | dt: 1653.15ms | img/sec: 2477.69
step 98273 | loss: 1.794537 | lr 1.0351e-07 | norm: 0.5504 | dt: 1721.51ms | img/sec: 2379.31
step 98274 | loss: 1.868290 | lr 1.0225e-07 | norm: 0.5448 | dt: 1687.59ms | img/sec: 2427.13
step 98275 | loss: 1.840274 | lr 1.0126e-07 | norm: 0.5496 | dt: 1644.28ms | img/sec: 2491.06
step 98276 | loss: 1.795843 | lr 1.0056e-07 | norm: 0.5266 | dt: 1725.86ms | img/sec: 2373.30
step 98277 | val_loss 1.7036 | val_acc 59.33%
step 98277 | loss: 1.770547 | lr 1.0014e-07 | norm: 0.5349 | dt: 4045.26ms | img/sec: 1012.54
--- Saved checkpoint at step 98277 ---
